Workbook

Sheet Low
A1: Country | B1: Austria | C1: Belgium | D1: Australia | E1: Bulgaria | F1: Canada | G1: Czech Republic | H1: Denmark | I1: Finland | J1: France | K1: Germany | L1: Greece | M1: Hungary | N1: Ireland | O1: Italy | P1: Japan | Q1: Latvia | R1: Lithuania | S1: Netherlands | T1: New Zealand | U1: Norway | V1: Poland | W1: Portugal | X1: Romania | Y1: Slovenia | Z1: Spain | AA1: Sweden | AB1: Switzerland | AC1: Turkey | AD1: United Kingdom | AE1: US | AF1: China | AG1: South Korea | AH1: India | AI1: Indonesia | AJ1: Malaysia | AK1: Pakistan | AL1: Philippines | AM1: Singapore | AN1: Taiwan | AO1: Thailand | AP1: Vietnam | AQ1: Iran | AR1: Israel | AS1: Kenya | AT1: Nigeria | AU1: Oman | AV1: Saudi Arabia | AW1: South Africa | AX1: UAE | AY1: Argentina | AZ1: Brazil | BA1: Chile | BB1: Colombia | BC1: Mexico | BD1: Peru | BE1: Russia | BF1: Ukraine
A3: Year
A5: 2028 | B5: 9.3561198e+08 | C5: 9.5551862e+08 | D5: 7.8231754e+09 | E5: 5.9719913e+08 | F5: 3.0905096e+09 | G5: 1.0351452e+09 | H5: 1.154585e+09 | I5: 1.5527178e+09 | J5: 5.4345121e+09 | K5: 9.0973335e+09 | L5: 3.9813276e+08 | M5: 3.7822612e+08 | N5: 2.4485165e+09 | O5: 3.5632882e+09 | P5: 5.5577772e+09 | Q5: 4.9766595e+08 | R5: 3.7822612e+08 | S5: 3.8220745e+09 | T5: 1.6612921e+09 | U5: 1.4730912e+09 | V5: 1.7517841e+09 | W5: 8.3607879e+08 | X5: 1.1943983e+09 | Y5: 4.1803939e+08 | Z5: 3.4239417e+09 | AA5: 2.0503837e+09 | AB5: 2.2693567e+09 | AC5: 1.6522509e+09 | AD5: 8.8385472e+09 | AE5: 1.8905616e+11 | AF5: 9.9982671e+10 | AG5: 2.5372461e+09 | AH5: 8.0044073e+09 | AI5: 4.2891541e+09 | AJ5: 3.2621735e+09 | AK5: 6.6451683e+08 | AL5: 7.5513277e+08 | AM5: 2.2653983e+09 | AN5: 6.6451683e+08 | AO5: 1.5102655e+09 | AP5: 8.7595401e+08 | AQ5: 1.0774232e+08 | AR5: 3.016785e+08 | AS5: 2.1617256e+08 | AT5: 1.9341756e+08 | AU5: 80806740 | AV5: 2.3164599e+08 | AW5: 6.3714018e+08 | AX5: 3.016785e+08 | AY5: 1.3045978e+08 | AZ5: 7.0985471e+08 | BA5: 2.4557136e+08 | BB5: 1.534821e+08 | BC5: 6.582674e+08 | BD5: 57555787 | BE5: 4.3676883e+09 | BF5: 7.365456e+08
A6: 2029 | B6: 1.1397646e+09 | C6: 1.164015e+09 | D6: 9.7838676e+09 | E6: 7.2750935e+08 | F6: 3.792218e+09 | G6: 1.2610162e+09 | H6: 1.4065181e+09 | I6: 1.8915243e+09 | J6: 6.6203351e+09 | K6: 1.1082392e+10 | L6: 4.8500623e+08 | M6: 4.6075592e+08 | N6: 2.9827883e+09 | O6: 4.3408058e+09 | P6: 6.9507013e+09 | Q6: 6.0625779e+08 | R6: 4.6075592e+08 | S6: 4.6560598e+09 | T6: 2.0776553e+09 | U6: 1.7945231e+09 | V6: 2.1340274e+09 | W6: 1.0185131e+09 | X6: 1.4550187e+09 | Y6: 5.0925654e+08 | Z6: 4.1710536e+09 | AA6: 2.4977821e+09 | AB6: 2.7645355e+09 | AC6: 2.0127759e+09 | AD6: 1.0767138e+10 | AE6: 2.3760469e+11 | AF6: 1.284398e+11 | AG6: 3.1731462e+09 | AH6: 1.0010521e+10 | AI6: 5.3641282e+09 | AJ6: 4.0797594e+09 | AK6: 8.3106211e+08 | AL6: 9.4438876e+08 | AM6: 2.8331663e+09 | AN6: 8.3106211e+08 | AO6: 1.8887775e+09 | AP6: 1.095491e+09 | AQ6: 1.3309227e+08 | AR6: 3.7265834e+08 | AS6: 2.687302e+08 | AT6: 2.4044281e+08 | AU6: 99819200 | AV6: 2.8614837e+08 | AW6: 7.9204692e+08 | AX6: 3.7265834e+08 | AY6: 1.6177454e+08 | AZ6: 8.8024384e+08 | BA6: 3.0451679e+08 | BB6: 1.9032299e+08 | BC6: 8.0772874e+08 | BD6: 71371122 | BE6: 5.4014955e+09 | BF6: 8.9726153e+08
A7: 2030 | B7: 1.2770386e+09 | C7: 1.3042096e+09 | D7: 1.1283829e+10 | E7: 8.15131e+08 | F7: 4.2830107e+09 | G7: 1.4128937e+09 | H7: 1.5759199e+09 | I7: 2.1193406e+09 | J7: 7.4176921e+09 | K7: 1.2417162e+10 | L7: 5.4342067e+08 | M7: 5.1624964e+08 | N7: 3.3420371e+09 | O7: 4.863615e+09 | P7: 8.0163108e+09 | Q7: 6.7927584e+08 | R7: 5.1624964e+08 | S7: 5.2168384e+09 | T7: 2.3961798e+09 | U7: 2.0106565e+09 | V7: 2.3910509e+09 | W7: 1.1411834e+09 | X7: 1.630262e+09 | Y7: 5.705917e+08 | Z7: 4.6734178e+09 | AA7: 2.7986164e+09 | AB7: 3.0974978e+09 | AC7: 2.2551958e+09 | AD7: 1.2063939e+10 | AE7: 2.7551537e+11 | AF7: 1.5254729e+11 | AG7: 3.6596201e+09 | AH7: 1.154523e+10 | AI7: 6.1865007e+09 | AJ7: 4.7052259e+09 | AK7: 9.5847194e+08 | AL7: 1.0891727e+09 | AM7: 3.267518e+09 | AN7: 9.5847194e+08 | AO7: 2.1783453e+09 | AP7: 1.2634403e+09 | AQ7: 1.5142791e+08 | AR7: 4.2399814e+08 | AS7: 3.078885e+08 | AT7: 2.7547918e+08 | AU7: 1.1357093e+08 | AV7: 3.2557e+08 | AW7: 9.0746083e+08 | AX7: 4.2399814e+08 | AY7: 1.8484051e+08 | AZ7: 1.0057498e+09 | BA7: 3.4793508e+08 | BB7: 2.1745943e+08 | BC7: 9.1226582e+08 | BD7: 81547285 | BE7: 6.1533664e+09 | BF7: 1.0053282e+09
A8: 2031 | B8: 1.3263278e+09 | C8: 1.3545476e+09 | D8: 1.2060947e+10 | E8: 8.4659222e+08 | F8: 4.4840841e+09 | G8: 1.4674265e+09 | H8: 1.636745e+09 | I8: 2.2011398e+09 | J8: 7.7039892e+09 | K8: 1.2896421e+10 | L8: 5.6439481e+08 | M8: 5.3617507e+08 | N8: 3.4710281e+09 | O8: 5.0513336e+09 | P8: 8.5683945e+09 | Q8: 7.0549352e+08 | R8: 5.3617507e+08 | S8: 5.4181902e+09 | T8: 2.5612049e+09 | U8: 2.0882608e+09 | V8: 2.4833372e+09 | W8: 1.1852291e+09 | X8: 1.6931844e+09 | Y8: 5.9261455e+08 | Z8: 4.8537954e+09 | AA8: 2.9066333e+09 | AB8: 3.2170504e+09 | AC8: 2.3422385e+09 | AD8: 1.2529565e+10 | AE8: 2.9604951e+11 | AF8: 1.6775158e+11 | AG8: 3.9116584e+09 | AH8: 1.2340351e+10 | AI8: 6.6125653e+09 | AJ8: 5.029275e+09 | AK8: 1.024482e+09 | AL8: 1.164184e+09 | AM8: 3.4925521e+09 | AN8: 1.024482e+09 | AO8: 2.3283681e+09 | AP8: 1.3504535e+09 | AQ8: 1.59704e+08 | AR8: 4.4717119e+08 | AS8: 3.2696133e+08 | AT8: 2.9254435e+08 | AU8: 1.19778e+08 | AV8: 3.433636e+08 | AW8: 9.6367549e+08 | AX8: 4.4717119e+08 | AY8: 1.9576024e+08 | AZ8: 1.065166e+09 | BA8: 3.6848987e+08 | BB8: 2.3030617e+08 | BC8: 9.5509373e+08 | BD8: 86364814 | BE8: 6.4977672e+09 | BF8: 1.0441304e+09
A9: 2032 | B9: 1.2883583e+09 | C9: 1.3157702e+09 | D9: 1.2037936e+10 | E9: 8.2235636e+08 | F9: 4.389123e+09 | G9: 1.4254177e+09 | H9: 1.589889e+09 | I9: 2.1381265e+09 | J9: 7.4834428e+09 | K9: 1.2527228e+10 | L9: 5.4823757e+08 | M9: 5.2082569e+08 | N9: 3.3716611e+09 | O9: 4.9067263e+09 | P9: 8.5520473e+09 | Q9: 6.8529696e+08 | R9: 5.2082569e+08 | S9: 5.2630807e+09 | T9: 2.5563185e+09 | U9: 2.028479e+09 | V9: 2.4122453e+09 | W9: 1.1512989e+09 | X9: 1.6447127e+09 | Y9: 5.7564945e+08 | Z9: 4.7148431e+09 | AA9: 2.8234235e+09 | AB9: 3.1249542e+09 | AC9: 2.2751859e+09 | AD9: 1.2170874e+10 | AE9: 2.9693719e+11 | AF9: 1.7185323e+11 | AG9: 3.9041955e+09 | AH9: 1.2316807e+10 | AI9: 6.5999496e+09 | AJ9: 5.01968e+09 | AK9: 1.0225274e+09 | AL9: 1.161963e+09 | AM9: 3.4858889e+09 | AN9: 1.0225274e+09 | AO9: 2.3239259e+09 | AP9: 1.347877e+09 | AQ9: 1.5741139e+08 | AR9: 4.407519e+08 | AS9: 3.2436291e+08 | AT9: 2.9021945e+08 | AU9: 1.1805854e+08 | AV9: 3.3843449e+08 | AW9: 9.5601701e+08 | AX9: 4.407519e+08 | AY9: 1.9371184e+08 | AZ9: 1.0540203e+09 | BA9: 3.6463406e+08 | BB9: 2.2789629e+08 | BC9: 9.3486735e+08 | BD9: 85461108 | BE9: 6.412024e+09 | BF9: 1.0142395e+09
A10: 2033 | B10: 1.2562433e+09 | C10: 1.2829719e+09 | D10: 1.197041e+10 | E10: 8.0185744e+08 | F10: 4.3034936e+09 | G10: 1.3898862e+09 | H10: 1.5502577e+09 | I10: 2.0848293e+09 | J10: 7.2969027e+09 | K10: 1.2214962e+10 | L10: 5.3457163e+08 | M10: 5.0784304e+08 | N10: 3.2876155e+09 | O10: 4.7844161e+09 | P10: 8.5040752e+09 | Q10: 6.6821453e+08 | R10: 5.0784304e+08 | S10: 5.1318876e+09 | T10: 2.541979e+09 | U10: 1.977915e+09 | V10: 2.3521152e+09 | W10: 1.1226004e+09 | X10: 1.6037149e+09 | Y10: 5.6130021e+08 | Z10: 4.597316e+09 | AA10: 2.7530439e+09 | AB10: 3.0470583e+09 | AC10: 2.2184722e+09 | AD10: 1.186749e+10 | AE10: 2.9631494e+11 | AF10: 1.7411362e+11 | AG10: 3.8822952e+09 | AH10: 1.2247717e+10 | AI10: 6.5629276e+09 | AJ10: 4.9915224e+09 | AK10: 1.0167916e+09 | AL10: 1.155445e+09 | AM10: 3.466335e+09 | AN10: 1.0167916e+09 | AO10: 2.31089e+09 | AP10: 1.3403162e+09 | AQ10: 1.551179e+08 | AR10: 4.3433011e+08 | AS10: 3.2113592e+08 | AT10: 2.8733213e+08 | AU10: 1.1633842e+08 | AV10: 3.3350348e+08 | AW10: 9.4650585e+08 | AX10: 4.3433011e+08 | AY10: 1.9143349e+08 | AZ10: 1.0416234e+09 | BA10: 3.603454e+08 | BB10: 2.2521588e+08 | BC10: 9.1662861e+08 | BD10: 84455953 | BE10: 6.3239706e+09 | BF10: 9.8895751e+08
A11: 2034 | B11: 1.2386253e+09 | C11: 1.2649791e+09 | D11: 1.1936376e+10 | E11: 7.9061192e+08 | F11: 4.256645e+09 | G11: 1.370394e+09 | H11: 1.5285164e+09 | I11: 2.055591e+09 | J11: 7.1945685e+09 | K11: 1.2043655e+10 | L11: 5.2707462e+08 | M11: 5.0072088e+08 | N11: 3.2415089e+09 | O11: 4.7173178e+09 | P11: 8.4798967e+09 | Q11: 6.5884327e+08 | R11: 5.0072088e+08 | S11: 5.0599163e+09 | T11: 2.5347517e+09 | U11: 1.9501761e+09 | V11: 2.3191283e+09 | W11: 1.1068567e+09 | X11: 1.5812238e+09 | Y11: 5.5342835e+08 | Z11: 4.5328417e+09 | AA11: 2.7144343e+09 | AB11: 3.0043253e+09 | AC11: 2.1873597e+09 | AD11: 1.1701056e+10 | AE11: 2.9607453e+11 | AF11: 1.7550697e+11 | AG11: 3.8712572e+09 | AH11: 1.2212895e+10 | AI11: 6.5442681e+09 | AJ11: 4.9773307e+09 | AK11: 1.0139007e+09 | AL11: 1.1521599e+09 | AM11: 3.4564796e+09 | AN11: 1.0139007e+09 | AO11: 2.3043198e+09 | AP11: 1.3365055e+09 | AQ11: 1.5387279e+08 | AR11: 4.3084381e+08 | AS11: 3.194169e+08 | AT11: 2.8579407e+08 | AU11: 1.1540459e+08 | AV11: 3.308265e+08 | AW11: 9.4143928e+08 | AX11: 4.3084381e+08 | AY11: 1.90208e+08 | AZ11: 1.0349553e+09 | BA11: 3.5803858e+08 | BB11: 2.2377411e+08 | BC11: 9.0665002e+08 | BD11: 83915292 | BE11: 6.2762742e+09 | BF11: 9.7508804e+08
A12: 2035 | B12: 1.2339923e+09 | C12: 1.2602474e+09 | D12: 1.192809e+10 | E12: 7.8765464e+08 | F12: 4.2443631e+09 | G12: 1.365268e+09 | H12: 1.522799e+09 | I12: 2.0479021e+09 | J12: 7.1676573e+09 | K12: 1.1998606e+10 | L12: 5.251031e+08 | M12: 4.9884794e+08 | N12: 3.229384e+09 | O12: 4.6996727e+09 | P12: 8.4740097e+09 | Q12: 6.5637887e+08 | R12: 4.9884794e+08 | S12: 5.0409897e+09 | T12: 2.532992e+09 | U12: 1.9428815e+09 | V12: 2.3104536e+09 | W12: 1.1027165e+09 | X12: 1.5753093e+09 | Y12: 5.5135825e+08 | Z12: 4.5158866e+09 | AA12: 2.7042809e+09 | AB12: 2.9930876e+09 | AC12: 2.1791778e+09 | AD12: 1.1657289e+10 | AE12: 2.9603284e+11 | AF12: 1.7590357e+11 | AG12: 3.8685696e+09 | AH12: 1.2204416e+10 | AI12: 6.5397248e+09 | AJ12: 4.9738752e+09 | AK12: 1.0131968e+09 | AL12: 1.15136e+09 | AM12: 3.45408e+09 | AN12: 1.0131968e+09 | AO12: 2.30272e+09 | AP12: 1.3355776e+09 | AQ12: 1.5354869e+08 | AR12: 4.2993632e+08 | AS12: 3.1897678e+08 | AT12: 2.8540028e+08 | AU12: 1.1516152e+08 | AV12: 3.3012968e+08 | AW12: 9.4014209e+08 | AX12: 4.2993632e+08 | AY12: 1.8989157e+08 | AZ12: 1.0332336e+09 | BA12: 3.5744296e+08 | BB12: 2.2340185e+08 | BC12: 9.0403403e+08 | BD12: 83775694 | BE12: 6.2638832e+09 | BF12: 9.7144073e+08
A14: Solar Capacity (MW) | BH14: Total Solar Capacity (GW)
A16: 2028 | B16: =B5/'Output-Calculation-sheet'!B4*'Output-Calculation-sheet'!B22 -> 0 | C16: =C5/'Output-Calculation-sheet'!C4*'Output-Calculation-sheet'!C22 -> 0 | D16: =D5/'Output-Calculation-sheet'!D4*'Output-Calculation-sheet'!D22 -> 84.81133 | E16: =E5/'Output-Calculation-sheet'!E4*'Output-Calculation-sheet'!E22 -> 5.4013568 | F16: =F5/'Output-Calculation-sheet'!F4*'Output-Calculation-sheet'!F22 -> 24.882504 | G16: =G5/'Output-Calculation-sheet'!G4*'Output-Calculation-sheet'!G22 -> 0 | H16: =H5/'Output-Calculation-sheet'!H4*'Output-Calculation-sheet'!H22 -> 0 | I16: =I5/'Output-Calculation-sheet'!I4*'Output-Calculation-sheet'!I22 -> 0 | ... BF16: =BF5/'Output-Calculation-sheet'!BF4*'Output-Calculation-sheet'!BF22 -> 0 | BH16: =SUM(B16:BF16)/1000 -> 12.090771
A17: 2029 | B17: =B6/'Output-Calculation-sheet'!B5*'Output-Calculation-sheet'!B23 -> 0 | C17: =C6/'Output-Calculation-sheet'!C5*'Output-Calculation-sheet'!C23 -> 0 | D17: =D6/'Output-Calculation-sheet'!D5*'Output-Calculation-sheet'!D23 -> 163.51894 | E17: =E6/'Output-Calculation-sheet'!E5*'Output-Calculation-sheet'!E23 -> 10.765362 | F17: =F6/'Output-Calculation-sheet'!F5*'Output-Calculation-sheet'!F23 -> 52.378094 | G17: =G6/'Output-Calculation-sheet'!G5*'Output-Calculation-sheet'!G23 -> 0 | H17: =H6/'Output-Calculation-sheet'!H5*'Output-Calculation-sheet'!H23 -> 0 | I17: =I6/'Output-Calculation-sheet'!I5*'Output-Calculation-sheet'!I23 -> 0 | ... BF17: =BF6/'Output-Calculation-sheet'!BF5*'Output-Calculation-sheet'!BF23 -> 0 | BH17: =SUM(B17:BF17)/1000 -> 27.077619
A18: 2030 | B18: =B7/'Output-Calculation-sheet'!B6*'Output-Calculation-sheet'!B24 -> 0 | C18: =C7/'Output-Calculation-sheet'!C6*'Output-Calculation-sheet'!C24 -> 0 | D18: =D7/'Output-Calculation-sheet'!D6*'Output-Calculation-sheet'!D24 -> 199.74272 | E18: =E7/'Output-Calculation-sheet'!E6*'Output-Calculation-sheet'!E24 -> 14.316953 | F18: =F7/'Output-Calculation-sheet'!F6*'Output-Calculation-sheet'!F24 -> 74.087201 | G18: =G7/'Output-Calculation-sheet'!G6*'Output-Calculation-sheet'!G24 -> 0 | H18: =H7/'Output-Calculation-sheet'!H6*'Output-Calculation-sheet'!H24 -> 0 | I18: =I7/'Output-Calculation-sheet'!I6*'Output-Calculation-sheet'!I24 -> 0 | ... BF18: =BF7/'Output-Calculation-sheet'!BF6*'Output-Calculation-sheet'!BF24 -> 0 | BH18: =SUM(B18:BF18)/1000 -> 40.352827
A19: 2031 | B19: =B8/'Output-Calculation-sheet'!B7*'Output-Calculation-sheet'!B25 -> 0 | C19: =C8/'Output-Calculation-sheet'!C7*'Output-Calculation-sheet'!C25 -> 0 | D19: =D8/'Output-Calculation-sheet'!D7*'Output-Calculation-sheet'!D25 -> 154.0734 | E19: =E8/'Output-Calculation-sheet'!E7*'Output-Calculation-sheet'!E25 -> 0 | F19: =F8/'Output-Calculation-sheet'!F7*'Output-Calculation-sheet'!F25 -> 74.629543 | G19: =G8/'Output-Calculation-sheet'!G7*'Output-Calculation-sheet'!G25 -> 0 | H19: =H8/'Output-Calculation-sheet'!H7*'Output-Calculation-sheet'!H25 -> 0 | I19: =I8/'Output-Calculation-sheet'!I7*'Output-Calculation-sheet'!I25 -> 0 | ... BF19: =BF8/'Output-Calculation-sheet'!BF7*'Output-Calculation-sheet'!BF25 -> 0 | BH19: =SUM(B19:BF19)/1000 -> 47.732971
A20: 2032 | B20: =B9/'Output-Calculation-sheet'!B8*'Output-Calculation-sheet'!B26 -> 0 | C20: =C9/'Output-Calculation-sheet'!C8*'Output-Calculation-sheet'!C26 -> 0 | D20: =D9/'Output-Calculation-sheet'!D8*'Output-Calculation-sheet'!D26 -> 51.441714 | E20: =E9/'Output-Calculation-sheet'!E8*'Output-Calculation-sheet'!E26 -> 0 | F20: =F9/'Output-Calculation-sheet'!F8*'Output-Calculation-sheet'!F26 -> 56.756507 | G20: =G9/'Output-Calculation-sheet'!G8*'Output-Calculation-sheet'!G26 -> 0 | H20: =H9/'Output-Calculation-sheet'!H8*'Output-Calculation-sheet'!H26 -> 0 | I20: =I9/'Output-Calculation-sheet'!I8*'Output-Calculation-sheet'!I26 -> 0 | ... BF20: =BF9/'Output-Calculation-sheet'!BF8*'Output-Calculation-sheet'!BF26 -> 0 | BH20: =SUM(B20:BF20)/1000 -> 47.588486
A21: 2033 | B21: =B10/'Output-Calculation-sheet'!B9*'Output-Calculation-sheet'!B27 -> 0 | C21: =C10/'Output-Calculation-sheet'!C9*'Output-Calculation-sheet'!C27 -> 0 | D21: =D10/'Output-Calculation-sheet'!D9*'Output-Calculation-sheet'!D27 -> 0 | E21: =E10/'Output-Calculation-sheet'!E9*'Output-Calculation-sheet'!E27 -> 0 | F21: =F10/'Output-Calculation-sheet'!F9*'Output-Calculation-sheet'!F27 -> 25.375096 | G21: =G10/'Output-Calculation-sheet'!G9*'Output-Calculation-sheet'!G27 -> 0 | H21: =H10/'Output-Calculation-sheet'!H9*'Output-Calculation-sheet'!H27 -> 0 | I21: =I10/'Output-Calculation-sheet'!I9*'Output-Calculation-sheet'!I27 -> 0 | ... BF21: =BF10/'Output-Calculation-sheet'!BF9*'Output-Calculation-sheet'!BF27 -> 0 | BH21: =SUM(B21:BF21)/1000 -> 43.494752
A22: 2034 | B22: =B11/'Output-Calculation-sheet'!B10*'Output-Calculation-sheet'!B28 -> 33.327923 | C22: =C11/'Output-Calculation-sheet'!C10*'Output-Calculation-sheet'!C28 -> 0 | D22: =D11/'Output-Calculation-sheet'!D10*'Output-Calculation-sheet'!D28 -> 0 | E22: =E11/'Output-Calculation-sheet'!E10*'Output-Calculation-sheet'!E28 -> 0 | F22: =F11/'Output-Calculation-sheet'!F10*'Output-Calculation-sheet'!F28 -> 0 | G22: =G11/'Output-Calculation-sheet'!G10*'Output-Calculation-sheet'!G28 -> 0 | H22: =H11/'Output-Calculation-sheet'!H10*'Output-Calculation-sheet'!H28 -> 0 | I22: =I11/'Output-Calculation-sheet'!I10*'Output-Calculation-sheet'!I28 -> 35.969096 | ... BF22: =BF11/'Output-Calculation-sheet'!BF10*'Output-Calculation-sheet'!BF28 -> 0 | BH22: =SUM(B22:BF22)/1000 -> 35.074018
A23: 2035 | B23: =B12/'Output-Calculation-sheet'!B11*'Output-Calculation-sheet'!B29 -> 127.2432 | C23: =C12/'Output-Calculation-sheet'!C11*'Output-Calculation-sheet'!C29 -> 0 | D23: =D12/'Output-Calculation-sheet'!D11*'Output-Calculation-sheet'!D29 -> 0 | E23: =E12/'Output-Calculation-sheet'!E11*'Output-Calculation-sheet'!E29 -> 0 | F23: =F12/'Output-Calculation-sheet'!F11*'Output-Calculation-sheet'!F29 -> 0 | G23: =G12/'Output-Calculation-sheet'!G11*'Output-Calculation-sheet'!G29 -> 0 | H23: =H12/'Output-Calculation-sheet'!H11*'Output-Calculation-sheet'!H29 -> 0 | I23: =I12/'Output-Calculation-sheet'!I11*'Output-Calculation-sheet'!I29 -> 238.68073 | ... BF23: =BF12/'Output-Calculation-sheet'!BF11*'Output-Calculation-sheet'!BF29 -> 0 | BH23: =SUM(B23:BF23)/1000 -> 23.25571
A25: Wind Capacity (MW) | BH25: Total Wind Capacity (GW)
A27: 2028 | B27: =B5/'Output-Calculation-sheet'!B4*'Output-Calculation-sheet'!B13 -> 32.092991 | C27: =C5/'Output-Calculation-sheet'!C4*'Output-Calculation-sheet'!C13 -> 15.322326 | D27: =D5/'Output-Calculation-sheet'!D4*'Output-Calculation-sheet'!D13 -> 79.914696 | E27: =E5/'Output-Calculation-sheet'!E4*'Output-Calculation-sheet'!E13 -> 12.14953 | F27: =F5/'Output-Calculation-sheet'!F4*'Output-Calculation-sheet'!F13 -> 42.582805 | G27: =G5/'Output-Calculation-sheet'!G4*'Output-Calculation-sheet'!G13 -> 18.751996 | H27: =H5/'Output-Calculation-sheet'!H4*'Output-Calculation-sheet'!H13 -> 15.393637 | I27: =I5/'Output-Calculation-sheet'!I4*'Output-Calculation-sheet'!I13 -> 60.427133 | ... BF27: =BF5/'Output-Calculation-sheet'!BF4*'Output-Calculation-sheet'!BF13 -> 10.359566 | BH27: =SUM(B27:BF27)/1000 -> 4.7399475
A28: 2029 | B28: =B6/'Output-Calculation-sheet'!B5*'Output-Calculation-sheet'!B14 -> 78.191509 | C28: =C6/'Output-Calculation-sheet'!C5*'Output-Calculation-sheet'!C14 -> 37.331384 | D28: =D6/'Output-Calculation-sheet'!D5*'Output-Calculation-sheet'!D14 -> 215.52909 | E28: =E6/'Output-Calculation-sheet'!E5*'Output-Calculation-sheet'!E14 -> 30.293495 | F28: =F6/'Output-Calculation-sheet'!F5*'Output-Calculation-sheet'!F14 -> 108.30522 | G28: =G6/'Output-Calculation-sheet'!G5*'Output-Calculation-sheet'!G14 -> 45.687448 | H28: =H6/'Output-Calculation-sheet'!H5*'Output-Calculation-sheet'!H14 -> 37.505127 | I28: =I6/'Output-Calculation-sheet'!I5*'Output-Calculation-sheet'!I14 -> 147.2215 | ... BF28: =BF6/'Output-Calculation-sheet'!BF5*'Output-Calculation-sheet'!BF14 -> 25.240093 | BH28: =SUM(B28:BF28)/1000 -> 12.59328
A29: 2030 | B29: =B7/'Output-Calculation-sheet'!B6*'Output-Calculation-sheet'!B15 -> 131.41341 | C29: =C7/'Output-Calculation-sheet'!C6*'Output-Calculation-sheet'!C15 -> 62.741397 | D29: =D7/'Output-Calculation-sheet'!D6*'Output-Calculation-sheet'!D15 -> 399.60348 | E29: =E7/'Output-Calculation-sheet'!E6*'Output-Calculation-sheet'!E15 -> 52.004534 | F29: =F7/'Output-Calculation-sheet'!F6*'Output-Calculation-sheet'!F15 -> 189.89161 | G29: =G7/'Output-Calculation-sheet'!G6*'Output-Calculation-sheet'!G15 -> 76.785106 | H29: =H7/'Output-Calculation-sheet'!H6*'Output-Calculation-sheet'!H15 -> 63.030322 | I29: =I7/'Output-Calculation-sheet'!I6*'Output-Calculation-sheet'!I15 -> 247.7208 | ... BF29: =BF7/'Output-Calculation-sheet'!BF6*'Output-Calculation-sheet'!BF15 -> 42.420038 | BH29: =SUM(B29:BF29)/1000 -> 23.195864
A30: 2031 | B30: =B8/'Output-Calculation-sheet'!B7*'Output-Calculation-sheet'!B16 -> 186.73192 | C30: =C8/'Output-Calculation-sheet'!C7*'Output-Calculation-sheet'!C16 -> 86.881667 | D30: =D8/'Output-Calculation-sheet'!D7*'Output-Calculation-sheet'!D16 -> 611.52021 | E30: =E8/'Output-Calculation-sheet'!E7*'Output-Calculation-sheet'!E16 -> 77.750055 | F30: =F8/'Output-Calculation-sheet'!F7*'Output-Calculation-sheet'!F16 -> 277.66774 | G30: =G8/'Output-Calculation-sheet'!G7*'Output-Calculation-sheet'!G16 -> 106.33454 | H30: =H8/'Output-Calculation-sheet'!H7*'Output-Calculation-sheet'!H16 -> 87.285163 | I30: =I8/'Output-Calculation-sheet'!I7*'Output-Calculation-sheet'!I16 -> 347.89 | ... BF30: =BF8/'Output-Calculation-sheet'!BF7*'Output-Calculation-sheet'!BF16 -> 58.743071 | BH30: =SUM(B30:BF30)/1000 -> 35.966494
A31: 2032 | B31: =B9/'Output-Calculation-sheet'!B8*'Output-Calculation-sheet'!B17 -> 241.75381 | C31: =C9/'Output-Calculation-sheet'!C8*'Output-Calculation-sheet'!C17 -> 105.49364 | D31: =D9/'Output-Calculation-sheet'!D8*'Output-Calculation-sheet'!D17 -> 808.22888 | E31: =E9/'Output-Calculation-sheet'!E8*'Output-Calculation-sheet'!E17 -> 94.539126 | F31: =F9/'Output-Calculation-sheet'!F8*'Output-Calculation-sheet'!F17 -> 354.86408 | G31: =G9/'Output-Calculation-sheet'!G8*'Output-Calculation-sheet'!G17 -> 129.11236 | H31: =H9/'Output-Calculation-sheet'!H8*'Output-Calculation-sheet'!H17 -> 105.98378 | I31: =I9/'Output-Calculation-sheet'!I8*'Output-Calculation-sheet'!I17 -> 436.15775 | ... BF31: =BF9/'Output-Calculation-sheet'!BF8*'Output-Calculation-sheet'!BF17 -> 71.326751 | BH31: =SUM(B31:BF31)/1000 -> 48.229986
A32: 2033 | B32: =B10/'Output-Calculation-sheet'!B9*'Output-Calculation-sheet'!B18 -> 312.55162 | C32: =C10/'Output-Calculation-sheet'!C9*'Output-Calculation-sheet'!C18 -> 123.43723 | D32: =D10/'Output-Calculation-sheet'!D9*'Output-Calculation-sheet'!D18 -> 984.1817 | E32: =E10/'Output-Calculation-sheet'!E9*'Output-Calculation-sheet'!E18 -> 117.47918 | F32: =F10/'Output-Calculation-sheet'!F9*'Output-Calculation-sheet'!F18 -> 435.65799 | G32: =G10/'Output-Calculation-sheet'!G9*'Output-Calculation-sheet'!G18 -> 151.07221 | H32: =H10/'Output-Calculation-sheet'!H9*'Output-Calculation-sheet'!H18 -> 124.0109 | I32: =I10/'Output-Calculation-sheet'!I9*'Output-Calculation-sheet'!I18 -> 538.26992 | ... BF32: =BF10/'Output-Calculation-sheet'!BF9*'Output-Calculation-sheet'!BF18 -> 83.458543 | BH32: =SUM(B32:BF32)/1000 -> 61.733946
A33: 2034 | B33: =B11/'Output-Calculation-sheet'!B10*'Output-Calculation-sheet'!B19 -> 366.74346 | C33: =C11/'Output-Calculation-sheet'!C10*'Output-Calculation-sheet'!C19 -> 142.24302 | D33: =D11/'Output-Calculation-sheet'!D10*'Output-Calculation-sheet'!D19 -> 1144.9578 | E33: =E11/'Output-Calculation-sheet'!E10*'Output-Calculation-sheet'!E19 -> 148.72316 | F33: =F11/'Output-Calculation-sheet'!F10*'Output-Calculation-sheet'!F19 -> 526.69104 | G33: =G11/'Output-Calculation-sheet'!G10*'Output-Calculation-sheet'!G19 -> 189.09091 | H33: =H11/'Output-Calculation-sheet'!H10*'Output-Calculation-sheet'!H19 -> 142.65085 | I33: =I11/'Output-Calculation-sheet'!I10*'Output-Calculation-sheet'!I19 -> 649.78702 | ... BF33: =BF11/'Output-Calculation-sheet'!BF10*'Output-Calculation-sheet'!BF19 -> 96.000859 | BH33: =SUM(B33:BF33)/1000 -> 77.630044
A34: 2035 | B34: =B12/'Output-Calculation-sheet'!B11*'Output-Calculation-sheet'!B20 -> 362.34061 | C34: =C12/'Output-Calculation-sheet'!C11*'Output-Calculation-sheet'!C20 -> 191.35582 | D34: =D12/'Output-Calculation-sheet'!D11*'Output-Calculation-sheet'!D20 -> 1310.4729 | E34: =E12/'Output-Calculation-sheet'!E11*'Output-Calculation-sheet'!E20 -> 190.32349 | F34: =F12/'Output-Calculation-sheet'!F11*'Output-Calculation-sheet'!F20 -> 647.10745 | G34: =G12/'Output-Calculation-sheet'!G11*'Output-Calculation-sheet'!G20 -> 257.35855 | H34: =H12/'Output-Calculation-sheet'!H11*'Output-Calculation-sheet'!H20 -> 162.41719 | I34: =I12/'Output-Calculation-sheet'!I11*'Output-Calculation-sheet'!I20 -> 708.85216 | ... BF34: =BF12/'Output-Calculation-sheet'!BF11*'Output-Calculation-sheet'!BF20 -> 109.30515 | BH34: =SUM(B34:BF34)/1000 -> 97.221451
A36: DAC Capacity (ktCO2/yr) | BH36: Total DAC Capacity (ktCO2/yr)
A38: 2028 | B38: =B5/'Output-Calculation-sheet'!B4*'Output-Calculation-sheet'!B31*0.0114 -> 0 | C38: =C5/'Output-Calculation-sheet'!C4*'Output-Calculation-sheet'!C31*0.0114 -> 0 | D38: =D5/'Output-Calculation-sheet'!D4*'Output-Calculation-sheet'!D31*0.0114 -> 0 | E38: =E5/'Output-Calculation-sheet'!E4*'Output-Calculation-sheet'!E31*0.0114 -> 0 | F38: =F5/'Output-Calculation-sheet'!F4*'Output-Calculation-sheet'!F31*0.0114 -> 0 | G38: =G5/'Output-Calculation-sheet'!G4*'Output-Calculation-sheet'!G31*0.0114 -> 0 | H38: =H5/'Output-Calculation-sheet'!H4*'Output-Calculation-sheet'!H31*0.0114 -> 0 | I38: =I5/'Output-Calculation-sheet'!I4*'Output-Calculation-sheet'!I31*0.0114 -> 0 | ... BF38: =BF5/'Output-Calculation-sheet'!BF4*'Output-Calculation-sheet'!BF31*0.0114 -> 0 | BH38: =SUM(B38:BF38) -> 5.0622392
A39: 2029 | B39: =B6/'Output-Calculation-sheet'!B5*'Output-Calculation-sheet'!B32*0.0114 -> 0 | C39: =C6/'Output-Calculation-sheet'!C5*'Output-Calculation-sheet'!C32*0.0114 -> 0 | D39: =D6/'Output-Calculation-sheet'!D5*'Output-Calculation-sheet'!D32*0.0114 -> 0 | E39: =E6/'Output-Calculation-sheet'!E5*'Output-Calculation-sheet'!E32*0.0114 -> 0 | F39: =F6/'Output-Calculation-sheet'!F5*'Output-Calculation-sheet'!F32*0.0114 -> 0 | G39: =G6/'Output-Calculation-sheet'!G5*'Output-Calculation-sheet'!G32*0.0114 -> 0 | H39: =H6/'Output-Calculation-sheet'!H5*'Output-Calculation-sheet'!H32*0.0114 -> 0 | I39: =I6/'Output-Calculation-sheet'!I5*'Output-Calculation-sheet'!I32*0.0114 -> 0 | ... BF39: =BF6/'Output-Calculation-sheet'!BF5*'Output-Calculation-sheet'!BF32*0.0114 -> 0 | BH39: =SUM(B39:BF39) -> 10.660751
A40: 2030 | B40: =B7/'Output-Calculation-sheet'!B6*'Output-Calculation-sheet'!B33*0.0114 -> 0 | C40: =C7/'Output-Calculation-sheet'!C6*'Output-Calculation-sheet'!C33*0.0114 -> 0 | D40: =D7/'Output-Calculation-sheet'!D6*'Output-Calculation-sheet'!D33*0.0114 -> 0 | E40: =E7/'Output-Calculation-sheet'!E6*'Output-Calculation-sheet'!E33*0.0114 -> 0 | F40: =F7/'Output-Calculation-sheet'!F6*'Output-Calculation-sheet'!F33*0.0114 -> 0 | G40: =G7/'Output-Calculation-sheet'!G6*'Output-Calculation-sheet'!G33*0.0114 -> 0 | H40: =H7/'Output-Calculation-sheet'!H6*'Output-Calculation-sheet'!H33*0.0114 -> 0 | I40: =I7/'Output-Calculation-sheet'!I6*'Output-Calculation-sheet'!I33*0.0114 -> 0 | ... BF40: =BF7/'Output-Calculation-sheet'!BF6*'Output-Calculation-sheet'!BF33*0.0114 -> 0 | BH40: =SUM(B40:BF40) -> 25.531443
A41: 2031 | B41: =B8/'Output-Calculation-sheet'!B7*'Output-Calculation-sheet'!B34*0.0114 -> 0 | C41: =C8/'Output-Calculation-sheet'!C7*'Output-Calculation-sheet'!C34*0.0114 -> 0 | D41: =D8/'Output-Calculation-sheet'!D7*'Output-Calculation-sheet'!D34*0.0114 -> 0 | E41: =E8/'Output-Calculation-sheet'!E7*'Output-Calculation-sheet'!E34*0.0114 -> 0 | F41: =F8/'Output-Calculation-sheet'!F7*'Output-Calculation-sheet'!F34*0.0114 -> 0 | G41: =G8/'Output-Calculation-sheet'!G7*'Output-Calculation-sheet'!G34*0.0114 -> 0 | H41: =H8/'Output-Calculation-sheet'!H7*'Output-Calculation-sheet'!H34*0.0114 -> 0 | I41: =I8/'Output-Calculation-sheet'!I7*'Output-Calculation-sheet'!I34*0.0114 -> 0 | ... BF41: =BF8/'Output-Calculation-sheet'!BF7*'Output-Calculation-sheet'!BF34*0.0114 -> 0 | BH41: =SUM(B41:BF41) -> 13.056395
A42: 2032 | B42: =B9/'Output-Calculation-sheet'!B8*'Output-Calculation-sheet'!B35*0.0114 -> 0 | C42: =C9/'Output-Calculation-sheet'!C8*'Output-Calculation-sheet'!C35*0.0114 -> 0 | D42: =D9/'Output-Calculation-sheet'!D8*'Output-Calculation-sheet'!D35*0.0114 -> 0 | E42: =E9/'Output-Calculation-sheet'!E8*'Output-Calculation-sheet'!E35*0.0114 -> 0 | F42: =F9/'Output-Calculation-sheet'!F8*'Output-Calculation-sheet'!F35*0.0114 -> 0 | G42: =G9/'Output-Calculation-sheet'!G8*'Output-Calculation-sheet'!G35*0.0114 -> 0 | H42: =H9/'Output-Calculation-sheet'!H8*'Output-Calculation-sheet'!H35*0.0114 -> 0 | I42: =I9/'Output-Calculation-sheet'!I8*'Output-Calculation-sheet'!I35*0.0114 -> 0 | ... BF42: =BF9/'Output-Calculation-sheet'!BF8*'Output-Calculation-sheet'!BF35*0.0114 -> 0 | BH42: =SUM(B42:BF42) -> 9.2152932
A43: 2033 | B43: =B10/'Output-Calculation-sheet'!B9*'Output-Calculation-sheet'!B36*0.0114 -> 0 | C43: =C10/'Output-Calculation-sheet'!C9*'Output-Calculation-sheet'!C36*0.0114 -> 0 | D43: =D10/'Output-Calculation-sheet'!D9*'Output-Calculation-sheet'!D36*0.0114 -> 0 | E43: =E10/'Output-Calculation-sheet'!E9*'Output-Calculation-sheet'!E36*0.0114 -> 0 | F43: =F10/'Output-Calculation-sheet'!F9*'Output-Calculation-sheet'!F36*0.0114 -> 0 | G43: =G10/'Output-Calculation-sheet'!G9*'Output-Calculation-sheet'!G36*0.0114 -> 0 | H43: =H10/'Output-Calculation-sheet'!H9*'Output-Calculation-sheet'!H36*0.0114 -> 0 | I43: =I10/'Output-Calculation-sheet'!I9*'Output-Calculation-sheet'!I36*0.0114 -> 0 | ... BF43: =BF10/'Output-Calculation-sheet'!BF9*'Output-Calculation-sheet'!BF36*0.0114 -> 0 | BH43: =SUM(B43:BF43) -> 0.2010909
A44: 2034 | B44: =B11/'Output-Calculation-sheet'!B10*'Output-Calculation-sheet'!B37*0.0114 -> 0 | C44: =C11/'Output-Calculation-sheet'!C10*'Output-Calculation-sheet'!C37*0.0114 -> 0 | D44: =D11/'Output-Calculation-sheet'!D10*'Output-Calculation-sheet'!D37*0.0114 -> 0 | E44: =E11/'Output-Calculation-sheet'!E10*'Output-Calculation-sheet'!E37*0.0114 -> 0 | F44: =F11/'Output-Calculation-sheet'!F10*'Output-Calculation-sheet'!F37*0.0114 -> 0 | G44: =G11/'Output-Calculation-sheet'!G10*'Output-Calculation-sheet'!G37*0.0114 -> 0 | H44: =H11/'Output-Calculation-sheet'!H10*'Output-Calculation-sheet'!H37*0.0114 -> 0 | I44: =I11/'Output-Calculation-sheet'!I10*'Output-Calculation-sheet'!I37*0.0114 -> 0 | ... BF44: =BF11/'Output-Calculation-sheet'!BF10*'Output-Calculation-sheet'!BF37*0.0114 -> 0 | BH44: =SUM(B44:BF44) -> 0.048047782
A45: 2035 | B45: =B12/'Output-Calculation-sheet'!B11*'Output-Calculation-sheet'!B38*0.0114 -> 0 | C45: =C12/'Output-Calculation-sheet'!C11*'Output-Calculation-sheet'!C38*0.0114 -> 0 | D45: =D12/'Output-Calculation-sheet'!D11*'Output-Calculation-sheet'!D38*0.0114 -> 0 | E45: =E12/'Output-Calculation-sheet'!E11*'Output-Calculation-sheet'!E38*0.0114 -> 0 | F45: =F12/'Output-Calculation-sheet'!F11*'Output-Calculation-sheet'!F38*0.0114 -> 0 | G45: =G12/'Output-Calculation-sheet'!G11*'Output-Calculation-sheet'!G38*0.0114 -> 0 | H45: =H12/'Output-Calculation-sheet'!H11*'Output-Calculation-sheet'!H38*0.0114 -> 0 | I45: =I12/'Output-Calculation-sheet'!I11*'Output-Calculation-sheet'!I38*0.0114 -> 0 | ... BF45: =BF12/'Output-Calculation-sheet'!BF11*'Output-Calculation-sheet'!BF38*0.0114 -> 0 | BH45: =SUM(B45:BF45) -> 0.062905387
A47: Battery Storage Capacity (MWh) | BH47: Total Battery Storage Capacity (GWh)
A49: 2028 | B49: =B5/'Output-Calculation-sheet'!B4*'Output-Calculation-sheet'!B40 -> 0 | C49: =C5/'Output-Calculation-sheet'!C4*'Output-Calculation-sheet'!C40 -> 0 | D49: =D5/'Output-Calculation-sheet'!D4*'Output-Calculation-sheet'!D40 -> 0 | E49: =E5/'Output-Calculation-sheet'!E4*'Output-Calculation-sheet'!E40 -> 0 | F49: =F5/'Output-Calculation-sheet'!F4*'Output-Calculation-sheet'!F40 -> 0 | G49: =G5/'Output-Calculation-sheet'!G4*'Output-Calculation-sheet'!G40 -> 0 | H49: =H5/'Output-Calculation-sheet'!H4*'Output-Calculation-sheet'!H40 -> 0 | I49: =I5/'Output-Calculation-sheet'!I4*'Output-Calculation-sheet'!I40 -> 0 | ... BF49: =BF5/'Output-Calculation-sheet'!BF4*'Output-Calculation-sheet'!BF40 -> 0 | BH49: =SUM(B49:BF49)/1000 -> 6.8392439
A50: 2029 | B50: =B6/'Output-Calculation-sheet'!B5*'Output-Calculation-sheet'!B41 -> 0 | C50: =C6/'Output-Calculation-sheet'!C5*'Output-Calculation-sheet'!C41 -> 0 | D50: =D6/'Output-Calculation-sheet'!D5*'Output-Calculation-sheet'!D41 -> 0 | E50: =E6/'Output-Calculation-sheet'!E5*'Output-Calculation-sheet'!E41 -> 0 | F50: =F6/'Output-Calculation-sheet'!F5*'Output-Calculation-sheet'!F41 -> 0 | G50: =G6/'Output-Calculation-sheet'!G5*'Output-Calculation-sheet'!G41 -> 0 | H50: =H6/'Output-Calculation-sheet'!H5*'Output-Calculation-sheet'!H41 -> 0 | I50: =I6/'Output-Calculation-sheet'!I5*'Output-Calculation-sheet'!I41 -> 0 | ... BF50: =BF6/'Output-Calculation-sheet'!BF5*'Output-Calculation-sheet'!BF41 -> 0 | BH50: =SUM(B50:BF50)/1000 -> 14.45653
A51: 2030 | B51: =B7/'Output-Calculation-sheet'!B6*'Output-Calculation-sheet'!B42 -> 0 | C51: =C7/'Output-Calculation-sheet'!C6*'Output-Calculation-sheet'!C42 -> 0 | D51: =D7/'Output-Calculation-sheet'!D6*'Output-Calculation-sheet'!D42 -> 0 | E51: =E7/'Output-Calculation-sheet'!E6*'Output-Calculation-sheet'!E42 -> 0 | F51: =F7/'Output-Calculation-sheet'!F6*'Output-Calculation-sheet'!F42 -> 0 | G51: =G7/'Output-Calculation-sheet'!G6*'Output-Calculation-sheet'!G42 -> 0 | H51: =H7/'Output-Calculation-sheet'!H6*'Output-Calculation-sheet'!H42 -> 0 | I51: =I7/'Output-Calculation-sheet'!I6*'Output-Calculation-sheet'!I42 -> 0 | ... BF51: =BF7/'Output-Calculation-sheet'!BF6*'Output-Calculation-sheet'!BF42 -> 0 | BH51: =SUM(B51:BF51)/1000 -> 35.090904
A52: 2031 | B52: =B8/'Output-Calculation-sheet'!B7*'Output-Calculation-sheet'!B43 -> 0 | C52: =C8/'Output-Calculation-sheet'!C7*'Output-Calculation-sheet'!C43 -> 0 | D52: =D8/'Output-Calculation-sheet'!D7*'Output-Calculation-sheet'!D43 -> 0 | E52: =E8/'Output-Calculation-sheet'!E7*'Output-Calculation-sheet'!E43 -> 0 | F52: =F8/'Output-Calculation-sheet'!F7*'Output-Calculation-sheet'!F43 -> 0 | G52: =G8/'Output-Calculation-sheet'!G7*'Output-Calculation-sheet'!G43 -> 0 | H52: =H8/'Output-Calculation-sheet'!H7*'Output-Calculation-sheet'!H43 -> 0 | I52: =I8/'Output-Calculation-sheet'!I7*'Output-Calculation-sheet'!I43 -> 0 | ... BF52: =BF8/'Output-Calculation-sheet'!BF7*'Output-Calculation-sheet'!BF43 -> 0 | BH52: =SUM(B52:BF52)/1000 -> 18.823324
A53: 2032 | B53: =B9/'Output-Calculation-sheet'!B8*'Output-Calculation-sheet'!B44 -> 0 | C53: =C9/'Output-Calculation-sheet'!C8*'Output-Calculation-sheet'!C44 -> 0 | D53: =D9/'Output-Calculation-sheet'!D8*'Output-Calculation-sheet'!D44 -> 0 | E53: =E9/'Output-Calculation-sheet'!E8*'Output-Calculation-sheet'!E44 -> 0 | F53: =F9/'Output-Calculation-sheet'!F8*'Output-Calculation-sheet'!F44 -> 0 | G53: =G9/'Output-Calculation-sheet'!G8*'Output-Calculation-sheet'!G44 -> 0 | H53: =H9/'Output-Calculation-sheet'!H8*'Output-Calculation-sheet'!H44 -> 0 | I53: =I9/'Output-Calculation-sheet'!I8*'Output-Calculation-sheet'!I44 -> 0 | ... BF53: =BF9/'Output-Calculation-sheet'!BF8*'Output-Calculation-sheet'!BF44 -> 0 | BH53: =SUM(B53:BF53)/1000 -> 16.529872
A54: 2033 | B54: =B10/'Output-Calculation-sheet'!B9*'Output-Calculation-sheet'!B45 -> 0 | C54: =C10/'Output-Calculation-sheet'!C9*'Output-Calculation-sheet'!C45 -> 0 | D54: =D10/'Output-Calculation-sheet'!D9*'Output-Calculation-sheet'!D45 -> 0 | E54: =E10/'Output-Calculation-sheet'!E9*'Output-Calculation-sheet'!E45 -> 0 | F54: =F10/'Output-Calculation-sheet'!F9*'Output-Calculation-sheet'!F45 -> 0 | G54: =G10/'Output-Calculation-sheet'!G9*'Output-Calculation-sheet'!G45 -> 0 | H54: =H10/'Output-Calculation-sheet'!H9*'Output-Calculation-sheet'!H45 -> 0 | I54: =I10/'Output-Calculation-sheet'!I9*'Output-Calculation-sheet'!I45 -> 0 | ... BF54: =BF10/'Output-Calculation-sheet'!BF9*'Output-Calculation-sheet'!BF45 -> 0 | BH54: =SUM(B54:BF54)/1000 -> 7.1316659
A55: 2034 | B55: =B11/'Output-Calculation-sheet'!B10*'Output-Calculation-sheet'!B46 -> 111.96118 | C55: =C11/'Output-Calculation-sheet'!C10*'Output-Calculation-sheet'!C46 -> 0 | D55: =D11/'Output-Calculation-sheet'!D10*'Output-Calculation-sheet'!D46 -> 0 | E55: =E11/'Output-Calculation-sheet'!E10*'Output-Calculation-sheet'!E46 -> 0 | F55: =F11/'Output-Calculation-sheet'!F10*'Output-Calculation-sheet'!F46 -> 0 | G55: =G11/'Output-Calculation-sheet'!G10*'Output-Calculation-sheet'!G46 -> 0 | H55: =H11/'Output-Calculation-sheet'!H10*'Output-Calculation-sheet'!H46 -> 0 | I55: =I11/'Output-Calculation-sheet'!I10*'Output-Calculation-sheet'!I46 -> 0 | ... BF55: =BF11/'Output-Calculation-sheet'!BF10*'Output-Calculation-sheet'!BF46 -> 0 | BH55: =SUM(B55:BF55)/1000 -> 13.123637
A56: 2035 | B56: =B12/'Output-Calculation-sheet'!B11*'Output-Calculation-sheet'!B47 -> 446.16957 | C56: =C12/'Output-Calculation-sheet'!C11*'Output-Calculation-sheet'!C47 -> 0 | D56: =D12/'Output-Calculation-sheet'!D11*'Output-Calculation-sheet'!D47 -> 0 | E56: =E12/'Output-Calculation-sheet'!E11*'Output-Calculation-sheet'!E47 -> 32.522281 | F56: =F12/'Output-Calculation-sheet'!F11*'Output-Calculation-sheet'!F47 -> 0 | G56: =G12/'Output-Calculation-sheet'!G11*'Output-Calculation-sheet'!G47 -> 0 | H56: =H12/'Output-Calculation-sheet'!H11*'Output-Calculation-sheet'!H47 -> 0 | I56: =I12/'Output-Calculation-sheet'!I11*'Output-Calculation-sheet'!I47 -> 0 | ... BF56: =BF12/'Output-Calculation-sheet'!BF11*'Output-Calculation-sheet'!BF47 -> 0 | BH56: =SUM(B56:BF56)/1000 -> 17.288196
A58: Total cost of energy ($bn) | BH58: Total cost of energy ($bn)
A60: 2028 | B60: =B5*'Output-Calculation-sheet'!B49/10^9 -> 0.31036676 | C60: =C5*'Output-Calculation-sheet'!C49/10^9 -> 0.31418397 | D60: =D5*'Output-Calculation-sheet'!D49/10^9 -> 1.9399303 | E60: =E5*'Output-Calculation-sheet'!E49/10^9 -> 0.083640108 | F60: =F5*'Output-Calculation-sheet'!F49/10^9 -> 0.37612187 | G60: =G5*'Output-Calculation-sheet'!G49/10^9 -> 0.34070973 | H60: =H5*'Output-Calculation-sheet'!H49/10^9 -> 0.40006768 | I60: =I5*'Output-Calculation-sheet'!I49/10^9 -> 0.27700503 | ... BF60: =BF5*'Output-Calculation-sheet'!BF49/10^9 -> 0.04170346 | BH60: =SUM(B60:BF60) -> 63.508612
A61: 2029 | B61: =B6*'Output-Calculation-sheet'!B50/10^9 -> 0.34563127 | C61: =C6*'Output-Calculation-sheet'!C50/10^9 -> 0.34632282 | D61: =D6*'Output-Calculation-sheet'!D50/10^9 -> 2.2041346 | E61: =E6*'Output-Calculation-sheet'!E50/10^9 -> 0.094407728 | F61: =F6*'Output-Calculation-sheet'!F50/10^9 -> 0.42810898 | G61: =G6*'Output-Calculation-sheet'!G50/10^9 -> 0.37600515 | H61: =H6*'Output-Calculation-sheet'!H50/10^9 -> 0.440138 | I61: =I6*'Output-Calculation-sheet'!I50/10^9 -> 0.31506889 | ... BF61: =BF6*'Output-Calculation-sheet'!BF50/10^9 -> 0.047695762 | BH61: =SUM(B61:BF61) -> 74.031864
A62: 2030 | B62: =B7*'Output-Calculation-sheet'!B51/10^9 -> 0.35063136 | C62: =C7*'Output-Calculation-sheet'!C51/10^9 -> 0.34710707 | D62: =D7*'Output-Calculation-sheet'!D51/10^9 -> 2.2794212 | E62: =E7*'Output-Calculation-sheet'!E51/10^9 -> 0.097149573 | F62: =F7*'Output-Calculation-sheet'!F51/10^9 -> 0.44378159 | G62: =G7*'Output-Calculation-sheet'!G51/10^9 -> 0.37738779 | H62: =H7*'Output-Calculation-sheet'!H51/10^9 -> 0.44011049 | I62: =I7*'Output-Calculation-sheet'!I51/10^9 -> 0.3274955 | ... BF62: =BF7*'Output-Calculation-sheet'!BF51/10^9 -> 0.04987439 | BH62: =SUM(B62:BF62) -> 79.668576
A63: 2031 | B63: =B8*'Output-Calculation-sheet'!B52/10^9 -> 0.32685589 | C63: =C8*'Output-Calculation-sheet'!C52/10^9 -> 0.31800209 | D63: =D8*'Output-Calculation-sheet'!D52/10^9 -> 2.1493129 | E63: =E8*'Output-Calculation-sheet'!E52/10^9 -> 0.09120635 | F63: =F8*'Output-Calculation-sheet'!F52/10^9 -> 0.42054115 | G63: =G8*'Output-Calculation-sheet'!G52/10^9 -> 0.34636152 | H63: =H8*'Output-Calculation-sheet'!H52/10^9 -> 0.40201709 | I63: =I8*'Output-Calculation-sheet'!I52/10^9 -> 0.31435516 | ... BF63: =BF8*'Output-Calculation-sheet'!BF52/10^9 -> 0.048099067 | BH63: =SUM(B63:BF63) -> 75.850084
A64: 2032 | B64: =B9*'Output-Calculation-sheet'!B53/10^9 -> 0.28286197 | C64: =C9*'Output-Calculation-sheet'!C53/10^9 -> 0.26755256 | D64: =D9*'Output-Calculation-sheet'!D53/10^9 -> 1.8552911 | E64: =E9*'Output-Calculation-sheet'!E53/10^9 -> 0.079790615 | F64: =F9*'Output-Calculation-sheet'!F53/10^9 -> 0.3668015 | G64: =G9*'Output-Calculation-sheet'!G53/10^9 -> 0.29208483 | H64: =H9*'Output-Calculation-sheet'!H53/10^9 -> 0.33694417 | I64: =I9*'Output-Calculation-sheet'!I53/10^9 -> 0.28160213 | ... BF64: =BF9*'Output-Calculation-sheet'!BF53/10^9 -> 0.043086875 | BH64: =SUM(B64:BF64) -> 67.365605
A65: 2033 | B65: =B10*'Output-Calculation-sheet'!B54/10^9 -> 0.24455207 | C65: =C10*'Output-Calculation-sheet'!C54/10^9 -> 0.2205091 | D65: =D10*'Output-Calculation-sheet'!D54/10^9 -> 1.5610385 | E65: =E10*'Output-Calculation-sheet'!E54/10^9 -> 0.070172824 | F65: =F10*'Output-Calculation-sheet'!F54/10^9 -> 0.31418936 | G65: =G10*'Output-Calculation-sheet'!G54/10^9 -> 0.2414766 | H65: =H10*'Output-Calculation-sheet'!H54/10^9 -> 0.27625696 | I65: =I10*'Output-Calculation-sheet'!I54/10^9 -> 0.25371689 | ... BF65: =BF10*'Output-Calculation-sheet'!BF54/10^9 -> 0.038428361 | BH65: =SUM(B65:BF65) -> 57.848723
A66: 2034 | B66: =B11*'Output-Calculation-sheet'!B55/10^9 -> 0.21417958 | C66: =C11*'Output-Calculation-sheet'!C55/10^9 -> 0.17758794 | D66: =D11*'Output-Calculation-sheet'!D55/10^9 -> 1.2772567 | E66: =E11*'Output-Calculation-sheet'!E55/10^9 -> 0.062771455 | F66: =F11*'Output-Calculation-sheet'!F55/10^9 -> 0.26814973 | G66: =G11*'Output-Calculation-sheet'!G55/10^9 -> 0.19756468 | H66: =H11*'Output-Calculation-sheet'!H55/10^9 -> 0.22076935 | I66: =I11*'Output-Calculation-sheet'!I55/10^9 -> 0.2336849 | ... BF66: =BF11*'Output-Calculation-sheet'!BF55/10^9 -> 0.034315947 | BH66: =SUM(B66:BF66) -> 49.297913
A67: 2035 | B67: =B12*'Output-Calculation-sheet'!B56/10^9 -> 0.18872049 | C67: =C12*'Output-Calculation-sheet'!C56/10^9 -> 0.14146176 | D67: =D12*'Output-Calculation-sheet'!D56/10^9 -> 0.99717051 | E67: =E12*'Output-Calculation-sheet'!E56/10^9 -> 0.0582267 | F67: =F12*'Output-Calculation-sheet'!F56/10^9 -> 0.23276362 | G67: =G12*'Output-Calculation-sheet'!G56/10^9 -> 0.16058492 | H67: =H12*'Output-Calculation-sheet'!H56/10^9 -> 0.16846522 | I67: =I12*'Output-Calculation-sheet'!I56/10^9 -> 0.22192012 | ... BF67: =BF12*'Output-Calculation-sheet'!BF56/10^9 -> 0.030588313 | BH67: =SUM(B67:BF67) -> 41.697373
B68: =SUM(B60:B67) -> 2.2637994 | C68: =SUM(C60:C67) -> 2.1327273 | D68: =SUM(D60:D67) -> 14.263556 | E68: =SUM(E60:E67) -> 0.63736535 | F68: =SUM(F60:F67) -> 2.8504578 | G68: =SUM(G60:G67) -> 2.3321752 | H68: =SUM(H60:H67) -> 2.684769 | I68: =SUM(I60:I67) -> 2.2248486 | ... BF68: =SUM(BF60:BF67) -> 0.33379217
A69: Battery Interface Capacity (MW) | BH69: Total Battery Interface Capacity (GW)
A71: 2028 | B71: =B5/'Output-Calculation-sheet'!B4*'Output-Calculation-sheet'!B58 -> 0 | C71: =C5/'Output-Calculation-sheet'!C4*'Output-Calculation-sheet'!C58 -> 0 | D71: =D5/'Output-Calculation-sheet'!D4*'Output-Calculation-sheet'!D58 -> 0 | E71: =E5/'Output-Calculation-sheet'!E4*'Output-Calculation-sheet'!E58 -> 0 | F71: =F5/'Output-Calculation-sheet'!F4*'Output-Calculation-sheet'!F58 -> 0 | G71: =G5/'Output-Calculation-sheet'!G4*'Output-Calculation-sheet'!G58 -> 0 | H71: =H5/'Output-Calculation-sheet'!H4*'Output-Calculation-sheet'!H58 -> 0 | I71: =I5/'Output-Calculation-sheet'!I4*'Output-Calculation-sheet'!I58 -> 0 | ... BF71: =BF5/'Output-Calculation-sheet'!BF4*'Output-Calculation-sheet'!BF58 -> 0 | BH71: =SUM(B71:BF71)/1000 -> 6.8390726
A72: 2029 | B72: =B6/'Output-Calculation-sheet'!B5*'Output-Calculation-sheet'!B59 -> 0 | C72: =C6/'Output-Calculation-sheet'!C5*'Output-Calculation-sheet'!C59 -> 0 | D72: =D6/'Output-Calculation-sheet'!D5*'Output-Calculation-sheet'!D59 -> 0 | E72: =E6/'Output-Calculation-sheet'!E5*'Output-Calculation-sheet'!E59 -> 0 | F72: =F6/'Output-Calculation-sheet'!F5*'Output-Calculation-sheet'!F59 -> 0 | G72: =G6/'Output-Calculation-sheet'!G5*'Output-Calculation-sheet'!G59 -> 0 | H72: =H6/'Output-Calculation-sheet'!H5*'Output-Calculation-sheet'!H59 -> 0 | I72: =I6/'Output-Calculation-sheet'!I5*'Output-Calculation-sheet'!I59 -> 0 | ... BF72: =BF6/'Output-Calculation-sheet'!BF5*'Output-Calculation-sheet'!BF59 -> 0 | BH72: =SUM(B72:BF72)/1000 -> 14.456453
A73: 2030 | B73: =B7/'Output-Calculation-sheet'!B6*'Output-Calculation-sheet'!B60 -> 0 | C73: =C7/'Output-Calculation-sheet'!C6*'Output-Calculation-sheet'!C60 -> 0 | D73: =D7/'Output-Calculation-sheet'!D6*'Output-Calculation-sheet'!D60 -> 0 | E73: =E7/'Output-Calculation-sheet'!E6*'Output-Calculation-sheet'!E60 -> 0 | F73: =F7/'Output-Calculation-sheet'!F6*'Output-Calculation-sheet'!F60 -> 0 | G73: =G7/'Output-Calculation-sheet'!G6*'Output-Calculation-sheet'!G60 -> 0 | H73: =H7/'Output-Calculation-sheet'!H6*'Output-Calculation-sheet'!H60 -> 0 | I73: =I7/'Output-Calculation-sheet'!I6*'Output-Calculation-sheet'!I60 -> 0 | ... BF73: =BF7/'Output-Calculation-sheet'!BF6*'Output-Calculation-sheet'!BF60 -> 0 | BH73: =SUM(B73:BF73)/1000 -> 35.083238
A74: 2031 | B74: =B8/'Output-Calculation-sheet'!B7*'Output-Calculation-sheet'!B61 -> 0 | C74: =C8/'Output-Calculation-sheet'!C7*'Output-Calculation-sheet'!C61 -> 0 | D74: =D8/'Output-Calculation-sheet'!D7*'Output-Calculation-sheet'!D61 -> 0 | E74: =E8/'Output-Calculation-sheet'!E7*'Output-Calculation-sheet'!E61 -> 0 | F74: =F8/'Output-Calculation-sheet'!F7*'Output-Calculation-sheet'!F61 -> 0 | G74: =G8/'Output-Calculation-sheet'!G7*'Output-Calculation-sheet'!G61 -> 0 | H74: =H8/'Output-Calculation-sheet'!H7*'Output-Calculation-sheet'!H61 -> 0 | I74: =I8/'Output-Calculation-sheet'!I7*'Output-Calculation-sheet'!I61 -> 0 | ... BF74: =BF8/'Output-Calculation-sheet'!BF7*'Output-Calculation-sheet'!BF61 -> 0 | BH74: =SUM(B74:BF74)/1000 -> 17.845162
A75: 2032 | B75: =B9/'Output-Calculation-sheet'!B8*'Output-Calculation-sheet'!B62 -> 0 | C75: =C9/'Output-Calculation-sheet'!C8*'Output-Calculation-sheet'!C62 -> 0 | D75: =D9/'Output-Calculation-sheet'!D8*'Output-Calculation-sheet'!D62 -> 0 | E75: =E9/'Output-Calculation-sheet'!E8*'Output-Calculation-sheet'!E62 -> 0 | F75: =F9/'Output-Calculation-sheet'!F8*'Output-Calculation-sheet'!F62 -> 0 | G75: =G9/'Output-Calculation-sheet'!G8*'Output-Calculation-sheet'!G62 -> 0 | H75: =H9/'Output-Calculation-sheet'!H8*'Output-Calculation-sheet'!H62 -> 0 | I75: =I9/'Output-Calculation-sheet'!I8*'Output-Calculation-sheet'!I62 -> 0 | ... BF75: =BF9/'Output-Calculation-sheet'!BF8*'Output-Calculation-sheet'!BF62 -> 0 | BH75: =SUM(B75:BF75)/1000 -> 13.324023
A76: 2033 | B76: =B10/'Output-Calculation-sheet'!B9*'Output-Calculation-sheet'!B63 -> 0 | C76: =C10/'Output-Calculation-sheet'!C9*'Output-Calculation-sheet'!C63 -> 0 | D76: =D10/'Output-Calculation-sheet'!D9*'Output-Calculation-sheet'!D63 -> 0 | E76: =E10/'Output-Calculation-sheet'!E9*'Output-Calculation-sheet'!E63 -> 0 | F76: =F10/'Output-Calculation-sheet'!F9*'Output-Calculation-sheet'!F63 -> 0 | G76: =G10/'Output-Calculation-sheet'!G9*'Output-Calculation-sheet'!G63 -> 0 | H76: =H10/'Output-Calculation-sheet'!H9*'Output-Calculation-sheet'!H63 -> 0 | I76: =I10/'Output-Calculation-sheet'!I9*'Output-Calculation-sheet'!I63 -> 0 | ... BF76: =BF10/'Output-Calculation-sheet'!BF9*'Output-Calculation-sheet'!BF63 -> 0 | BH76: =SUM(B76:BF76)/1000 -> 1.5268153
A77: 2034 | B77: =B11/'Output-Calculation-sheet'!B10*'Output-Calculation-sheet'!B64 -> 24.400236 | C77: =C11/'Output-Calculation-sheet'!C10*'Output-Calculation-sheet'!C64 -> 0 | D77: =D11/'Output-Calculation-sheet'!D10*'Output-Calculation-sheet'!D64 -> 0 | E77: =E11/'Output-Calculation-sheet'!E10*'Output-Calculation-sheet'!E64 -> 0 | F77: =F11/'Output-Calculation-sheet'!F10*'Output-Calculation-sheet'!F64 -> 0 | G77: =G11/'Output-Calculation-sheet'!G10*'Output-Calculation-sheet'!G64 -> 0 | H77: =H11/'Output-Calculation-sheet'!H10*'Output-Calculation-sheet'!H64 -> 0 | I77: =I11/'Output-Calculation-sheet'!I10*'Output-Calculation-sheet'!I64 -> 0 | ... BF77: =BF11/'Output-Calculation-sheet'!BF10*'Output-Calculation-sheet'!BF64 -> 0 | BH77: =SUM(B77:BF77)/1000 -> 2.6738705
A78: 2035 | B78: =B12/'Output-Calculation-sheet'!B11*'Output-Calculation-sheet'!B65 -> 83.608298 | C78: =C12/'Output-Calculation-sheet'!C11*'Output-Calculation-sheet'!C65 -> 0 | D78: =D12/'Output-Calculation-sheet'!D11*'Output-Calculation-sheet'!D65 -> 0 | E78: =E12/'Output-Calculation-sheet'!E11*'Output-Calculation-sheet'!E65 -> 7.1471584 | F78: =F12/'Output-Calculation-sheet'!F11*'Output-Calculation-sheet'!F65 -> 0 | G78: =G12/'Output-Calculation-sheet'!G11*'Output-Calculation-sheet'!G65 -> 0 | H78: =H12/'Output-Calculation-sheet'!H11*'Output-Calculation-sheet'!H65 -> 0 | I78: =I12/'Output-Calculation-sheet'!I11*'Output-Calculation-sheet'!I65 -> 0 | ... BF78: =BF12/'Output-Calculation-sheet'!BF11*'Output-Calculation-sheet'!BF65 -> 0 | BH78: =SUM(B78:BF78)/1000 -> 3.3651507
A80: Heat Pump Capacity (MW) | BH80: Total Heat Pump Capacity (GW)
A82: 2028 | B82: =B5/'Output-Calculation-sheet'!B4*'Output-Calculation-sheet'!B67 -> 0 | C82: =C5/'Output-Calculation-sheet'!C4*'Output-Calculation-sheet'!C67 -> 0 | D82: =D5/'Output-Calculation-sheet'!D4*'Output-Calculation-sheet'!D67 -> 0 | E82: =E5/'Output-Calculation-sheet'!E4*'Output-Calculation-sheet'!E67 -> 0 | F82: =F5/'Output-Calculation-sheet'!F4*'Output-Calculation-sheet'!F67 -> 0 | G82: =G5/'Output-Calculation-sheet'!G4*'Output-Calculation-sheet'!G67 -> 0 | H82: =H5/'Output-Calculation-sheet'!H4*'Output-Calculation-sheet'!H67 -> 0 | I82: =I5/'Output-Calculation-sheet'!I4*'Output-Calculation-sheet'!I67 -> 0 | ... BF82: =BF5/'Output-Calculation-sheet'!BF4*'Output-Calculation-sheet'!BF67 -> 0 | BH82: =SUM(B82:BF82)/1000 -> 3.3027617
A83: 2029 | B83: =B6/'Output-Calculation-sheet'!B5*'Output-Calculation-sheet'!B68 -> 0 | C83: =C6/'Output-Calculation-sheet'!C5*'Output-Calculation-sheet'!C68 -> 0 | D83: =D6/'Output-Calculation-sheet'!D5*'Output-Calculation-sheet'!D68 -> 0 | E83: =E6/'Output-Calculation-sheet'!E5*'Output-Calculation-sheet'!E68 -> 0 | F83: =F6/'Output-Calculation-sheet'!F5*'Output-Calculation-sheet'!F68 -> 0 | G83: =G6/'Output-Calculation-sheet'!G5*'Output-Calculation-sheet'!G68 -> 0 | H83: =H6/'Output-Calculation-sheet'!H5*'Output-Calculation-sheet'!H68 -> 0 | I83: =I6/'Output-Calculation-sheet'!I5*'Output-Calculation-sheet'!I68 -> 0 | ... BF83: =BF6/'Output-Calculation-sheet'!BF5*'Output-Calculation-sheet'!BF68 -> 0 | BH83: =SUM(B83:BF83)/1000 -> 6.9975401
A84: 2030 | B84: =B7/'Output-Calculation-sheet'!B6*'Output-Calculation-sheet'!B69 -> 0 | C84: =C7/'Output-Calculation-sheet'!C6*'Output-Calculation-sheet'!C69 -> 0 | D84: =D7/'Output-Calculation-sheet'!D6*'Output-Calculation-sheet'!D69 -> 0 | E84: =E7/'Output-Calculation-sheet'!E6*'Output-Calculation-sheet'!E69 -> 0 | F84: =F7/'Output-Calculation-sheet'!F6*'Output-Calculation-sheet'!F69 -> 0 | G84: =G7/'Output-Calculation-sheet'!G6*'Output-Calculation-sheet'!G69 -> 0 | H84: =H7/'Output-Calculation-sheet'!H6*'Output-Calculation-sheet'!H69 -> 0 | I84: =I7/'Output-Calculation-sheet'!I6*'Output-Calculation-sheet'!I69 -> 0 | ... BF84: =BF7/'Output-Calculation-sheet'!BF6*'Output-Calculation-sheet'!BF69 -> 0 | BH84: =SUM(B84:BF84)/1000 -> 16.730577
A85: 2031 | B85: =B8/'Output-Calculation-sheet'!B7*'Output-Calculation-sheet'!B70 -> 0 | C85: =C8/'Output-Calculation-sheet'!C7*'Output-Calculation-sheet'!C70 -> 0 | D85: =D8/'Output-Calculation-sheet'!D7*'Output-Calculation-sheet'!D70 -> 0 | E85: =E8/'Output-Calculation-sheet'!E7*'Output-Calculation-sheet'!E70 -> 0 | F85: =F8/'Output-Calculation-sheet'!F7*'Output-Calculation-sheet'!F70 -> 0 | G85: =G8/'Output-Calculation-sheet'!G7*'Output-Calculation-sheet'!G70 -> 0 | H85: =H8/'Output-Calculation-sheet'!H7*'Output-Calculation-sheet'!H70 -> 0 | I85: =I8/'Output-Calculation-sheet'!I7*'Output-Calculation-sheet'!I70 -> 0 | ... BF85: =BF8/'Output-Calculation-sheet'!BF7*'Output-Calculation-sheet'!BF70 -> 0 | BH85: =SUM(B85:BF85)/1000 -> 8.5064489
A86: 2032 | B86: =B9/'Output-Calculation-sheet'!B8*'Output-Calculation-sheet'!B71 -> 0 | C86: =C9/'Output-Calculation-sheet'!C8*'Output-Calculation-sheet'!C71 -> 0 | D86: =D9/'Output-Calculation-sheet'!D8*'Output-Calculation-sheet'!D71 -> 0 | E86: =E9/'Output-Calculation-sheet'!E8*'Output-Calculation-sheet'!E71 -> 0 | F86: =F9/'Output-Calculation-sheet'!F8*'Output-Calculation-sheet'!F71 -> 0 | G86: =G9/'Output-Calculation-sheet'!G8*'Output-Calculation-sheet'!G71 -> 0 | H86: =H9/'Output-Calculation-sheet'!H8*'Output-Calculation-sheet'!H71 -> 0 | I86: =I9/'Output-Calculation-sheet'!I8*'Output-Calculation-sheet'!I71 -> 0 | ... BF86: =BF9/'Output-Calculation-sheet'!BF8*'Output-Calculation-sheet'!BF71 -> 0 | BH86: =SUM(B86:BF86)/1000 -> 6.0159806
A87: 2033 | B87: =B10/'Output-Calculation-sheet'!B9*'Output-Calculation-sheet'!B72 -> 0 | C87: =C10/'Output-Calculation-sheet'!C9*'Output-Calculation-sheet'!C72 -> 0 | D87: =D10/'Output-Calculation-sheet'!D9*'Output-Calculation-sheet'!D72 -> 0 | E87: =E10/'Output-Calculation-sheet'!E9*'Output-Calculation-sheet'!E72 -> 0 | F87: =F10/'Output-Calculation-sheet'!F9*'Output-Calculation-sheet'!F72 -> 0 | G87: =G10/'Output-Calculation-sheet'!G9*'Output-Calculation-sheet'!G72 -> 0 | H87: =H10/'Output-Calculation-sheet'!H9*'Output-Calculation-sheet'!H72 -> 0 | I87: =I10/'Output-Calculation-sheet'!I9*'Output-Calculation-sheet'!I72 -> 0 | ... BF87: =BF10/'Output-Calculation-sheet'!BF9*'Output-Calculation-sheet'!BF72 -> 0 | BH87: =SUM(B87:BF87)/1000 -> 0.078527559
A88: 2034 | B88: =B11/'Output-Calculation-sheet'!B10*'Output-Calculation-sheet'!B73 -> 0 | C88: =C11/'Output-Calculation-sheet'!C10*'Output-Calculation-sheet'!C73 -> 0 | D88: =D11/'Output-Calculation-sheet'!D10*'Output-Calculation-sheet'!D73 -> 0 | E88: =E11/'Output-Calculation-sheet'!E10*'Output-Calculation-sheet'!E73 -> 0 | F88: =F11/'Output-Calculation-sheet'!F10*'Output-Calculation-sheet'!F73 -> 0 | G88: =G11/'Output-Calculation-sheet'!G10*'Output-Calculation-sheet'!G73 -> 0 | H88: =H11/'Output-Calculation-sheet'!H10*'Output-Calculation-sheet'!H73 -> 0 | I88: =I11/'Output-Calculation-sheet'!I10*'Output-Calculation-sheet'!I73 -> 0 | ... BF88: =BF11/'Output-Calculation-sheet'!BF10*'Output-Calculation-sheet'!BF73 -> 0 | BH88: =SUM(B88:BF88)/1000 -> 0.018481702
A89: 2035 | B89: =B12/'Output-Calculation-sheet'!B11*'Output-Calculation-sheet'!B74 -> 0 | C89: =C12/'Output-Calculation-sheet'!C11*'Output-Calculation-sheet'!C74 -> 0 | D89: =D12/'Output-Calculation-sheet'!D11*'Output-Calculation-sheet'!D74 -> 0 | E89: =E12/'Output-Calculation-sheet'!E11*'Output-Calculation-sheet'!E74 -> 0 | F89: =F12/'Output-Calculation-sheet'!F11*'Output-Calculation-sheet'!F74 -> 0 | G89: =G12/'Output-Calculation-sheet'!G11*'Output-Calculation-sheet'!G74 -> 0 | H89: =H12/'Output-Calculation-sheet'!H11*'Output-Calculation-sheet'!H74 -> 0 | I89: =I12/'Output-Calculation-sheet'!I11*'Output-Calculation-sheet'!I74 -> 0 | ... BF89: =BF12/'Output-Calculation-sheet'!BF11*'Output-Calculation-sheet'!BF74 -> 0 | BH89: =SUM(B89:BF89)/1000 -> 0.024441602
A91: Emissions avoided (kgCO2) | BH91: Total avoided emissions (GtCO2)
A93: 2028 | B93: =B5/'Output-Calculation-sheet'!B4*'Output-Calculation-sheet'!B76 -> 3329792.3 | C93: =C5/'Output-Calculation-sheet'!C4*'Output-Calculation-sheet'!C76 -> 5216969.4 | D93: =D5/'Output-Calculation-sheet'!D4*'Output-Calculation-sheet'!D76 -> 2.8767572e+08 | E93: =E5/'Output-Calculation-sheet'!E4*'Output-Calculation-sheet'!E76 -> 10969812 | F93: =F5/'Output-Calculation-sheet'!F4*'Output-Calculation-sheet'!F76 -> 23997515 | G93: =G5/'Output-Calculation-sheet'!G4*'Output-Calculation-sheet'!G76 -> 34315439 | H93: =H5/'Output-Calculation-sheet'!H4*'Output-Calculation-sheet'!H76 -> 4611124.9 | I93: =I5/'Output-Calculation-sheet'!I4*'Output-Calculation-sheet'!I76 -> 4073073.8 | ... BF93: =BF5/'Output-Calculation-sheet'!BF4*'Output-Calculation-sheet'!BF76 -> 8005421.6 | BH93: =SUM(B93:BF93)/10^9 -> 10.415712
A94: 2029 | B94: =B6/'Output-Calculation-sheet'!B5*'Output-Calculation-sheet'!B77 -> 6749069.7 | C94: =C6/'Output-Calculation-sheet'!C5*'Output-Calculation-sheet'!C77 -> 10939809 | D94: =D6/'Output-Calculation-sheet'!D5*'Output-Calculation-sheet'!D77 -> 6.5443758e+08 | E94: =E6/'Output-Calculation-sheet'!E5*'Output-Calculation-sheet'!E77 -> 24155079 | F94: =F6/'Output-Calculation-sheet'!F5*'Output-Calculation-sheet'!F77 -> 52561769 | G94: =G6/'Output-Calculation-sheet'!G5*'Output-Calculation-sheet'!G77 -> 77498870 | H94: =H6/'Output-Calculation-sheet'!H5*'Output-Calculation-sheet'!H77 -> 9255026.7 | I94: =I6/'Output-Calculation-sheet'!I5*'Output-Calculation-sheet'!I77 -> 7460831.6 | ... BF94: =BF6/'Output-Calculation-sheet'!BF5*'Output-Calculation-sheet'!BF77 -> 14896248 | BH94: =SUM(B94:BF94)/10^9 -> 23.655789
A95: 2030 | B95: =B7/'Output-Calculation-sheet'!B6*'Output-Calculation-sheet'!B78 -> 9481874.5 | C95: =C7/'Output-Calculation-sheet'!C6*'Output-Calculation-sheet'!C78 -> 15809207 | D95: =D7/'Output-Calculation-sheet'!D6*'Output-Calculation-sheet'!D78 -> 1.0215023e+09 | E95: =E7/'Output-Calculation-sheet'!E6*'Output-Calculation-sheet'!E78 -> 36567707 | F95: =F7/'Output-Calculation-sheet'!F6*'Output-Calculation-sheet'!F78 -> 79306021 | G95: =G7/'Output-Calculation-sheet'!G6*'Output-Calculation-sheet'!G78 -> 1.2043314e+08 | H95: =H7/'Output-Calculation-sheet'!H6*'Output-Calculation-sheet'!H78 -> 12817777 | I95: =I7/'Output-Calculation-sheet'!I6*'Output-Calculation-sheet'!I78 -> 9490426 | ... BF95: =BF7/'Output-Calculation-sheet'!BF6*'Output-Calculation-sheet'!BF78 -> 17636626 | BH95: =SUM(B95:BF95)/10^9 -> 36.974459
A96: 2031 | B96: =B8/'Output-Calculation-sheet'!B7*'Output-Calculation-sheet'!B79 -> 9382942.4 | C96: =C8/'Output-Calculation-sheet'!C7*'Output-Calculation-sheet'!C79 -> 17957239 | D96: =D8/'Output-Calculation-sheet'!D7*'Output-Calculation-sheet'!D79 -> 1.2521228e+09 | E96: =E8/'Output-Calculation-sheet'!E7*'Output-Calculation-sheet'!E79 -> 42819492 | F96: =F8/'Output-Calculation-sheet'!F7*'Output-Calculation-sheet'!F79 -> 96348107 | G96: =G8/'Output-Calculation-sheet'!G7*'Output-Calculation-sheet'!G79 -> 1.4363855e+08 | H96: =H8/'Output-Calculation-sheet'!H7*'Output-Calculation-sheet'!H79 -> 13522864 | I96: =I8/'Output-Calculation-sheet'!I7*'Output-Calculation-sheet'!I79 -> 4168914.8 | ... BF96: =BF8/'Output-Calculation-sheet'!BF7*'Output-Calculation-sheet'!BF79 -> 16360040 | BH96: =SUM(B96:BF96)/10^9 -> 46.02902
A97: 2032 | B97: =B9/'Output-Calculation-sheet'!B8*'Output-Calculation-sheet'!B80 -> 9992710.8 | C97: =C9/'Output-Calculation-sheet'!C8*'Output-Calculation-sheet'!C80 -> 19378293 | D97: =D9/'Output-Calculation-sheet'!D8*'Output-Calculation-sheet'!D80 -> 1.3347437e+09 | E97: =E9/'Output-Calculation-sheet'!E8*'Output-Calculation-sheet'!E80 -> 43852822 | F97: =F9/'Output-Calculation-sheet'!F8*'Output-Calculation-sheet'!F80 -> 1.0378458e+08 | G97: =G9/'Output-Calculation-sheet'!G8*'Output-Calculation-sheet'!G80 -> 1.5053891e+08 | H97: =H9/'Output-Calculation-sheet'!H8*'Output-Calculation-sheet'!H80 -> 13346196 | I97: =I9/'Output-Calculation-sheet'!I8*'Output-Calculation-sheet'!I80 -> 4244742.7 | ... BF97: =BF9/'Output-Calculation-sheet'!BF8*'Output-Calculation-sheet'!BF80 -> 17638941 | BH97: =SUM(B97:BF97)/10^9 -> 50.868394
A98: 2033 | B98: =B10/'Output-Calculation-sheet'!B9*'Output-Calculation-sheet'!B81 -> 10240640 | C98: =C10/'Output-Calculation-sheet'!C9*'Output-Calculation-sheet'!C81 -> 20097528 | D98: =D10/'Output-Calculation-sheet'!D9*'Output-Calculation-sheet'!D81 -> 1.3478216e+09 | E98: =E10/'Output-Calculation-sheet'!E9*'Output-Calculation-sheet'!E81 -> 43077165 | F98: =F10/'Output-Calculation-sheet'!F9*'Output-Calculation-sheet'!F81 -> 1.0744191e+08 | G98: =G10/'Output-Calculation-sheet'!G9*'Output-Calculation-sheet'!G81 -> 1.5095061e+08 | H98: =H10/'Output-Calculation-sheet'!H9*'Output-Calculation-sheet'!H81 -> 12686567 | I98: =I10/'Output-Calculation-sheet'!I9*'Output-Calculation-sheet'!I81 -> 4164916.8 | ... BF98: =BF10/'Output-Calculation-sheet'!BF9*'Output-Calculation-sheet'!BF81 -> 18372505 | BH98: =SUM(B98:BF98)/10^9 -> 53.374998
A99: 2034 | B99: =B11/'Output-Calculation-sheet'!B10*'Output-Calculation-sheet'!B82 -> 10302876 | C99: =C11/'Output-Calculation-sheet'!C10*'Output-Calculation-sheet'!C82 -> 20437281 | D99: =D11/'Output-Calculation-sheet'!D10*'Output-Calculation-sheet'!D82 -> 1.3154974e+09 | E99: =E11/'Output-Calculation-sheet'!E10*'Output-Calculation-sheet'!E82 -> 41425074 | F99: =F11/'Output-Calculation-sheet'!F10*'Output-Calculation-sheet'!F82 -> 1.0903516e+08 | G99: =G11/'Output-Calculation-sheet'!G10*'Output-Calculation-sheet'!G82 -> 1.4780694e+08 | H99: =H11/'Output-Calculation-sheet'!H10*'Output-Calculation-sheet'!H82 -> 11852067 | I99: =I11/'Output-Calculation-sheet'!I10*'Output-Calculation-sheet'!I82 -> 4017679.2 | ... BF99: =BF11/'Output-Calculation-sheet'!BF10*'Output-Calculation-sheet'!BF82 -> 18837126 | BH99: =SUM(B99:BF99)/10^9 -> 54.23612
A100: 2035 | B100: =B12/'Output-Calculation-sheet'!B11*'Output-Calculation-sheet'!B83 -> 10245849 | C100: =C12/'Output-Calculation-sheet'!C11*'Output-Calculation-sheet'!C83 -> 20518438 | D100: =D12/'Output-Calculation-sheet'!D11*'Output-Calculation-sheet'!D83 -> 1.2509055e+09 | E100: =E12/'Output-Calculation-sheet'!E11*'Output-Calculation-sheet'!E83 -> 39281774 | F100: =F12/'Output-Calculation-sheet'!F11*'Output-Calculation-sheet'!F83 -> 1.0922493e+08 | G100: =G12/'Output-Calculation-sheet'!G11*'Output-Calculation-sheet'!G83 -> 1.4235903e+08 | H100: =H12/'Output-Calculation-sheet'!H11*'Output-Calculation-sheet'!H83 -> 10958311 | I100: =I12/'Output-Calculation-sheet'!I11*'Output-Calculation-sheet'!I83 -> 3836433.7 | ... BF100: =BF12/'Output-Calculation-sheet'!BF11*'Output-Calculation-sheet'!BF83 -> 19122725 | BH100: =SUM(B100:BF100)/10^9 -> 53.785756
A102: Carbon Captured (kgCO2) | BH102: Total carbon captured (GtCO2)
A104: 2028 | B104: =B5/'Output-Calculation-sheet'!B4*'Output-Calculation-sheet'!B85 -> 0 | C104: =C5/'Output-Calculation-sheet'!C4*'Output-Calculation-sheet'!C85 -> 0 | D104: =D5/'Output-Calculation-sheet'!D4*'Output-Calculation-sheet'!D85 -> 0 | E104: =E5/'Output-Calculation-sheet'!E4*'Output-Calculation-sheet'!E85 -> 0 | F104: =F5/'Output-Calculation-sheet'!F4*'Output-Calculation-sheet'!F85 -> 0 | G104: =G5/'Output-Calculation-sheet'!G4*'Output-Calculation-sheet'!G85 -> 0 | H104: =H5/'Output-Calculation-sheet'!H4*'Output-Calculation-sheet'!H85 -> 0 | I104: =I5/'Output-Calculation-sheet'!I4*'Output-Calculation-sheet'!I85 -> 0 | ... BF104: =BF5/'Output-Calculation-sheet'!BF4*'Output-Calculation-sheet'!BF85 -> 0 | BH104: =SUM(B104:BF104)/10^9 -> 0.13699117
A105: 2029 | B105: =B6/'Output-Calculation-sheet'!B5*'Output-Calculation-sheet'!B86 -> 0 | C105: =C6/'Output-Calculation-sheet'!C5*'Output-Calculation-sheet'!C86 -> 0 | D105: =D6/'Output-Calculation-sheet'!D5*'Output-Calculation-sheet'!D86 -> 0 | E105: =E6/'Output-Calculation-sheet'!E5*'Output-Calculation-sheet'!E86 -> 0 | F105: =F6/'Output-Calculation-sheet'!F5*'Output-Calculation-sheet'!F86 -> 0 | G105: =G6/'Output-Calculation-sheet'!G5*'Output-Calculation-sheet'!G86 -> 0 | H105: =H6/'Output-Calculation-sheet'!H5*'Output-Calculation-sheet'!H86 -> 0 | I105: =I6/'Output-Calculation-sheet'!I5*'Output-Calculation-sheet'!I86 -> 0 | ... BF105: =BF6/'Output-Calculation-sheet'!BF5*'Output-Calculation-sheet'!BF86 -> 0 | BH105: =SUM(B105:BF105)/10^9 -> 0.36250658
A106: 2030 | B106: =B7/'Output-Calculation-sheet'!B6*'Output-Calculation-sheet'!B87 -> 0 | C106: =C7/'Output-Calculation-sheet'!C6*'Output-Calculation-sheet'!C87 -> 0 | D106: =D7/'Output-Calculation-sheet'!D6*'Output-Calculation-sheet'!D87 -> 0 | E106: =E7/'Output-Calculation-sheet'!E6*'Output-Calculation-sheet'!E87 -> 0 | F106: =F7/'Output-Calculation-sheet'!F6*'Output-Calculation-sheet'!F87 -> 0 | G106: =G7/'Output-Calculation-sheet'!G6*'Output-Calculation-sheet'!G87 -> 0 | H106: =H7/'Output-Calculation-sheet'!H6*'Output-Calculation-sheet'!H87 -> 0 | I106: =I7/'Output-Calculation-sheet'!I6*'Output-Calculation-sheet'!I87 -> 0 | ... BF106: =BF7/'Output-Calculation-sheet'!BF6*'Output-Calculation-sheet'!BF87 -> 0 | BH106: =SUM(B106:BF106)/10^9 -> 0.73046613
A107: 2031 | B107: =B8/'Output-Calculation-sheet'!B7*'Output-Calculation-sheet'!B88 -> 0 | C107: =C8/'Output-Calculation-sheet'!C7*'Output-Calculation-sheet'!C88 -> 0 | D107: =D8/'Output-Calculation-sheet'!D7*'Output-Calculation-sheet'!D88 -> 0 | E107: =E8/'Output-Calculation-sheet'!E7*'Output-Calculation-sheet'!E88 -> 0 | F107: =F8/'Output-Calculation-sheet'!F7*'Output-Calculation-sheet'!F88 -> 0 | G107: =G8/'Output-Calculation-sheet'!G7*'Output-Calculation-sheet'!G88 -> 0 | H107: =H8/'Output-Calculation-sheet'!H7*'Output-Calculation-sheet'!H88 -> 0 | I107: =I8/'Output-Calculation-sheet'!I7*'Output-Calculation-sheet'!I88 -> 0 | ... BF107: =BF8/'Output-Calculation-sheet'!BF7*'Output-Calculation-sheet'!BF88 -> 0 | BH107: =SUM(B107:BF107)/10^9 -> 0.80620976
A108: 2032 | B108: =B9/'Output-Calculation-sheet'!B8*'Output-Calculation-sheet'!B89 -> 0 | C108: =C9/'Output-Calculation-sheet'!C8*'Output-Calculation-sheet'!C89 -> 0 | D108: =D9/'Output-Calculation-sheet'!D8*'Output-Calculation-sheet'!D89 -> 0 | E108: =E9/'Output-Calculation-sheet'!E8*'Output-Calculation-sheet'!E89 -> 0 | F108: =F9/'Output-Calculation-sheet'!F8*'Output-Calculation-sheet'!F89 -> 0 | G108: =G9/'Output-Calculation-sheet'!G8*'Output-Calculation-sheet'!G89 -> 0 | H108: =H9/'Output-Calculation-sheet'!H8*'Output-Calculation-sheet'!H89 -> 0 | I108: =I9/'Output-Calculation-sheet'!I8*'Output-Calculation-sheet'!I89 -> 0 | ... BF108: =BF9/'Output-Calculation-sheet'!BF8*'Output-Calculation-sheet'!BF89 -> 0 | BH108: =SUM(B108:BF108)/10^9 -> 0.84328531
A109: 2033 | B109: =B10/'Output-Calculation-sheet'!B9*'Output-Calculation-sheet'!B90 -> 0 | C109: =C10/'Output-Calculation-sheet'!C9*'Output-Calculation-sheet'!C90 -> 0 | D109: =D10/'Output-Calculation-sheet'!D9*'Output-Calculation-sheet'!D90 -> 0 | E109: =E10/'Output-Calculation-sheet'!E9*'Output-Calculation-sheet'!E90 -> 0 | F109: =F10/'Output-Calculation-sheet'!F9*'Output-Calculation-sheet'!F90 -> 0 | G109: =G10/'Output-Calculation-sheet'!G9*'Output-Calculation-sheet'!G90 -> 0 | H109: =H10/'Output-Calculation-sheet'!H9*'Output-Calculation-sheet'!H90 -> 0 | I109: =I10/'Output-Calculation-sheet'!I9*'Output-Calculation-sheet'!I90 -> 0 | ... BF109: =BF10/'Output-Calculation-sheet'!BF9*'Output-Calculation-sheet'!BF90 -> 0 | BH109: =SUM(B109:BF109)/10^9 -> 0.51283978
A110: 2034 | B110: =B11/'Output-Calculation-sheet'!B10*'Output-Calculation-sheet'!B91 -> 0 | C110: =C11/'Output-Calculation-sheet'!C10*'Output-Calculation-sheet'!C91 -> 0 | D110: =D11/'Output-Calculation-sheet'!D10*'Output-Calculation-sheet'!D91 -> 0 | E110: =E11/'Output-Calculation-sheet'!E10*'Output-Calculation-sheet'!E91 -> 0 | F110: =F11/'Output-Calculation-sheet'!F10*'Output-Calculation-sheet'!F91 -> 0 | G110: =G11/'Output-Calculation-sheet'!G10*'Output-Calculation-sheet'!G91 -> 0 | H110: =H11/'Output-Calculation-sheet'!H10*'Output-Calculation-sheet'!H91 -> 0 | I110: =I11/'Output-Calculation-sheet'!I10*'Output-Calculation-sheet'!I91 -> 0 | ... BF110: =BF11/'Output-Calculation-sheet'!BF10*'Output-Calculation-sheet'!BF91 -> 0 | BH110: =SUM(B110:BF110)/10^9 -> 0.033487136
A111: 2035 | B111: =B12/'Output-Calculation-sheet'!B11*'Output-Calculation-sheet'!B92 -> 0 | C111: =C12/'Output-Calculation-sheet'!C11*'Output-Calculation-sheet'!C92 -> 0 | D111: =D12/'Output-Calculation-sheet'!D11*'Output-Calculation-sheet'!D92 -> 0 | E111: =E12/'Output-Calculation-sheet'!E11*'Output-Calculation-sheet'!E92 -> 0 | F111: =F12/'Output-Calculation-sheet'!F11*'Output-Calculation-sheet'!F92 -> 0 | G111: =G12/'Output-Calculation-sheet'!G11*'Output-Calculation-sheet'!G92 -> 0 | H111: =H12/'Output-Calculation-sheet'!H11*'Output-Calculation-sheet'!H92 -> 0 | I111: =I12/'Output-Calculation-sheet'!I11*'Output-Calculation-sheet'!I92 -> 0 | ... BF111: =BF12/'Output-Calculation-sheet'!BF11*'Output-Calculation-sheet'!BF92 -> 0 | BH111: =SUM(B111:BF111)/10^9 -> 0.041455101
A113: Solar Power Supplied (kWh) | BH113: Total solar power supplied (TWh)
A115: 2028 | B115: =B5/'Output-Calculation-sheet'!B4*'Output-Calculation-sheet'!B94 -> 0 | C115: =C5/'Output-Calculation-sheet'!C4*'Output-Calculation-sheet'!C94 -> 0 | D115: =D5/'Output-Calculation-sheet'!D4*'Output-Calculation-sheet'!D94 -> 1.8667454e+08 | E115: =E5/'Output-Calculation-sheet'!E4*'Output-Calculation-sheet'!E94 -> 6378135.2 | F115: =F5/'Output-Calculation-sheet'!F4*'Output-Calculation-sheet'!F94 -> 59017032 | G115: =G5/'Output-Calculation-sheet'!G4*'Output-Calculation-sheet'!G94 -> 0 | H115: =H5/'Output-Calculation-sheet'!H4*'Output-Calculation-sheet'!H94 -> 0 | I115: =I5/'Output-Calculation-sheet'!I4*'Output-Calculation-sheet'!I94 -> 0 | ... BF115: =BF5/'Output-Calculation-sheet'!BF4*'Output-Calculation-sheet'!BF94 -> 0 | BH115: =SUM(B115:BF115)/10^9 -> 13.096717
A116: 2029 | B116: =B6/'Output-Calculation-sheet'!B5*'Output-Calculation-sheet'!B95 -> 0 | C116: =C6/'Output-Calculation-sheet'!C5*'Output-Calculation-sheet'!C95 -> 0 | D116: =D6/'Output-Calculation-sheet'!D5*'Output-Calculation-sheet'!D95 -> 3.5993529e+08 | E116: =E6/'Output-Calculation-sheet'!E5*'Output-Calculation-sheet'!E95 -> 12713433 | F116: =F6/'Output-Calculation-sheet'!F5*'Output-Calculation-sheet'!F95 -> 1.2422108e+08 | G116: =G6/'Output-Calculation-sheet'!G5*'Output-Calculation-sheet'!G95 -> 0 | H116: =H6/'Output-Calculation-sheet'!H5*'Output-Calculation-sheet'!H95 -> 0 | I116: =I6/'Output-Calculation-sheet'!I5*'Output-Calculation-sheet'!I95 -> 0 | ... BF116: =BF6/'Output-Calculation-sheet'!BF5*'Output-Calculation-sheet'!BF95 -> 0 | BH116: =SUM(B116:BF116)/10^9 -> 29.418482
A117: 2030 | B117: =B7/'Output-Calculation-sheet'!B6*'Output-Calculation-sheet'!B96 -> 0 | C117: =C7/'Output-Calculation-sheet'!C6*'Output-Calculation-sheet'!C96 -> 0 | D117: =D7/'Output-Calculation-sheet'!D6*'Output-Calculation-sheet'!D96 -> 4.3967714e+08 | E117: =E7/'Output-Calculation-sheet'!E6*'Output-Calculation-sheet'!E96 -> 16908493 | F117: =F7/'Output-Calculation-sheet'!F6*'Output-Calculation-sheet'!F96 -> 1.7571197e+08 | G117: =G7/'Output-Calculation-sheet'!G6*'Output-Calculation-sheet'!G96 -> 0 | H117: =H7/'Output-Calculation-sheet'!H6*'Output-Calculation-sheet'!H96 -> 0 | I117: =I7/'Output-Calculation-sheet'!I6*'Output-Calculation-sheet'!I96 -> 0 | ... BF117: =BF7/'Output-Calculation-sheet'!BF6*'Output-Calculation-sheet'!BF96 -> 0 | BH117: =SUM(B117:BF117)/10^9 -> 44.315203
A118: 2031 | B118: =B8/'Output-Calculation-sheet'!B7*'Output-Calculation-sheet'!B97 -> 0 | C118: =C8/'Output-Calculation-sheet'!C7*'Output-Calculation-sheet'!C97 -> 0 | D118: =D8/'Output-Calculation-sheet'!D7*'Output-Calculation-sheet'!D97 -> 3.3915747e+08 | E118: =E8/'Output-Calculation-sheet'!E7*'Output-Calculation-sheet'!E97 -> 0 | F118: =F8/'Output-Calculation-sheet'!F7*'Output-Calculation-sheet'!F97 -> 1.7701008e+08 | G118: =G8/'Output-Calculation-sheet'!G7*'Output-Calculation-sheet'!G97 -> 0 | H118: =H8/'Output-Calculation-sheet'!H7*'Output-Calculation-sheet'!H97 -> 0 | I118: =I8/'Output-Calculation-sheet'!I7*'Output-Calculation-sheet'!I97 -> 0 | ... BF118: =BF8/'Output-Calculation-sheet'!BF7*'Output-Calculation-sheet'!BF97 -> 0 | BH118: =SUM(B118:BF118)/10^9 -> 51.284083
A119: 2032 | B119: =B9/'Output-Calculation-sheet'!B8*'Output-Calculation-sheet'!B98 -> 0 | C119: =C9/'Output-Calculation-sheet'!C8*'Output-Calculation-sheet'!C98 -> 0 | D119: =D9/'Output-Calculation-sheet'!D8*'Output-Calculation-sheet'!D98 -> 1.1321589e+08 | E119: =E9/'Output-Calculation-sheet'!E8*'Output-Calculation-sheet'!E98 -> 0 | F119: =F9/'Output-Calculation-sheet'!F8*'Output-Calculation-sheet'!F98 -> 1.3460888e+08 | G119: =G9/'Output-Calculation-sheet'!G8*'Output-Calculation-sheet'!G98 -> 0 | H119: =H9/'Output-Calculation-sheet'!H8*'Output-Calculation-sheet'!H98 -> 0 | I119: =I9/'Output-Calculation-sheet'!I8*'Output-Calculation-sheet'!I98 -> 0 | ... BF119: =BF9/'Output-Calculation-sheet'!BF8*'Output-Calculation-sheet'!BF98 -> 0 | BH119: =SUM(B119:BF119)/10^9 -> 50.33807
A120: 2033 | B120: =B10/'Output-Calculation-sheet'!B9*'Output-Calculation-sheet'!B99 -> 0 | C120: =C10/'Output-Calculation-sheet'!C9*'Output-Calculation-sheet'!C99 -> 0 | D120: =D10/'Output-Calculation-sheet'!D9*'Output-Calculation-sheet'!D99 -> 0 | E120: =E10/'Output-Calculation-sheet'!E9*'Output-Calculation-sheet'!E99 -> 0 | F120: =F10/'Output-Calculation-sheet'!F9*'Output-Calculation-sheet'!F99 -> 60187040 | G120: =G10/'Output-Calculation-sheet'!G9*'Output-Calculation-sheet'!G99 -> 0 | H120: =H10/'Output-Calculation-sheet'!H9*'Output-Calculation-sheet'!H99 -> 0 | I120: =I10/'Output-Calculation-sheet'!I9*'Output-Calculation-sheet'!I99 -> 0 | ... BF120: =BF10/'Output-Calculation-sheet'!BF9*'Output-Calculation-sheet'!BF99 -> 0 | BH120: =SUM(B120:BF120)/10^9 -> 44.671377
A121: 2034 | B121: =B11/'Output-Calculation-sheet'!B10*'Output-Calculation-sheet'!B100 -> 28212295 | C121: =C11/'Output-Calculation-sheet'!C10*'Output-Calculation-sheet'!C100 -> 0 | D121: =D11/'Output-Calculation-sheet'!D10*'Output-Calculation-sheet'!D100 -> 0 | E121: =E11/'Output-Calculation-sheet'!E10*'Output-Calculation-sheet'!E100 -> 0 | F121: =F11/'Output-Calculation-sheet'!F10*'Output-Calculation-sheet'!F100 -> 0 | G121: =G11/'Output-Calculation-sheet'!G10*'Output-Calculation-sheet'!G100 -> 0 | H121: =H11/'Output-Calculation-sheet'!H10*'Output-Calculation-sheet'!H100 -> 0 | I121: =I11/'Output-Calculation-sheet'!I10*'Output-Calculation-sheet'!I100 -> 26867762 | ... BF121: =BF11/'Output-Calculation-sheet'!BF10*'Output-Calculation-sheet'!BF100 -> 0 | BH121: =SUM(B121:BF121)/10^9 -> 34.909188
...

Sheet Peak 2035-Fast-Medium
A1: Country | B1: Austria | C1: Belgium | D1: Australia | E1: Bulgaria | F1: Canada | G1: Czech Republic | H1: Denmark | I1: Finland | J1: France | K1: Germany | L1: Greece | M1: Hungary | N1: Ireland | O1: Italy | P1: Japan | Q1: Latvia | R1: Lithuania | S1: Netherlands | T1: New Zealand | U1: Norway | V1: Poland | W1: Portugal | X1: Romania | Y1: Slovenia | Z1: Spain | AA1: Sweden | AB1: Switzerland | AC1: Turkey | AD1: United Kingdom | AE1: US | AF1: China | AG1: South Korea | AH1: India | AI1: Indonesia | AJ1: Malaysia | AK1: Pakistan | AL1: Philippines | AM1: Singapore | AN1: Taiwan | AO1: Thailand | AP1: Vietnam | AQ1: Iran | AR1: Israel | AS1: Kenya | AT1: Nigeria | AU1: Oman | AV1: Saudi Arabia | AW1: South Africa | AX1: UAE | AY1: Argentina | AZ1: Brazil | BA1: Chile | BB1: Colombia | BC1: Mexico | BD1: Peru | BE1: Russia | BF1: Ukraine
A3: Year
A5: 2028 | B5: 1.0041388e+09 | C5: 1.0255034e+09 | D5: 8.4236583e+09 | E5: 6.4093964e+08 | F5: 3.3198677e+09 | G5: 1.110962e+09 | H5: 1.23915e+09 | I5: 1.6664431e+09 | J5: 5.8325507e+09 | K5: 9.7636471e+09 | L5: 4.2729309e+08 | M5: 4.0592844e+08 | N5: 2.6278525e+09 | O5: 3.8242732e+09 | P5: 5.984375e+09 | Q5: 5.3411636e+08 | R5: 4.0592844e+08 | S5: 4.1020137e+09 | T5: 1.7888077e+09 | U5: 1.5809844e+09 | V5: 1.8800896e+09 | W5: 8.9731549e+08 | X5: 1.2818793e+09 | Y5: 4.4865775e+08 | Z5: 3.6747206e+09 | AA5: 2.2005594e+09 | AB5: 2.4355706e+09 | AC5: 1.7732663e+09 | AD5: 9.4859066e+09 | AE5: 2.0369138e+11 | AF5: 1.0801266e+11 | AG5: 2.7319973e+09 | AH5: 8.618801e+09 | AI5: 4.6183764e+09 | AJ5: 3.5125679e+09 | AK5: 7.155231e+08 | AL5: 8.1309443e+08 | AM5: 2.4392833e+09 | AN5: 7.155231e+08 | AO5: 1.6261889e+09 | AP5: 9.4318954e+08 | AQ5: 1.1583471e+08 | AR5: 3.2433719e+08 | AS5: 2.325919e+08 | AT5: 2.0810855e+08 | AU5: 86876032 | AV5: 2.4904462e+08 | AW5: 6.8553403e+08 | AX5: 3.2433719e+08 | AY5: 1.403254e+08 | AZ5: 7.6353528e+08 | BA5: 2.6414193e+08 | BB5: 1.6508871e+08 | BC5: 7.0711984e+08 | BD5: 61908266 | BE5: 4.6964069e+09 | BF5: 7.9049222e+08
A6: 2029 | B6: 1.2908581e+09 | C6: 1.3183231e+09 | D6: 1.1140898e+10 | E6: 8.2395196e+08 | F6: 4.3013782e+09 | G6: 1.4281834e+09 | H6: 1.5929738e+09 | I6: 2.1422751e+09 | J6: 7.4979628e+09 | K6: 1.2551535e+10 | L6: 5.493013e+08 | M6: 5.2183624e+08 | N6: 3.378203e+09 | O6: 4.9162467e+09 | P6: 7.9147693e+09 | Q6: 6.8662663e+08 | R6: 5.2183624e+08 | S6: 5.2732925e+09 | T6: 2.3658278e+09 | U6: 2.0324148e+09 | V6: 2.4169257e+09 | W6: 1.1535327e+09 | X6: 1.6479039e+09 | Y6: 5.7676637e+08 | Z6: 4.7239912e+09 | AA6: 2.8289017e+09 | AB6: 3.1310174e+09 | AC6: 2.2796004e+09 | AD6: 1.2194489e+10 | AE6: 2.7083136e+11 | AF6: 1.4704678e+11 | AG6: 3.6132642e+09 | AH6: 1.1398988e+10 | AI6: 6.1081372e+09 | AJ6: 4.6456254e+09 | AK6: 9.4633111e+08 | AL6: 1.0753763e+09 | AM6: 3.2261288e+09 | AN6: 9.4633111e+08 | AO6: 2.1507525e+09 | AP6: 1.2474365e+09 | AQ6: 1.5116994e+08 | AR6: 4.2327584e+08 | AS6: 3.056279e+08 | AT6: 2.7345654e+08 | AU6: 1.1337746e+08 | AV6: 3.2501538e+08 | AW6: 9.0079803e+08 | AX6: 4.2327584e+08 | AY6: 1.8389293e+08 | AZ6: 1.0005939e+09 | BA6: 3.461514e+08 | BB6: 2.1634462e+08 | BC6: 9.1617803e+08 | BD6: 81129233 | BE6: 6.1366104e+09 | BF6: 1.0162074e+09
A7: 2030 | B7: 1.5208708e+09 | C7: 1.5532297e+09 | D7: 1.3524351e+10 | E7: 9.7076858e+08 | F7: 5.1098581e+09 | G7: 1.6826655e+09 | H7: 1.8768193e+09 | I7: 2.5239983e+09 | J7: 8.8339941e+09 | K7: 1.4788041e+10 | L7: 6.4717906e+08 | M7: 6.148201e+08 | N7: 3.9801512e+09 | O7: 5.7922526e+09 | P7: 9.6080333e+09 | Q7: 8.0897382e+08 | R7: 6.148201e+08 | S7: 6.2129189e+09 | T7: 2.8719665e+09 | U7: 2.3945625e+09 | V7: 2.8475878e+09 | W7: 1.359076e+09 | X7: 1.9415372e+09 | Y7: 6.7953801e+08 | Z7: 5.5657399e+09 | AA7: 3.3329721e+09 | AB7: 3.6889206e+09 | AC7: 2.6857931e+09 | AD7: 1.4367375e+10 | AE7: 3.3061019e+11 | AF7: 1.8399751e+11 | AG7: 4.3862761e+09 | AH7: 1.3837657e+10 | AI7: 7.4148953e+09 | AJ7: 5.6394978e+09 | AK7: 1.1487866e+09 | AL7: 1.3054393e+09 | AM7: 3.9163179e+09 | AN7: 1.1487866e+09 | AO7: 2.6108786e+09 | AP7: 1.5143096e+09 | AQ7: 1.8095597e+08 | AR7: 5.0667673e+08 | AS7: 3.6849001e+08 | AT7: 3.2970159e+08 | AU7: 1.3571698e+08 | AV7: 3.8905534e+08 | AW7: 1.0860758e+09 | AX7: 5.0667673e+08 | AY7: 2.2108947e+08 | AZ7: 1.2029868e+09 | BA7: 4.1616842e+08 | BB7: 2.6010526e+08 | BC7: 1.0883813e+09 | BD7: 97539474 | BE7: 7.355295e+09 | BF7: 1.1972813e+09
A8: 2031 | B8: 1.6699761e+09 | C8: 1.7055075e+09 | D8: 1.5266517e+10 | E8: 1.0659422e+09 | F8: 5.6542737e+09 | G8: 1.8476331e+09 | H8: 2.0608216e+09 | I8: 2.7714497e+09 | J8: 9.7000739e+09 | K8: 1.6237853e+10 | L8: 7.1062813e+08 | M8: 6.7509672e+08 | N8: 4.370363e+09 | O8: 6.3601217e+09 | P8: 1.0845711e+10 | Q8: 8.8828516e+08 | R8: 6.7509672e+08 | S8: 6.82203e+09 | T8: 3.2419244e+09 | U8: 2.6293241e+09 | V8: 3.1267638e+09 | W8: 1.4923191e+09 | X8: 2.1318844e+09 | Y8: 7.4615953e+08 | Z8: 6.1114019e+09 | AA8: 3.6597348e+09 | AB8: 4.0505803e+09 | AC8: 2.9491067e+09 | AD8: 1.5775944e+10 | AE8: 3.7509583e+11 | AF8: 2.1343584e+11 | AG8: 4.9513028e+09 | AH8: 1.5620181e+10 | AI8: 8.3700595e+09 | AJ8: 6.3659607e+09 | AK8: 1.2967698e+09 | AL8: 1.473602e+09 | AM8: 4.4208061e+09 | AN8: 1.2967698e+09 | AO8: 2.947204e+09 | AP8: 1.7093783e+09 | AQ8: 2.0165385e+08 | AR8: 5.6463079e+08 | AS8: 4.1336869e+08 | AT8: 3.6985619e+08 | AU8: 1.5124039e+08 | AV8: 4.3355578e+08 | AW8: 1.2183498e+09 | AX8: 5.6463079e+08 | AY8: 2.4737152e+08 | AZ8: 1.3459921e+09 | BA8: 4.656405e+08 | BB8: 2.9102531e+08 | BC8: 1.2043399e+09 | BD8: 1.0913449e+08 | BE8: 8.2064362e+09 | BF8: 1.314662e+09
A9: 2032 | B9: 1.7123175e+09 | C9: 1.7487498e+09 | D9: 1.6035099e+10 | E9: 1.0929686e+09 | F9: 5.8371214e+09 | G9: 1.894479e+09 | H9: 2.1130727e+09 | I9: 2.8417184e+09 | J9: 9.9460145e+09 | K9: 1.6649555e+10 | L9: 7.2864575e+08 | M9: 6.9221347e+08 | N9: 4.4811714e+09 | O9: 6.5213795e+09 | P9: 1.1391731e+10 | Q9: 9.1080719e+08 | R9: 6.9221347e+08 | S9: 6.9949992e+09 | T9: 3.4051369e+09 | U9: 2.6959893e+09 | V9: 3.2060413e+09 | W9: 1.5301561e+09 | X9: 2.1859373e+09 | Y9: 7.6507804e+08 | Z9: 6.2663535e+09 | AA9: 3.7525256e+09 | AB9: 4.1532808e+09 | AC9: 3.0238799e+09 | AD9: 1.6175936e+10 | AE9: 3.9569468e+11 | AF9: 2.2941101e+11 | AG9: 5.2005727e+09 | AH9: 1.6406569e+10 | AI9: 8.7914444e+09 | AJ9: 6.6864507e+09 | AK9: 1.3620548e+09 | AL9: 1.5477895e+09 | AM9: 4.6433685e+09 | AN9: 1.3620548e+09 | AO9: 3.095579e+09 | AP9: 1.7954358e+09 | AQ9: 2.0946229e+08 | AR9: 5.864944e+08 | AS9: 4.3185019e+08 | AT9: 3.8639228e+08 | AU9: 1.5709671e+08 | AV9: 4.5034391e+08 | AW9: 1.2728216e+09 | AX9: 5.864944e+08 | AY9: 2.5784995e+08 | AZ9: 1.4030071e+09 | BA9: 4.8536461e+08 | BB9: 3.0335288e+08 | BC9: 1.2432858e+09 | BD9: 1.1375733e+08 | BE9: 8.533102e+09 | BF9: 1.3479946e+09
A10: 2033 | B10: 1.688342e+09 | C10: 1.7242641e+09 | D10: 1.6093328e+10 | E10: 1.0776651e+09 | F10: 5.7842919e+09 | G10: 1.8679528e+09 | H10: 2.0834858e+09 | I10: 2.8019292e+09 | J10: 9.8067522e+09 | K10: 1.6416431e+10 | L10: 7.1844339e+08 | M10: 6.8252122e+08 | N10: 4.4184268e+09 | O10: 6.4300683e+09 | P10: 1.1433098e+10 | Q10: 8.9805423e+08 | R10: 6.8252122e+08 | S10: 6.8970565e+09 | T10: 3.417502e+09 | U10: 2.6582405e+09 | V10: 3.1611509e+09 | W10: 1.5087311e+09 | X10: 2.1553302e+09 | Y10: 7.5436556e+08 | Z10: 6.1786131e+09 | AA10: 3.6999834e+09 | AB10: 4.0951273e+09 | AC10: 2.9815401e+09 | AD10: 1.5949443e+10 | AE10: 3.9839823e+11 | AF10: 2.341601e+11 | AG10: 5.2194576e+09 | AH10: 1.6466146e+10 | AI10: 8.8233688e+09 | AJ10: 6.7107312e+09 | AK10: 1.3670008e+09 | AL10: 1.55341e+09 | AM10: 4.66023e+09 | AN10: 1.3670008e+09 | AO10: 3.10682e+09 | AP10: 1.8019556e+09 | AQ10: 2.0851121e+08 | AR10: 5.8383139e+08 | AS10: 4.3171009e+08 | AT10: 3.8626692e+08 | AU10: 1.5638341e+08 | AV10: 4.482991e+08 | AW10: 1.2724087e+09 | AX10: 5.8383139e+08 | AY10: 2.5733995e+08 | AZ10: 1.4002321e+09 | BA10: 4.8440461e+08 | BB10: 3.0275288e+08 | BC10: 1.2320333e+09 | BD10: 1.1353233e+08 | BE10: 8.5008792e+09 | BF10: 1.3291203e+09
A11: 2034 | B11: 1.6031981e+09 | C11: 1.6373087e+09 | D11: 1.5448157e+10 | E11: 1.0233179e+09 | F11: 5.5093779e+09 | G11: 1.7737511e+09 | H11: 1.9784146e+09 | I11: 2.6606266e+09 | J11: 9.3121931e+09 | K11: 1.5588543e+10 | L11: 6.8221195e+08 | M11: 6.4810135e+08 | N11: 4.1956035e+09 | O11: 6.1057969e+09 | P11: 1.0974752e+10 | Q11: 8.5276493e+08 | R11: 6.4810135e+08 | S11: 6.5492347e+09 | T11: 3.2804966e+09 | U11: 2.5241842e+09 | V11: 3.0017326e+09 | W11: 1.4326451e+09 | X11: 2.0466358e+09 | Y11: 7.1632255e+08 | Z11: 5.8670228e+09 | AA11: 3.5133915e+09 | AB11: 3.8886081e+09 | AC11: 2.8311796e+09 | AD11: 1.5145105e+10 | AE11: 3.831752e+11 | AF11: 2.2712073e+11 | AG11: 5.010213e+09 | AH11: 1.5806029e+10 | AI11: 8.4696457e+09 | AJ11: 6.4417024e+09 | AK11: 1.3121986e+09 | AL11: 1.4911348e+09 | AM11: 4.4734044e+09 | AN11: 1.3121986e+09 | AO11: 2.9822696e+09 | AP11: 1.7297164e+09 | AQ11: 1.9915258e+08 | AR11: 5.5762724e+08 | AS11: 4.1340118e+08 | AT11: 3.6988527e+08 | AU11: 1.4936444e+08 | AV11: 4.2817806e+08 | AW11: 1.2184456e+09 | AX11: 5.5762724e+08 | AY11: 2.4617652e+08 | AZ11: 1.3394899e+09 | BA11: 4.633911e+08 | BB11: 2.8961944e+08 | BC11: 1.1734776e+09 | BD11: 1.0860729e+08 | BE11: 8.1231442e+09 | BF11: 1.2620921e+09
A12: 2035 | B12: 1.4617041e+09 | C12: 1.4928042e+09 | D12: 1.4129211e+10 | E12: 9.3300261e+08 | F12: 5.0275865e+09 | G12: 1.6172045e+09 | H12: 1.803805e+09 | I12: 2.4258068e+09 | J12: 8.4903237e+09 | K12: 1.421274e+10 | L12: 6.2200174e+08 | M12: 5.9090165e+08 | N12: 3.8253107e+09 | O12: 5.5669156e+09 | P12: 1.0037741e+10 | Q12: 7.7750217e+08 | R12: 5.9090165e+08 | S12: 5.9712167e+09 | T12: 3.0004116e+09 | U12: 2.3014064e+09 | V12: 2.7368076e+09 | W12: 1.3062037e+09 | X12: 1.8660052e+09 | Y12: 6.5310183e+08 | Z12: 5.349215e+09 | AA12: 3.203309e+09 | AB12: 3.5454099e+09 | AC12: 2.5813072e+09 | AD12: 1.3808439e+10 | AE12: 3.5066055e+11 | AF12: 2.0836351e+11 | AG12: 4.5824469e+09 | AH12: 1.4456529e+10 | AI12: 7.7465173e+09 | AJ12: 5.8917174e+09 | AK12: 1.2001647e+09 | AL12: 1.3638235e+09 | AM12: 4.0914704e+09 | AN12: 1.2001647e+09 | AO12: 2.7276469e+09 | AP12: 1.5820352e+09 | AQ12: 1.8188343e+08 | AR12: 5.092736e+08 | AS12: 3.778384e+08 | AT12: 3.3806594e+08 | AU12: 1.3641257e+08 | AV12: 3.9104937e+08 | AW12: 1.113629e+09 | AX12: 5.092736e+08 | AY12: 2.2493276e+08 | AZ12: 1.2238988e+09 | BA12: 4.2340284e+08 | BB12: 2.6462678e+08 | BC12: 1.0708578e+09 | BD12: 99235041 | BE12: 7.4197739e+09 | BF12: 1.1507032e+09
A14: Solar Capacity (MW) | BH14: Total Solar Capacity (GW)
A16: 2028 | B16: =B5/'Output-Calculation-sheet'!B4*'Output-Calculation-sheet'!B22 -> 0 | C16: =C5/'Output-Calculation-sheet'!C4*'Output-Calculation-sheet'!C22 -> 0 | D16: =D5/'Output-Calculation-sheet'!D4*'Output-Calculation-sheet'!D22 -> 91.321186 | E16: =E5/'Output-Calculation-sheet'!E4*'Output-Calculation-sheet'!E22 -> 5.796967 | F16: =F5/'Output-Calculation-sheet'!F4*'Output-Calculation-sheet'!F22 -> 26.729126 | G16: =G5/'Output-Calculation-sheet'!G4*'Output-Calculation-sheet'!G22 -> 0 | H16: =H5/'Output-Calculation-sheet'!H4*'Output-Calculation-sheet'!H22 -> 0 | I16: =I5/'Output-Calculation-sheet'!I4*'Output-Calculation-sheet'!I22 -> 0 | ... BF16: =BF5/'Output-Calculation-sheet'!BF4*'Output-Calculation-sheet'!BF22 -> 0 | BH16: =SUM(B16:BF16)/1000 -> 13.027685
A17: 2029 | B17: =B6/'Output-Calculation-sheet'!B5*'Output-Calculation-sheet'!B23 -> 0 | C17: =C6/'Output-Calculation-sheet'!C5*'Output-Calculation-sheet'!C23 -> 0 | D17: =D6/'Output-Calculation-sheet'!D5*'Output-Calculation-sheet'!D23 -> 186.19916 | E17: =E6/'Output-Calculation-sheet'!E5*'Output-Calculation-sheet'!E23 -> 12.192478 | F17: =F6/'Output-Calculation-sheet'!F5*'Output-Calculation-sheet'!F23 -> 59.410612 | G17: =G6/'Output-Calculation-sheet'!G5*'Output-Calculation-sheet'!G23 -> 0 | H17: =H6/'Output-Calculation-sheet'!H5*'Output-Calculation-sheet'!H23 -> 0 | I17: =I6/'Output-Calculation-sheet'!I5*'Output-Calculation-sheet'!I23 -> 0 | ... BF17: =BF6/'Output-Calculation-sheet'!BF5*'Output-Calculation-sheet'!BF23 -> 0 | BH17: =SUM(B17:BF17)/1000 -> 30.869322
A18: 2030 | B18: =B7/'Output-Calculation-sheet'!B6*'Output-Calculation-sheet'!B24 -> 0 | C18: =C7/'Output-Calculation-sheet'!C6*'Output-Calculation-sheet'!C24 -> 0 | D18: =D7/'Output-Calculation-sheet'!D6*'Output-Calculation-sheet'!D24 -> 239.40373 | E18: =E7/'Output-Calculation-sheet'!E6*'Output-Calculation-sheet'!E24 -> 17.05057 | F18: =F7/'Output-Calculation-sheet'!F6*'Output-Calculation-sheet'!F24 -> 88.389945 | G18: =G7/'Output-Calculation-sheet'!G6*'Output-Calculation-sheet'!G24 -> 0 | H18: =H7/'Output-Calculation-sheet'!H6*'Output-Calculation-sheet'!H24 -> 0 | I18: =I7/'Output-Calculation-sheet'!I6*'Output-Calculation-sheet'!I24 -> 0 | ... BF18: =BF7/'Output-Calculation-sheet'!BF6*'Output-Calculation-sheet'!BF24 -> 0 | BH18: =SUM(B18:BF18)/1000 -> 48.438163
A19: 2031 | B19: =B8/'Output-Calculation-sheet'!B7*'Output-Calculation-sheet'!B25 -> 0 | C19: =C8/'Output-Calculation-sheet'!C7*'Output-Calculation-sheet'!C25 -> 0 | D19: =D8/'Output-Calculation-sheet'!D7*'Output-Calculation-sheet'!D25 -> 195.02318 | E19: =E8/'Output-Calculation-sheet'!E7*'Output-Calculation-sheet'!E25 -> 0 | F19: =F8/'Output-Calculation-sheet'!F7*'Output-Calculation-sheet'!F25 -> 94.105252 | G19: =G8/'Output-Calculation-sheet'!G7*'Output-Calculation-sheet'!G25 -> 0 | H19: =H8/'Output-Calculation-sheet'!H7*'Output-Calculation-sheet'!H25 -> 0 | I19: =I8/'Output-Calculation-sheet'!I7*'Output-Calculation-sheet'!I25 -> 0 | ... BF19: =BF8/'Output-Calculation-sheet'!BF7*'Output-Calculation-sheet'!BF25 -> 0 | BH19: =SUM(B19:BF19)/1000 -> 60.485761
A20: 2032 | B20: =B9/'Output-Calculation-sheet'!B8*'Output-Calculation-sheet'!B26 -> 0 | C20: =C9/'Output-Calculation-sheet'!C8*'Output-Calculation-sheet'!C26 -> 0 | D20: =D9/'Output-Calculation-sheet'!D8*'Output-Calculation-sheet'!D26 -> 68.522792 | E20: =E9/'Output-Calculation-sheet'!E8*'Output-Calculation-sheet'!E26 -> 0 | F20: =F9/'Output-Calculation-sheet'!F8*'Output-Calculation-sheet'!F26 -> 75.480825 | G20: =G9/'Output-Calculation-sheet'!G8*'Output-Calculation-sheet'!G26 -> 0 | H20: =H9/'Output-Calculation-sheet'!H8*'Output-Calculation-sheet'!H26 -> 0 | I20: =I9/'Output-Calculation-sheet'!I8*'Output-Calculation-sheet'!I26 -> 0 | ... BF20: =BF9/'Output-Calculation-sheet'!BF8*'Output-Calculation-sheet'!BF26 -> 0 | BH20: =SUM(B20:BF20)/1000 -> 63.415341
A21: 2033 | B21: =B10/'Output-Calculation-sheet'!B9*'Output-Calculation-sheet'!B27 -> 0 | C21: =C10/'Output-Calculation-sheet'!C9*'Output-Calculation-sheet'!C27 -> 0 | D21: =D10/'Output-Calculation-sheet'!D9*'Output-Calculation-sheet'!D27 -> 0 | E21: =E10/'Output-Calculation-sheet'!E9*'Output-Calculation-sheet'!E27 -> 0 | F21: =F10/'Output-Calculation-sheet'!F9*'Output-Calculation-sheet'!F27 -> 34.106467 | G21: =G10/'Output-Calculation-sheet'!G9*'Output-Calculation-sheet'!G27 -> 0 | H21: =H10/'Output-Calculation-sheet'!H9*'Output-Calculation-sheet'!H27 -> 0 | I21: =I10/'Output-Calculation-sheet'!I9*'Output-Calculation-sheet'!I27 -> 0 | ... BF21: =BF10/'Output-Calculation-sheet'!BF9*'Output-Calculation-sheet'!BF27 -> 0 | BH21: =SUM(B21:BF21)/1000 -> 58.477869
A22: 2034 | B22: =B11/'Output-Calculation-sheet'!B10*'Output-Calculation-sheet'!B28 -> 43.13755 | C22: =C11/'Output-Calculation-sheet'!C10*'Output-Calculation-sheet'!C28 -> 0 | D22: =D11/'Output-Calculation-sheet'!D10*'Output-Calculation-sheet'!D28 -> 0 | E22: =E11/'Output-Calculation-sheet'!E10*'Output-Calculation-sheet'!E28 -> 0 | F22: =F11/'Output-Calculation-sheet'!F10*'Output-Calculation-sheet'!F28 -> 0 | G22: =G11/'Output-Calculation-sheet'!G10*'Output-Calculation-sheet'!G28 -> 0 | H22: =H11/'Output-Calculation-sheet'!H10*'Output-Calculation-sheet'!H28 -> 0 | I22: =I11/'Output-Calculation-sheet'!I10*'Output-Calculation-sheet'!I28 -> 46.556117 | ... BF22: =BF11/'Output-Calculation-sheet'!BF10*'Output-Calculation-sheet'!BF28 -> 0 | BH22: =SUM(B22:BF22)/1000 -> 45.392963
A23: 2035 | B23: =B12/'Output-Calculation-sheet'!B11*'Output-Calculation-sheet'!B29 -> 150.72372 | C23: =C12/'Output-Calculation-sheet'!C11*'Output-Calculation-sheet'!C29 -> 0 | D23: =D12/'Output-Calculation-sheet'!D11*'Output-Calculation-sheet'!D29 -> 0 | E23: =E12/'Output-Calculation-sheet'!E11*'Output-Calculation-sheet'!E29 -> 0 | F23: =F12/'Output-Calculation-sheet'!F11*'Output-Calculation-sheet'!F29 -> 0 | G23: =G12/'Output-Calculation-sheet'!G11*'Output-Calculation-sheet'!G29 -> 0 | H23: =H12/'Output-Calculation-sheet'!H11*'Output-Calculation-sheet'!H29 -> 0 | I23: =I12/'Output-Calculation-sheet'!I11*'Output-Calculation-sheet'!I29 -> 282.72511 | ... BF23: =BF12/'Output-Calculation-sheet'!BF11*'Output-Calculation-sheet'!BF29 -> 0 | BH23: =SUM(B23:BF23)/1000 -> 27.547146
A25: Wind Capacity (MW) | BH25: Total Wind Capacity (GW)
A27: 2028 | B27: =B5/'Output-Calculation-sheet'!B4*'Output-Calculation-sheet'!B13 -> 34.443569 | C27: =C5/'Output-Calculation-sheet'!C4*'Output-Calculation-sheet'!C13 -> 16.444575 | D27: =D5/'Output-Calculation-sheet'!D4*'Output-Calculation-sheet'!D13 -> 86.048702 | E27: =E5/'Output-Calculation-sheet'!E4*'Output-Calculation-sheet'!E13 -> 13.039395 | F27: =F5/'Output-Calculation-sheet'!F4*'Output-Calculation-sheet'!F13 -> 45.743031 | G27: =G5/'Output-Calculation-sheet'!G4*'Output-Calculation-sheet'!G13 -> 20.125443 | H27: =H5/'Output-Calculation-sheet'!H4*'Output-Calculation-sheet'!H13 -> 16.521109 | I27: =I5/'Output-Calculation-sheet'!I4*'Output-Calculation-sheet'!I13 -> 64.852982 | ... BF27: =BF5/'Output-Calculation-sheet'!BF4*'Output-Calculation-sheet'!BF13 -> 11.118329 | BH27: =SUM(B27:BF27)/1000 -> 5.1061735
A28: 2029 | B28: =B6/'Output-Calculation-sheet'!B5*'Output-Calculation-sheet'!B14 -> 88.557002 | C28: =C6/'Output-Calculation-sheet'!C5*'Output-Calculation-sheet'!C14 -> 42.280236 | D28: =D6/'Output-Calculation-sheet'!D5*'Output-Calculation-sheet'!D14 -> 245.42315 | E28: =E6/'Output-Calculation-sheet'!E5*'Output-Calculation-sheet'!E14 -> 34.309366 | F28: =F6/'Output-Calculation-sheet'!F5*'Output-Calculation-sheet'!F14 -> 122.84677 | G28: =G6/'Output-Calculation-sheet'!G5*'Output-Calculation-sheet'!G14 -> 51.744025 | H28: =H6/'Output-Calculation-sheet'!H5*'Output-Calculation-sheet'!H14 -> 42.477011 | I28: =I6/'Output-Calculation-sheet'!I5*'Output-Calculation-sheet'!I14 -> 166.73798 | ... BF28: =BF6/'Output-Calculation-sheet'!BF5*'Output-Calculation-sheet'!BF14 -> 28.586058 | BH28: =SUM(B28:BF28)/1000 -> 14.352098
A29: 2030 | B29: =B7/'Output-Calculation-sheet'!B6*'Output-Calculation-sheet'!B15 -> 156.50492 | C29: =C7/'Output-Calculation-sheet'!C6*'Output-Calculation-sheet'!C15 -> 74.720967 | D29: =D7/'Output-Calculation-sheet'!D6*'Output-Calculation-sheet'!D15 -> 478.94894 | E29: =E7/'Output-Calculation-sheet'!E6*'Output-Calculation-sheet'!E15 -> 61.934054 | F29: =F7/'Output-Calculation-sheet'!F6*'Output-Calculation-sheet'!F15 -> 226.55072 | G29: =G7/'Output-Calculation-sheet'!G6*'Output-Calculation-sheet'!G15 -> 91.446121 | H29: =H7/'Output-Calculation-sheet'!H6*'Output-Calculation-sheet'!H15 -> 75.065059 | I29: =I7/'Output-Calculation-sheet'!I6*'Output-Calculation-sheet'!I15 -> 295.01953 | ... BF29: =BF7/'Output-Calculation-sheet'!BF6*'Output-Calculation-sheet'!BF15 -> 50.519536 | BH29: =SUM(B29:BF29)/1000 -> 27.831086
A30: 2031 | B30: =B8/'Output-Calculation-sheet'!B7*'Output-Calculation-sheet'!B16 -> 235.11371 | C30: =C8/'Output-Calculation-sheet'!C7*'Output-Calculation-sheet'!C16 -> 109.39249 | D30: =D8/'Output-Calculation-sheet'!D7*'Output-Calculation-sheet'!D16 -> 774.05066 | E30: =E8/'Output-Calculation-sheet'!E7*'Output-Calculation-sheet'!E16 -> 97.894904 | F30: =F8/'Output-Calculation-sheet'!F7*'Output-Calculation-sheet'!F16 -> 350.12934 | G30: =G8/'Output-Calculation-sheet'!G7*'Output-Calculation-sheet'!G16 -> 133.88556 | H30: =H8/'Output-Calculation-sheet'!H7*'Output-Calculation-sheet'!H16 -> 109.90053 | I30: =I8/'Output-Calculation-sheet'!I7*'Output-Calculation-sheet'!I16 -> 438.02744 | ... BF30: =BF8/'Output-Calculation-sheet'!BF7*'Output-Calculation-sheet'!BF16 -> 73.963257 | BH30: =SUM(B30:BF30)/1000 -> 45.569961
A31: 2032 | B31: =B9/'Output-Calculation-sheet'!B8*'Output-Calculation-sheet'!B17 -> 321.30758 | C31: =C9/'Output-Calculation-sheet'!C8*'Output-Calculation-sheet'!C17 -> 140.20836 | D31: =D9/'Output-Calculation-sheet'!D8*'Output-Calculation-sheet'!D17 -> 1076.599 | E31: =E9/'Output-Calculation-sheet'!E8*'Output-Calculation-sheet'!E17 -> 125.64906 | F31: =F9/'Output-Calculation-sheet'!F8*'Output-Calculation-sheet'!F17 -> 471.93591 | G31: =G9/'Output-Calculation-sheet'!G8*'Output-Calculation-sheet'!G17 -> 171.59928 | H31: =H9/'Output-Calculation-sheet'!H8*'Output-Calculation-sheet'!H17 -> 140.85979 | I31: =I9/'Output-Calculation-sheet'!I8*'Output-Calculation-sheet'!I17 -> 579.6839 | ... BF31: =BF9/'Output-Calculation-sheet'!BF8*'Output-Calculation-sheet'!BF17 -> 94.798199 | BH31: =SUM(B31:BF31)/1000 -> 64.272723
A32: 2033 | B32: =B10/'Output-Calculation-sheet'!B9*'Output-Calculation-sheet'!B18 -> 420.05716 | C32: =C10/'Output-Calculation-sheet'!C9*'Output-Calculation-sheet'!C18 -> 165.89482 | D32: =D10/'Output-Calculation-sheet'!D9*'Output-Calculation-sheet'!D18 -> 1323.1592 | E32: =E10/'Output-Calculation-sheet'!E9*'Output-Calculation-sheet'!E18 -> 157.88743 | F32: =F10/'Output-Calculation-sheet'!F9*'Output-Calculation-sheet'!F18 -> 585.56448 | G32: =G10/'Output-Calculation-sheet'!G9*'Output-Calculation-sheet'!G18 -> 203.03515 | H32: =H10/'Output-Calculation-sheet'!H9*'Output-Calculation-sheet'!H18 -> 166.66581 | I32: =I10/'Output-Calculation-sheet'!I9*'Output-Calculation-sheet'!I18 -> 723.41375 | ... BF32: =BF10/'Output-Calculation-sheet'!BF9*'Output-Calculation-sheet'!BF18 -> 112.16502 | BH32: =SUM(B32:BF32)/1000 -> 83.002514
A33: 2034 | B33: =B11/'Output-Calculation-sheet'!B10*'Output-Calculation-sheet'!B19 -> 474.68947 | C33: =C11/'Output-Calculation-sheet'!C10*'Output-Calculation-sheet'!C19 -> 184.11034 | D33: =D11/'Output-Calculation-sheet'!D10*'Output-Calculation-sheet'!D19 -> 1481.8139 | E33: =E11/'Output-Calculation-sheet'!E10*'Output-Calculation-sheet'!E19 -> 192.49783 | F33: =F11/'Output-Calculation-sheet'!F10*'Output-Calculation-sheet'!F19 -> 681.6965 | G33: =G11/'Output-Calculation-sheet'!G10*'Output-Calculation-sheet'!G19 -> 244.74728 | H33: =H11/'Output-Calculation-sheet'!H10*'Output-Calculation-sheet'!H19 -> 184.63822 | I33: =I11/'Output-Calculation-sheet'!I10*'Output-Calculation-sheet'!I19 -> 841.0431 | ... BF33: =BF11/'Output-Calculation-sheet'!BF10*'Output-Calculation-sheet'!BF19 -> 124.25742 | BH33: =SUM(B33:BF33)/1000 -> 100.46731
A34: 2035 | B34: =B12/'Output-Calculation-sheet'!B11*'Output-Calculation-sheet'!B20 -> 429.20427 | C34: =C12/'Output-Calculation-sheet'!C11*'Output-Calculation-sheet'!C20 -> 226.66721 | D34: =D12/'Output-Calculation-sheet'!D11*'Output-Calculation-sheet'!D20 -> 1552.2978 | E34: =E12/'Output-Calculation-sheet'!E11*'Output-Calculation-sheet'!E20 -> 225.44437 | F34: =F12/'Output-Calculation-sheet'!F11*'Output-Calculation-sheet'!F20 -> 766.51988 | G34: =G12/'Output-Calculation-sheet'!G11*'Output-Calculation-sheet'!G20 -> 304.84959 | H34: =H12/'Output-Calculation-sheet'!H11*'Output-Calculation-sheet'!H20 -> 192.38845 | I34: =I12/'Output-Calculation-sheet'!I11*'Output-Calculation-sheet'!I20 -> 839.6585 | ... BF34: =BF12/'Output-Calculation-sheet'!BF11*'Output-Calculation-sheet'!BF20 -> 129.47552 | BH34: =SUM(B34:BF34)/1000 -> 115.16198
A36: DAC Capacity (ktCO2/yr) | BH36: Total DAC Capacity (ktCO2/yr)
A38: 2028 | B38: =B5/'Output-Calculation-sheet'!B4*'Output-Calculation-sheet'!B31*0.0114 -> 0 | C38: =C5/'Output-Calculation-sheet'!C4*'Output-Calculation-sheet'!C31*0.0114 -> 0 | D38: =D5/'Output-Calculation-sheet'!D4*'Output-Calculation-sheet'!D31*0.0114 -> 0 | E38: =E5/'Output-Calculation-sheet'!E4*'Output-Calculation-sheet'!E31*0.0114 -> 0 | F38: =F5/'Output-Calculation-sheet'!F4*'Output-Calculation-sheet'!F31*0.0114 -> 0 | G38: =G5/'Output-Calculation-sheet'!G4*'Output-Calculation-sheet'!G31*0.0114 -> 0 | H38: =H5/'Output-Calculation-sheet'!H4*'Output-Calculation-sheet'!H31*0.0114 -> 0 | I38: =I5/'Output-Calculation-sheet'!I4*'Output-Calculation-sheet'!I31*0.0114 -> 0 | ... BF38: =BF5/'Output-Calculation-sheet'!BF4*'Output-Calculation-sheet'!BF31*0.0114 -> 0 | BH38: =SUM(B38:BF38) -> 5.4425413
A39: 2029 | B39: =B6/'Output-Calculation-sheet'!B5*'Output-Calculation-sheet'!B32*0.0114 -> 0 | C39: =C6/'Output-Calculation-sheet'!C5*'Output-Calculation-sheet'!C32*0.0114 -> 0 | D39: =D6/'Output-Calculation-sheet'!D5*'Output-Calculation-sheet'!D32*0.0114 -> 0 | E39: =E6/'Output-Calculation-sheet'!E5*'Output-Calculation-sheet'!E32*0.0114 -> 0 | F39: =F6/'Output-Calculation-sheet'!F5*'Output-Calculation-sheet'!F32*0.0114 -> 0 | G39: =G6/'Output-Calculation-sheet'!G5*'Output-Calculation-sheet'!G32*0.0114 -> 0 | H39: =H6/'Output-Calculation-sheet'!H5*'Output-Calculation-sheet'!H32*0.0114 -> 0 | I39: =I6/'Output-Calculation-sheet'!I5*'Output-Calculation-sheet'!I32*0.0114 -> 0 | ... BF39: =BF6/'Output-Calculation-sheet'!BF5*'Output-Calculation-sheet'!BF32*0.0114 -> 0 | BH39: =SUM(B39:BF39) -> 12.108963
A40: 2030 | B40: =B7/'Output-Calculation-sheet'!B6*'Output-Calculation-sheet'!B33*0.0114 -> 0 | C40: =C7/'Output-Calculation-sheet'!C6*'Output-Calculation-sheet'!C33*0.0114 -> 0 | D40: =D7/'Output-Calculation-sheet'!D6*'Output-Calculation-sheet'!D33*0.0114 -> 0 | E40: =E7/'Output-Calculation-sheet'!E6*'Output-Calculation-sheet'!E33*0.0114 -> 0 | F40: =F7/'Output-Calculation-sheet'!F6*'Output-Calculation-sheet'!F33*0.0114 -> 0 | G40: =G7/'Output-Calculation-sheet'!G6*'Output-Calculation-sheet'!G33*0.0114 -> 0 | H40: =H7/'Output-Calculation-sheet'!H6*'Output-Calculation-sheet'!H33*0.0114 -> 0 | I40: =I7/'Output-Calculation-sheet'!I6*'Output-Calculation-sheet'!I33*0.0114 -> 0 | ... BF40: =BF7/'Output-Calculation-sheet'!BF6*'Output-Calculation-sheet'!BF33*0.0114 -> 0 | BH40: =SUM(B40:BF40) -> 30.548711
A41: 2031 | B41: =B8/'Output-Calculation-sheet'!B7*'Output-Calculation-sheet'!B34*0.0114 -> 0 | C41: =C8/'Output-Calculation-sheet'!C7*'Output-Calculation-sheet'!C34*0.0114 -> 0 | D41: =D8/'Output-Calculation-sheet'!D7*'Output-Calculation-sheet'!D34*0.0114 -> 0 | E41: =E8/'Output-Calculation-sheet'!E7*'Output-Calculation-sheet'!E34*0.0114 -> 0 | F41: =F8/'Output-Calculation-sheet'!F7*'Output-Calculation-sheet'!F34*0.0114 -> 0 | G41: =G8/'Output-Calculation-sheet'!G7*'Output-Calculation-sheet'!G34*0.0114 -> 0 | H41: =H8/'Output-Calculation-sheet'!H7*'Output-Calculation-sheet'!H34*0.0114 -> 0 | I41: =I8/'Output-Calculation-sheet'!I7*'Output-Calculation-sheet'!I34*0.0114 -> 0 | ... BF41: =BF8/'Output-Calculation-sheet'!BF7*'Output-Calculation-sheet'!BF34*0.0114 -> 0 | BH41: =SUM(B41:BF41) -> 16.486708
A42: 2032 | B42: =B9/'Output-Calculation-sheet'!B8*'Output-Calculation-sheet'!B35*0.0114 -> 0 | C42: =C9/'Output-Calculation-sheet'!C8*'Output-Calculation-sheet'!C35*0.0114 -> 0 | D42: =D9/'Output-Calculation-sheet'!D8*'Output-Calculation-sheet'!D35*0.0114 -> 0 | E42: =E9/'Output-Calculation-sheet'!E8*'Output-Calculation-sheet'!E35*0.0114 -> 0 | F42: =F9/'Output-Calculation-sheet'!F8*'Output-Calculation-sheet'!F35*0.0114 -> 0 | G42: =G9/'Output-Calculation-sheet'!G8*'Output-Calculation-sheet'!G35*0.0114 -> 0 | H42: =H9/'Output-Calculation-sheet'!H8*'Output-Calculation-sheet'!H35*0.0114 -> 0 | I42: =I9/'Output-Calculation-sheet'!I8*'Output-Calculation-sheet'!I35*0.0114 -> 0 | ... BF42: =BF9/'Output-Calculation-sheet'!BF8*'Output-Calculation-sheet'!BF35*0.0114 -> 0 | BH42: =SUM(B42:BF42) -> 12.26271
A43: 2033 | B43: =B10/'Output-Calculation-sheet'!B9*'Output-Calculation-sheet'!B36*0.0114 -> 0 | C43: =C10/'Output-Calculation-sheet'!C9*'Output-Calculation-sheet'!C36*0.0114 -> 0 | D43: =D10/'Output-Calculation-sheet'!D9*'Output-Calculation-sheet'!D36*0.0114 -> 0 | E43: =E10/'Output-Calculation-sheet'!E9*'Output-Calculation-sheet'!E36*0.0114 -> 0 | F43: =F10/'Output-Calculation-sheet'!F9*'Output-Calculation-sheet'!F36*0.0114 -> 0 | G43: =G10/'Output-Calculation-sheet'!G9*'Output-Calculation-sheet'!G36*0.0114 -> 0 | H43: =H10/'Output-Calculation-sheet'!H9*'Output-Calculation-sheet'!H36*0.0114 -> 0 | I43: =I10/'Output-Calculation-sheet'!I9*'Output-Calculation-sheet'!I36*0.0114 -> 0 | ... BF43: =BF10/'Output-Calculation-sheet'!BF9*'Output-Calculation-sheet'!BF36*0.0114 -> 0 | BH43: =SUM(B43:BF43) -> 0.27034753
A44: 2034 | B44: =B11/'Output-Calculation-sheet'!B10*'Output-Calculation-sheet'!B37*0.0114 -> 0 | C44: =C11/'Output-Calculation-sheet'!C10*'Output-Calculation-sheet'!C37*0.0114 -> 0 | D44: =D11/'Output-Calculation-sheet'!D10*'Output-Calculation-sheet'!D37*0.0114 -> 0 | E44: =E11/'Output-Calculation-sheet'!E10*'Output-Calculation-sheet'!E37*0.0114 -> 0 | F44: =F11/'Output-Calculation-sheet'!F10*'Output-Calculation-sheet'!F37*0.0114 -> 0 | G44: =G11/'Output-Calculation-sheet'!G10*'Output-Calculation-sheet'!G37*0.0114 -> 0 | H44: =H11/'Output-Calculation-sheet'!H10*'Output-Calculation-sheet'!H37*0.0114 -> 0 | I44: =I11/'Output-Calculation-sheet'!I10*'Output-Calculation-sheet'!I37*0.0114 -> 0 | ... BF44: =BF11/'Output-Calculation-sheet'!BF10*'Output-Calculation-sheet'!BF37*0.0114 -> 0 | BH44: =SUM(B44:BF44) -> 0.062185157
A45: 2035 | B45: =B12/'Output-Calculation-sheet'!B11*'Output-Calculation-sheet'!B38*0.0114 -> 0 | C45: =C12/'Output-Calculation-sheet'!C11*'Output-Calculation-sheet'!C38*0.0114 -> 0 | D45: =D12/'Output-Calculation-sheet'!D11*'Output-Calculation-sheet'!D38*0.0114 -> 0 | E45: =E12/'Output-Calculation-sheet'!E11*'Output-Calculation-sheet'!E38*0.0114 -> 0 | F45: =F12/'Output-Calculation-sheet'!F11*'Output-Calculation-sheet'!F38*0.0114 -> 0 | G45: =G12/'Output-Calculation-sheet'!G11*'Output-Calculation-sheet'!G38*0.0114 -> 0 | H45: =H12/'Output-Calculation-sheet'!H11*'Output-Calculation-sheet'!H38*0.0114 -> 0 | I45: =I12/'Output-Calculation-sheet'!I11*'Output-Calculation-sheet'!I38*0.0114 -> 0 | ... BF45: =BF12/'Output-Calculation-sheet'!BF11*'Output-Calculation-sheet'!BF38*0.0114 -> 0 | BH45: =SUM(B45:BF45) -> 0.074513482
A47: Battery Storage Capacity (MWh) | BH47: Total Battery Storage Capacity (GWh)
A49: 2028 | B49: =B5/'Output-Calculation-sheet'!B4*'Output-Calculation-sheet'!B40 -> 0 | C49: =C5/'Output-Calculation-sheet'!C4*'Output-Calculation-sheet'!C40 -> 0 | D49: =D5/'Output-Calculation-sheet'!D4*'Output-Calculation-sheet'!D40 -> 0 | E49: =E5/'Output-Calculation-sheet'!E4*'Output-Calculation-sheet'!E40 -> 0 | F49: =F5/'Output-Calculation-sheet'!F4*'Output-Calculation-sheet'!F40 -> 0 | G49: =G5/'Output-Calculation-sheet'!G4*'Output-Calculation-sheet'!G40 -> 0 | H49: =H5/'Output-Calculation-sheet'!H4*'Output-Calculation-sheet'!H40 -> 0 | I49: =I5/'Output-Calculation-sheet'!I4*'Output-Calculation-sheet'!I40 -> 0 | ... BF49: =BF5/'Output-Calculation-sheet'!BF4*'Output-Calculation-sheet'!BF40 -> 0 | BH49: =SUM(B49:BF49)/1000 -> 7.3529308
A50: 2029 | B50: =B6/'Output-Calculation-sheet'!B5*'Output-Calculation-sheet'!B41 -> 0 | C50: =C6/'Output-Calculation-sheet'!C5*'Output-Calculation-sheet'!C41 -> 0 | D50: =D6/'Output-Calculation-sheet'!D5*'Output-Calculation-sheet'!D41 -> 0 | E50: =E6/'Output-Calculation-sheet'!E5*'Output-Calculation-sheet'!E41 -> 0 | F50: =F6/'Output-Calculation-sheet'!F5*'Output-Calculation-sheet'!F41 -> 0 | G50: =G6/'Output-Calculation-sheet'!G5*'Output-Calculation-sheet'!G41 -> 0 | H50: =H6/'Output-Calculation-sheet'!H5*'Output-Calculation-sheet'!H41 -> 0 | I50: =I6/'Output-Calculation-sheet'!I5*'Output-Calculation-sheet'!I41 -> 0 | ... BF50: =BF6/'Output-Calculation-sheet'!BF5*'Output-Calculation-sheet'!BF41 -> 0 | BH50: =SUM(B50:BF50)/1000 -> 16.420134
A51: 2030 | B51: =B7/'Output-Calculation-sheet'!B6*'Output-Calculation-sheet'!B42 -> 0 | C51: =C7/'Output-Calculation-sheet'!C6*'Output-Calculation-sheet'!C42 -> 0 | D51: =D7/'Output-Calculation-sheet'!D6*'Output-Calculation-sheet'!D42 -> 0 | E51: =E7/'Output-Calculation-sheet'!E6*'Output-Calculation-sheet'!E42 -> 0 | F51: =F7/'Output-Calculation-sheet'!F6*'Output-Calculation-sheet'!F42 -> 0 | G51: =G7/'Output-Calculation-sheet'!G6*'Output-Calculation-sheet'!G42 -> 0 | H51: =H7/'Output-Calculation-sheet'!H6*'Output-Calculation-sheet'!H42 -> 0 | I51: =I7/'Output-Calculation-sheet'!I6*'Output-Calculation-sheet'!I42 -> 0 | ... BF51: =BF7/'Output-Calculation-sheet'!BF6*'Output-Calculation-sheet'!BF42 -> 0 | BH51: =SUM(B51:BF51)/1000 -> 41.987266
A52: 2031 | B52: =B8/'Output-Calculation-sheet'!B7*'Output-Calculation-sheet'!B43 -> 0 | C52: =C8/'Output-Calculation-sheet'!C7*'Output-Calculation-sheet'!C43 -> 0 | D52: =D8/'Output-Calculation-sheet'!D7*'Output-Calculation-sheet'!D43 -> 0 | E52: =E8/'Output-Calculation-sheet'!E7*'Output-Calculation-sheet'!E43 -> 0 | F52: =F8/'Output-Calculation-sheet'!F7*'Output-Calculation-sheet'!F43 -> 0 | G52: =G8/'Output-Calculation-sheet'!G7*'Output-Calculation-sheet'!G43 -> 0 | H52: =H8/'Output-Calculation-sheet'!H7*'Output-Calculation-sheet'!H43 -> 0 | I52: =I8/'Output-Calculation-sheet'!I7*'Output-Calculation-sheet'!I43 -> 0 | ... BF52: =BF8/'Output-Calculation-sheet'!BF7*'Output-Calculation-sheet'!BF43 -> 0 | BH52: =SUM(B52:BF52)/1000 -> 23.770572
A53: 2032 | B53: =B9/'Output-Calculation-sheet'!B8*'Output-Calculation-sheet'!B44 -> 0 | C53: =C9/'Output-Calculation-sheet'!C8*'Output-Calculation-sheet'!C44 -> 0 | D53: =D9/'Output-Calculation-sheet'!D8*'Output-Calculation-sheet'!D44 -> 0 | E53: =E9/'Output-Calculation-sheet'!E8*'Output-Calculation-sheet'!E44 -> 0 | F53: =F9/'Output-Calculation-sheet'!F8*'Output-Calculation-sheet'!F44 -> 0 | G53: =G9/'Output-Calculation-sheet'!G8*'Output-Calculation-sheet'!G44 -> 0 | H53: =H9/'Output-Calculation-sheet'!H8*'Output-Calculation-sheet'!H44 -> 0 | I53: =I9/'Output-Calculation-sheet'!I8*'Output-Calculation-sheet'!I44 -> 0 | ... BF53: =BF9/'Output-Calculation-sheet'!BF8*'Output-Calculation-sheet'!BF44 -> 0 | BH53: =SUM(B53:BF53)/1000 -> 22.000407
A54: 2033 | B54: =B10/'Output-Calculation-sheet'!B9*'Output-Calculation-sheet'!B45 -> 0 | C54: =C10/'Output-Calculation-sheet'!C9*'Output-Calculation-sheet'!C45 -> 0 | D54: =D10/'Output-Calculation-sheet'!D9*'Output-Calculation-sheet'!D45 -> 0 | E54: =E10/'Output-Calculation-sheet'!E9*'Output-Calculation-sheet'!E45 -> 0 | F54: =F10/'Output-Calculation-sheet'!F9*'Output-Calculation-sheet'!F45 -> 0 | G54: =G10/'Output-Calculation-sheet'!G9*'Output-Calculation-sheet'!G45 -> 0 | H54: =H10/'Output-Calculation-sheet'!H9*'Output-Calculation-sheet'!H45 -> 0 | I54: =I10/'Output-Calculation-sheet'!I9*'Output-Calculation-sheet'!I45 -> 0 | ... BF54: =BF10/'Output-Calculation-sheet'!BF9*'Output-Calculation-sheet'!BF45 -> 0 | BH54: =SUM(B54:BF54)/1000 -> 9.5875472
A55: 2034 | B55: =B11/'Output-Calculation-sheet'!B10*'Output-Calculation-sheet'!B46 -> 144.91545 | C55: =C11/'Output-Calculation-sheet'!C10*'Output-Calculation-sheet'!C46 -> 0 | D55: =D11/'Output-Calculation-sheet'!D10*'Output-Calculation-sheet'!D46 -> 0 | E55: =E11/'Output-Calculation-sheet'!E10*'Output-Calculation-sheet'!E46 -> 0 | F55: =F11/'Output-Calculation-sheet'!F10*'Output-Calculation-sheet'!F46 -> 0 | G55: =G11/'Output-Calculation-sheet'!G10*'Output-Calculation-sheet'!G46 -> 0 | H55: =H11/'Output-Calculation-sheet'!H10*'Output-Calculation-sheet'!H46 -> 0 | I55: =I11/'Output-Calculation-sheet'!I10*'Output-Calculation-sheet'!I46 -> 0 | ... BF55: =BF11/'Output-Calculation-sheet'!BF10*'Output-Calculation-sheet'!BF46 -> 0 | BH55: =SUM(B55:BF55)/1000 -> 16.984943
A56: 2035 | B56: =B12/'Output-Calculation-sheet'!B11*'Output-Calculation-sheet'!B47 -> 528.5024 | C56: =C12/'Output-Calculation-sheet'!C11*'Output-Calculation-sheet'!C47 -> 0 | D56: =D12/'Output-Calculation-sheet'!D11*'Output-Calculation-sheet'!D47 -> 0 | E56: =E12/'Output-Calculation-sheet'!E11*'Output-Calculation-sheet'!E47 -> 38.523702 | F56: =F12/'Output-Calculation-sheet'!F11*'Output-Calculation-sheet'!F47 -> 0 | G56: =G12/'Output-Calculation-sheet'!G11*'Output-Calculation-sheet'!G47 -> 0 | H56: =H12/'Output-Calculation-sheet'!H11*'Output-Calculation-sheet'!H47 -> 0 | I56: =I12/'Output-Calculation-sheet'!I11*'Output-Calculation-sheet'!I47 -> 0 | ... BF56: =BF12/'Output-Calculation-sheet'!BF11*'Output-Calculation-sheet'!BF47 -> 0 | BH56: =SUM(B56:BF56)/1000 -> 20.478431
A58: Total cost of energy ($bn) | BH58: Total cost of energy ($bn)
A60: 2028 | B60: =B5*'Output-Calculation-sheet'!B49/10^9 -> 0.33309888 | C60: =C5*'Output-Calculation-sheet'!C49/10^9 -> 0.33719566 | D60: =D5*'Output-Calculation-sheet'!D49/10^9 -> 2.0888334 | E60: =E5*'Output-Calculation-sheet'!E49/10^9 -> 0.089766138 | F60: =F5*'Output-Calculation-sheet'!F49/10^9 -> 0.40403525 | G60: =G5*'Output-Calculation-sheet'!G49/10^9 -> 0.36566425 | H60: =H5*'Output-Calculation-sheet'!H49/10^9 -> 0.42936974 | I60: =I5*'Output-Calculation-sheet'!I49/10^9 -> 0.29729364 | ... BF60: =BF5*'Output-Calculation-sheet'!BF49/10^9 -> 0.044757936 | BH60: =SUM(B60:BF60) -> 68.371261
A61: 2029 | B61: =B6*'Output-Calculation-sheet'!B50/10^9 -> 0.39145003 | C61: =C6*'Output-Calculation-sheet'!C50/10^9 -> 0.39223327 | D61: =D6*'Output-Calculation-sheet'!D50/10^9 -> 2.5098499 | E61: =E6*'Output-Calculation-sheet'!E50/10^9 -> 0.10692293 | F61: =F6*'Output-Calculation-sheet'!F50/10^9 -> 0.48558882 | G61: =G6*'Output-Calculation-sheet'!G50/10^9 -> 0.42585045 | H61: =H6*'Output-Calculation-sheet'!H50/10^9 -> 0.49848509 | I61: =I6*'Output-Calculation-sheet'!I50/10^9 -> 0.35683614 | ... BF61: =BF6*'Output-Calculation-sheet'!BF50/10^9 -> 0.054018572 | BH61: =SUM(B61:BF61) -> 84.281949
A62: 2030 | B62: =B7*'Output-Calculation-sheet'!B51/10^9 -> 0.41757939 | C62: =C7*'Output-Calculation-sheet'!C51/10^9 -> 0.41338219 | D62: =D7*'Output-Calculation-sheet'!D51/10^9 -> 2.7320242 | E62: =E7*'Output-Calculation-sheet'!E51/10^9 -> 0.11569889 | F62: =F7*'Output-Calculation-sheet'!F51/10^9 -> 0.52945488 | G62: =G7*'Output-Calculation-sheet'!G51/10^9 -> 0.44944458 | H62: =H7*'Output-Calculation-sheet'!H51/10^9 -> 0.52414328 | I62: =I7*'Output-Calculation-sheet'!I51/10^9 -> 0.39002607 | ... BF62: =BF7*'Output-Calculation-sheet'!BF51/10^9 -> 0.059397189 | BH62: =SUM(B62:BF62) -> 95.47342
A63: 2031 | B63: =B8*'Output-Calculation-sheet'!B52/10^9 -> 0.41154345 | C63: =C8*'Output-Calculation-sheet'!C52/10^9 -> 0.40039566 | D63: =D8*'Output-Calculation-sheet'!D52/10^9 -> 2.7205594 | E63: =E8*'Output-Calculation-sheet'!E52/10^9 -> 0.11483769 | F63: =F8*'Output-Calculation-sheet'!F52/10^9 -> 0.53028773 | G63: =G8*'Output-Calculation-sheet'!G52/10^9 -> 0.43610294 | H63: =H8*'Output-Calculation-sheet'!H52/10^9 -> 0.50617873 | I63: =I8*'Output-Calculation-sheet'!I52/10^9 -> 0.39580381 | ... BF63: =BF8*'Output-Calculation-sheet'!BF52/10^9 -> 0.060561417 | BH63: =SUM(B63:BF63) -> 96.005339
A64: 2032 | B64: =B9*'Output-Calculation-sheet'!B53/10^9 -> 0.37594317 | C64: =C9*'Output-Calculation-sheet'!C53/10^9 -> 0.35559591 | D64: =D9*'Output-Calculation-sheet'!D53/10^9 -> 2.4713353 | E64: =E9*'Output-Calculation-sheet'!E53/10^9 -> 0.10604726 | F64: =F9*'Output-Calculation-sheet'!F53/10^9 -> 0.48781156 | G64: =G9*'Output-Calculation-sheet'!G53/10^9 -> 0.38820099 | H64: =H9*'Output-Calculation-sheet'!H53/10^9 -> 0.44782217 | I64: =I9*'Output-Calculation-sheet'!I53/10^9 -> 0.37426876 | ... BF64: =BF9*'Output-Calculation-sheet'!BF53/10^9 -> 0.057265444 | BH64: =SUM(B64:BF64) -> 89.735676
A65: 2033 | B65: =B10*'Output-Calculation-sheet'!B54/10^9 -> 0.32866842 | C65: =C10*'Output-Calculation-sheet'!C54/10^9 -> 0.29635562 | D65: =D10*'Output-Calculation-sheet'!D54/10^9 -> 2.0987004 | E65: =E10*'Output-Calculation-sheet'!E54/10^9 -> 0.094309534 | F65: =F10*'Output-Calculation-sheet'!F54/10^9 -> 0.42229945 | G65: =G10*'Output-Calculation-sheet'!G54/10^9 -> 0.32453513 | H65: =H10*'Output-Calculation-sheet'!H54/10^9 -> 0.37127856 | I65: =I10*'Output-Calculation-sheet'!I54/10^9 -> 0.3409856 | ... BF65: =BF10*'Output-Calculation-sheet'!BF54/10^9 -> 0.051646216 | BH65: =SUM(B65:BF65) -> 77.774027
A66: 2034 | B66: =B11*'Output-Calculation-sheet'!B55/10^9 -> 0.27722046 | C66: =C11*'Output-Calculation-sheet'!C55/10^9 -> 0.22985857 | D66: =D11*'Output-Calculation-sheet'!D55/10^9 -> 1.6530362 | E66: =E11*'Output-Calculation-sheet'!E55/10^9 -> 0.08124739 | F66: =F11*'Output-Calculation-sheet'!F55/10^9 -> 0.34706634 | G66: =G11*'Output-Calculation-sheet'!G55/10^9 -> 0.25571519 | H66: =H11*'Output-Calculation-sheet'!H55/10^9 -> 0.28574984 | I66: =I11*'Output-Calculation-sheet'!I55/10^9 -> 0.30246691 | ... BF66: =BF11*'Output-Calculation-sheet'!BF55/10^9 -> 0.044416385 | BH66: =SUM(B66:BF66) -> 63.801484
A67: 2035 | B67: =B12*'Output-Calculation-sheet'!B56/10^9 -> 0.22354557 | C67: =C12*'Output-Calculation-sheet'!C56/10^9 -> 0.16756606 | D67: =D12*'Output-Calculation-sheet'!D56/10^9 -> 1.181181 | E67: =E12*'Output-Calculation-sheet'!E56/10^9 -> 0.068971425 | F67: =F12*'Output-Calculation-sheet'!F56/10^9 -> 0.2757161 | G67: =G12*'Output-Calculation-sheet'!G56/10^9 -> 0.19021807 | H67: =H12*'Output-Calculation-sheet'!H56/10^9 -> 0.19955254 | I67: =I12*'Output-Calculation-sheet'!I56/10^9 -> 0.26287162 | ... BF67: =BF12*'Output-Calculation-sheet'!BF56/10^9 -> 0.036232854 | BH67: =SUM(B67:BF67) -> 49.391897
B68: =SUM(B60:B67) -> 2.7590494 | C68: =SUM(C60:C67) -> 2.5925829 | D68: =SUM(D60:D67) -> 17.45552 | E68: =SUM(E60:E67) -> 0.77780126 | F68: =SUM(F60:F67) -> 3.4822601 | G68: =SUM(G60:G67) -> 2.8357316 | H68: =SUM(H60:H67) -> 3.26258 | I68: =SUM(I60:I67) -> 2.7205525 | ... BF68: =SUM(BF60:BF67) -> 0.40829602
A69: Battery Interface Capacity (MW) | BH69: Total Battery Interface Capacity (GW)
A71: 2028 | B71: =B5/'Output-Calculation-sheet'!B4*'Output-Calculation-sheet'!B58 -> 0 | C71: =C5/'Output-Calculation-sheet'!C4*'Output-Calculation-sheet'!C58 -> 0 | D71: =D5/'Output-Calculation-sheet'!D4*'Output-Calculation-sheet'!D58 -> 0 | E71: =E5/'Output-Calculation-sheet'!E4*'Output-Calculation-sheet'!E58 -> 0 | F71: =F5/'Output-Calculation-sheet'!F4*'Output-Calculation-sheet'!F58 -> 0 | G71: =G5/'Output-Calculation-sheet'!G4*'Output-Calculation-sheet'!G58 -> 0 | H71: =H5/'Output-Calculation-sheet'!H4*'Output-Calculation-sheet'!H58 -> 0 | I71: =I5/'Output-Calculation-sheet'!I4*'Output-Calculation-sheet'!I58 -> 0 | ... BF71: =BF5/'Output-Calculation-sheet'!BF4*'Output-Calculation-sheet'!BF58 -> 0 | BH71: =SUM(B71:BF71)/1000 -> 7.3527467
A72: 2029 | B72: =B6/'Output-Calculation-sheet'!B5*'Output-Calculation-sheet'!B59 -> 0 | C72: =C6/'Output-Calculation-sheet'!C5*'Output-Calculation-sheet'!C59 -> 0 | D72: =D6/'Output-Calculation-sheet'!D5*'Output-Calculation-sheet'!D59 -> 0 | E72: =E6/'Output-Calculation-sheet'!E5*'Output-Calculation-sheet'!E59 -> 0 | F72: =F6/'Output-Calculation-sheet'!F5*'Output-Calculation-sheet'!F59 -> 0 | G72: =G6/'Output-Calculation-sheet'!G5*'Output-Calculation-sheet'!G59 -> 0 | H72: =H6/'Output-Calculation-sheet'!H5*'Output-Calculation-sheet'!H59 -> 0 | I72: =I6/'Output-Calculation-sheet'!I5*'Output-Calculation-sheet'!I59 -> 0 | ... BF72: =BF6/'Output-Calculation-sheet'!BF5*'Output-Calculation-sheet'!BF59 -> 0 | BH72: =SUM(B72:BF72)/1000 -> 16.420046
A73: 2030 | B73: =B7/'Output-Calculation-sheet'!B6*'Output-Calculation-sheet'!B60 -> 0 | C73: =C7/'Output-Calculation-sheet'!C6*'Output-Calculation-sheet'!C60 -> 0 | D73: =D7/'Output-Calculation-sheet'!D6*'Output-Calculation-sheet'!D60 -> 0 | E73: =E7/'Output-Calculation-sheet'!E6*'Output-Calculation-sheet'!E60 -> 0 | F73: =F7/'Output-Calculation-sheet'!F6*'Output-Calculation-sheet'!F60 -> 0 | G73: =G7/'Output-Calculation-sheet'!G6*'Output-Calculation-sheet'!G60 -> 0 | H73: =H7/'Output-Calculation-sheet'!H6*'Output-Calculation-sheet'!H60 -> 0 | I73: =I7/'Output-Calculation-sheet'!I6*'Output-Calculation-sheet'!I60 -> 0 | ... BF73: =BF7/'Output-Calculation-sheet'!BF6*'Output-Calculation-sheet'!BF60 -> 0 | BH73: =SUM(B73:BF73)/1000 -> 41.978078
A74: 2031 | B74: =B8/'Output-Calculation-sheet'!B7*'Output-Calculation-sheet'!B61 -> 0 | C74: =C8/'Output-Calculation-sheet'!C7*'Output-Calculation-sheet'!C61 -> 0 | D74: =D8/'Output-Calculation-sheet'!D7*'Output-Calculation-sheet'!D61 -> 0 | E74: =E8/'Output-Calculation-sheet'!E7*'Output-Calculation-sheet'!E61 -> 0 | F74: =F8/'Output-Calculation-sheet'!F7*'Output-Calculation-sheet'!F61 -> 0 | G74: =G8/'Output-Calculation-sheet'!G7*'Output-Calculation-sheet'!G61 -> 0 | H74: =H8/'Output-Calculation-sheet'!H7*'Output-Calculation-sheet'!H61 -> 0 | I74: =I8/'Output-Calculation-sheet'!I7*'Output-Calculation-sheet'!I61 -> 0 | ... BF74: =BF8/'Output-Calculation-sheet'!BF7*'Output-Calculation-sheet'!BF61 -> 0 | BH74: =SUM(B74:BF74)/1000 -> 22.533426
A75: 2032 | B75: =B9/'Output-Calculation-sheet'!B8*'Output-Calculation-sheet'!B62 -> 0 | C75: =C9/'Output-Calculation-sheet'!C8*'Output-Calculation-sheet'!C62 -> 0 | D75: =D9/'Output-Calculation-sheet'!D8*'Output-Calculation-sheet'!D62 -> 0 | E75: =E9/'Output-Calculation-sheet'!E8*'Output-Calculation-sheet'!E62 -> 0 | F75: =F9/'Output-Calculation-sheet'!F8*'Output-Calculation-sheet'!F62 -> 0 | G75: =G9/'Output-Calculation-sheet'!G8*'Output-Calculation-sheet'!G62 -> 0 | H75: =H9/'Output-Calculation-sheet'!H8*'Output-Calculation-sheet'!H62 -> 0 | I75: =I9/'Output-Calculation-sheet'!I8*'Output-Calculation-sheet'!I62 -> 0 | ... BF75: =BF9/'Output-Calculation-sheet'!BF8*'Output-Calculation-sheet'!BF62 -> 0 | BH75: =SUM(B75:BF75)/1000 -> 17.730953
A76: 2033 | B76: =B10/'Output-Calculation-sheet'!B9*'Output-Calculation-sheet'!B63 -> 0 | C76: =C10/'Output-Calculation-sheet'!C9*'Output-Calculation-sheet'!C63 -> 0 | D76: =D10/'Output-Calculation-sheet'!D9*'Output-Calculation-sheet'!D63 -> 0 | E76: =E10/'Output-Calculation-sheet'!E9*'Output-Calculation-sheet'!E63 -> 0 | F76: =F10/'Output-Calculation-sheet'!F9*'Output-Calculation-sheet'!F63 -> 0 | G76: =G10/'Output-Calculation-sheet'!G9*'Output-Calculation-sheet'!G63 -> 0 | H76: =H10/'Output-Calculation-sheet'!H9*'Output-Calculation-sheet'!H63 -> 0 | I76: =I10/'Output-Calculation-sheet'!I9*'Output-Calculation-sheet'!I63 -> 0 | ... BF76: =BF10/'Output-Calculation-sheet'!BF9*'Output-Calculation-sheet'!BF63 -> 0 | BH76: =SUM(B76:BF76)/1000 -> 2.0525974
A77: 2034 | B77: =B11/'Output-Calculation-sheet'!B10*'Output-Calculation-sheet'!B64 -> 31.582118 | C77: =C11/'Output-Calculation-sheet'!C10*'Output-Calculation-sheet'!C64 -> 0 | D77: =D11/'Output-Calculation-sheet'!D10*'Output-Calculation-sheet'!D64 -> 0 | E77: =E11/'Output-Calculation-sheet'!E10*'Output-Calculation-sheet'!E64 -> 0 | F77: =F11/'Output-Calculation-sheet'!F10*'Output-Calculation-sheet'!F64 -> 0 | G77: =G11/'Output-Calculation-sheet'!G10*'Output-Calculation-sheet'!G64 -> 0 | H77: =H11/'Output-Calculation-sheet'!H10*'Output-Calculation-sheet'!H64 -> 0 | I77: =I11/'Output-Calculation-sheet'!I10*'Output-Calculation-sheet'!I64 -> 0 | ... BF77: =BF11/'Output-Calculation-sheet'!BF10*'Output-Calculation-sheet'!BF64 -> 0 | BH77: =SUM(B77:BF77)/1000 -> 3.46059
A78: 2035 | B78: =B12/'Output-Calculation-sheet'!B11*'Output-Calculation-sheet'!B65 -> 99.036755 | C78: =C12/'Output-Calculation-sheet'!C11*'Output-Calculation-sheet'!C65 -> 0 | D78: =D12/'Output-Calculation-sheet'!D11*'Output-Calculation-sheet'!D65 -> 0 | E78: =E12/'Output-Calculation-sheet'!E11*'Output-Calculation-sheet'!E65 -> 8.4660422 | F78: =F12/'Output-Calculation-sheet'!F11*'Output-Calculation-sheet'!F65 -> 0 | G78: =G12/'Output-Calculation-sheet'!G11*'Output-Calculation-sheet'!G65 -> 0 | H78: =H12/'Output-Calculation-sheet'!H11*'Output-Calculation-sheet'!H65 -> 0 | I78: =I12/'Output-Calculation-sheet'!I11*'Output-Calculation-sheet'!I65 -> 0 | ... BF78: =BF12/'Output-Calculation-sheet'!BF11*'Output-Calculation-sheet'!BF65 -> 0 | BH78: =SUM(B78:BF78)/1000 -> 3.9861308
A80: Heat Pump Capacity (MW) | BH80: Total Heat Pump Capacity (GW)
A82: 2028 | B82: =B5/'Output-Calculation-sheet'!B4*'Output-Calculation-sheet'!B67 -> 0 | C82: =C5/'Output-Calculation-sheet'!C4*'Output-Calculation-sheet'!C67 -> 0 | D82: =D5/'Output-Calculation-sheet'!D4*'Output-Calculation-sheet'!D67 -> 0 | E82: =E5/'Output-Calculation-sheet'!E4*'Output-Calculation-sheet'!E67 -> 0 | F82: =F5/'Output-Calculation-sheet'!F4*'Output-Calculation-sheet'!F67 -> 0 | G82: =G5/'Output-Calculation-sheet'!G4*'Output-Calculation-sheet'!G67 -> 0 | H82: =H5/'Output-Calculation-sheet'!H4*'Output-Calculation-sheet'!H67 -> 0 | I82: =I5/'Output-Calculation-sheet'!I4*'Output-Calculation-sheet'!I67 -> 0 | ... BF82: =BF5/'Output-Calculation-sheet'!BF4*'Output-Calculation-sheet'!BF67 -> 0 | BH82: =SUM(B82:BF82)/1000 -> 3.5508426
A83: 2029 | B83: =B6/'Output-Calculation-sheet'!B5*'Output-Calculation-sheet'!B68 -> 0 | C83: =C6/'Output-Calculation-sheet'!C5*'Output-Calculation-sheet'!C68 -> 0 | D83: =D6/'Output-Calculation-sheet'!D5*'Output-Calculation-sheet'!D68 -> 0 | E83: =E6/'Output-Calculation-sheet'!E5*'Output-Calculation-sheet'!E68 -> 0 | F83: =F6/'Output-Calculation-sheet'!F5*'Output-Calculation-sheet'!F68 -> 0 | G83: =G6/'Output-Calculation-sheet'!G5*'Output-Calculation-sheet'!G68 -> 0 | H83: =H6/'Output-Calculation-sheet'!H5*'Output-Calculation-sheet'!H68 -> 0 | I83: =I6/'Output-Calculation-sheet'!I5*'Output-Calculation-sheet'!I68 -> 0 | ... BF83: =BF6/'Output-Calculation-sheet'!BF5*'Output-Calculation-sheet'!BF68 -> 0 | BH83: =SUM(B83:BF83)/1000 -> 7.9480671
A84: 2030 | B84: =B7/'Output-Calculation-sheet'!B6*'Output-Calculation-sheet'!B69 -> 0 | C84: =C7/'Output-Calculation-sheet'!C6*'Output-Calculation-sheet'!C69 -> 0 | D84: =D7/'Output-Calculation-sheet'!D6*'Output-Calculation-sheet'!D69 -> 0 | E84: =E7/'Output-Calculation-sheet'!E6*'Output-Calculation-sheet'!E69 -> 0 | F84: =F7/'Output-Calculation-sheet'!F6*'Output-Calculation-sheet'!F69 -> 0 | G84: =G7/'Output-Calculation-sheet'!G6*'Output-Calculation-sheet'!G69 -> 0 | H84: =H7/'Output-Calculation-sheet'!H6*'Output-Calculation-sheet'!H69 -> 0 | I84: =I7/'Output-Calculation-sheet'!I6*'Output-Calculation-sheet'!I69 -> 0 | ... BF84: =BF7/'Output-Calculation-sheet'!BF6*'Output-Calculation-sheet'!BF69 -> 0 | BH84: =SUM(B84:BF84)/1000 -> 20.018197
A85: 2031 | B85: =B8/'Output-Calculation-sheet'!B7*'Output-Calculation-sheet'!B70 -> 0 | C85: =C8/'Output-Calculation-sheet'!C7*'Output-Calculation-sheet'!C70 -> 0 | D85: =D8/'Output-Calculation-sheet'!D7*'Output-Calculation-sheet'!D70 -> 0 | E85: =E8/'Output-Calculation-sheet'!E7*'Output-Calculation-sheet'!E70 -> 0 | F85: =F8/'Output-Calculation-sheet'!F7*'Output-Calculation-sheet'!F70 -> 0 | G85: =G8/'Output-Calculation-sheet'!G7*'Output-Calculation-sheet'!G70 -> 0 | H85: =H8/'Output-Calculation-sheet'!H7*'Output-Calculation-sheet'!H70 -> 0 | I85: =I8/'Output-Calculation-sheet'!I7*'Output-Calculation-sheet'!I70 -> 0 | ... BF85: =BF8/'Output-Calculation-sheet'!BF7*'Output-Calculation-sheet'!BF70 -> 0 | BH85: =SUM(B85:BF85)/1000 -> 10.741078
A86: 2032 | B86: =B9/'Output-Calculation-sheet'!B8*'Output-Calculation-sheet'!B71 -> 0 | C86: =C9/'Output-Calculation-sheet'!C8*'Output-Calculation-sheet'!C71 -> 0 | D86: =D9/'Output-Calculation-sheet'!D8*'Output-Calculation-sheet'!D71 -> 0 | E86: =E9/'Output-Calculation-sheet'!E8*'Output-Calculation-sheet'!E71 -> 0 | F86: =F9/'Output-Calculation-sheet'!F8*'Output-Calculation-sheet'!F71 -> 0 | G86: =G9/'Output-Calculation-sheet'!G8*'Output-Calculation-sheet'!G71 -> 0 | H86: =H9/'Output-Calculation-sheet'!H8*'Output-Calculation-sheet'!H71 -> 0 | I86: =I9/'Output-Calculation-sheet'!I8*'Output-Calculation-sheet'!I71 -> 0 | ... BF86: =BF9/'Output-Calculation-sheet'!BF8*'Output-Calculation-sheet'!BF71 -> 0 | BH86: =SUM(B86:BF86)/1000 -> 8.0053478
A87: 2033 | B87: =B10/'Output-Calculation-sheet'!B9*'Output-Calculation-sheet'!B72 -> 0 | C87: =C10/'Output-Calculation-sheet'!C9*'Output-Calculation-sheet'!C72 -> 0 | D87: =D10/'Output-Calculation-sheet'!D9*'Output-Calculation-sheet'!D72 -> 0 | E87: =E10/'Output-Calculation-sheet'!E9*'Output-Calculation-sheet'!E72 -> 0 | F87: =F10/'Output-Calculation-sheet'!F9*'Output-Calculation-sheet'!F72 -> 0 | G87: =G10/'Output-Calculation-sheet'!G9*'Output-Calculation-sheet'!G72 -> 0 | H87: =H10/'Output-Calculation-sheet'!H9*'Output-Calculation-sheet'!H72 -> 0 | I87: =I10/'Output-Calculation-sheet'!I9*'Output-Calculation-sheet'!I72 -> 0 | ... BF87: =BF10/'Output-Calculation-sheet'!BF9*'Output-Calculation-sheet'!BF72 -> 0 | BH87: =SUM(B87:BF87)/1000 -> 0.10557316
A88: 2034 | B88: =B11/'Output-Calculation-sheet'!B10*'Output-Calculation-sheet'!B73 -> 0 | C88: =C11/'Output-Calculation-sheet'!C10*'Output-Calculation-sheet'!C73 -> 0 | D88: =D11/'Output-Calculation-sheet'!D10*'Output-Calculation-sheet'!D73 -> 0 | E88: =E11/'Output-Calculation-sheet'!E10*'Output-Calculation-sheet'!E73 -> 0 | F88: =F11/'Output-Calculation-sheet'!F10*'Output-Calculation-sheet'!F73 -> 0 | G88: =G11/'Output-Calculation-sheet'!G10*'Output-Calculation-sheet'!G73 -> 0 | H88: =H11/'Output-Calculation-sheet'!H10*'Output-Calculation-sheet'!H73 -> 0 | I88: =I11/'Output-Calculation-sheet'!I10*'Output-Calculation-sheet'!I73 -> 0 | ... BF88: =BF11/'Output-Calculation-sheet'!BF10*'Output-Calculation-sheet'!BF73 -> 0 | BH88: =SUM(B88:BF88)/1000 -> 0.023919765
A89: 2035 | B89: =B12/'Output-Calculation-sheet'!B11*'Output-Calculation-sheet'!B74 -> 0 | C89: =C12/'Output-Calculation-sheet'!C11*'Output-Calculation-sheet'!C74 -> 0 | D89: =D12/'Output-Calculation-sheet'!D11*'Output-Calculation-sheet'!D74 -> 0 | E89: =E12/'Output-Calculation-sheet'!E11*'Output-Calculation-sheet'!E74 -> 0 | F89: =F12/'Output-Calculation-sheet'!F11*'Output-Calculation-sheet'!F74 -> 0 | G89: =G12/'Output-Calculation-sheet'!G11*'Output-Calculation-sheet'!G74 -> 0 | H89: =H12/'Output-Calculation-sheet'!H11*'Output-Calculation-sheet'!H74 -> 0 | I89: =I12/'Output-Calculation-sheet'!I11*'Output-Calculation-sheet'!I74 -> 0 | ... BF89: =BF12/'Output-Calculation-sheet'!BF11*'Output-Calculation-sheet'!BF74 -> 0 | BH89: =SUM(B89:BF89)/1000 -> 0.028951874
A91: Emissions avoided (kgCO2) | BH91: Total avoided emissions (GtCO2)
A93: 2028 | B93: =B5/'Output-Calculation-sheet'!B4*'Output-Calculation-sheet'!B76 -> 3573675.4 | C93: =C5/'Output-Calculation-sheet'!C4*'Output-Calculation-sheet'!C76 -> 5599074.6 | D93: =D5/'Output-Calculation-sheet'!D4*'Output-Calculation-sheet'!D76 -> 3.0975682e+08 | E93: =E5/'Output-Calculation-sheet'!E4*'Output-Calculation-sheet'!E76 -> 11773271 | F93: =F5/'Output-Calculation-sheet'!F4*'Output-Calculation-sheet'!F76 -> 25778459 | G93: =G5/'Output-Calculation-sheet'!G4*'Output-Calculation-sheet'!G76 -> 36828796 | H93: =H5/'Output-Calculation-sheet'!H4*'Output-Calculation-sheet'!H76 -> 4948856.3 | I93: =I5/'Output-Calculation-sheet'!I4*'Output-Calculation-sheet'!I76 -> 4371396.9 | ... BF93: =BF5/'Output-Calculation-sheet'!BF4*'Output-Calculation-sheet'!BF76 -> 8591760.6 | BH93: =SUM(B93:BF93)/10^9 -> 11.227991
A94: 2029 | B94: =B6/'Output-Calculation-sheet'!B5*'Output-Calculation-sheet'!B77 -> 7643763.2 | C94: =C6/'Output-Calculation-sheet'!C5*'Output-Calculation-sheet'!C77 -> 12390049 | D94: =D6/'Output-Calculation-sheet'!D5*'Output-Calculation-sheet'!D77 -> 7.4520861e+08 | E94: =E6/'Output-Calculation-sheet'!E5*'Output-Calculation-sheet'!E77 -> 27357208 | F94: =F6/'Output-Calculation-sheet'!F5*'Output-Calculation-sheet'!F77 -> 59618948 | G94: =G6/'Output-Calculation-sheet'!G5*'Output-Calculation-sheet'!G77 -> 87772543 | H94: =H6/'Output-Calculation-sheet'!H5*'Output-Calculation-sheet'!H77 -> 10481924 | I94: =I6/'Output-Calculation-sheet'!I5*'Output-Calculation-sheet'!I77 -> 8449880.1 | ... BF94: =BF6/'Output-Calculation-sheet'!BF5*'Output-Calculation-sheet'!BF77 -> 16870976 | BH94: =SUM(B94:BF94)/10^9 -> 26.986852
A95: 2030 | B95: =B7/'Output-Calculation-sheet'!B6*'Output-Calculation-sheet'!B78 -> 11292302 | C95: =C7/'Output-Calculation-sheet'!C6*'Output-Calculation-sheet'!C78 -> 18827748 | D95: =D7/'Output-Calculation-sheet'!D6*'Output-Calculation-sheet'!D78 -> 1.2243323e+09 | E95: =E7/'Output-Calculation-sheet'!E6*'Output-Calculation-sheet'!E78 -> 43549787 | F95: =F7/'Output-Calculation-sheet'!F6*'Output-Calculation-sheet'!F78 -> 94616274 | G95: =G7/'Output-Calculation-sheet'!G6*'Output-Calculation-sheet'!G78 -> 1.4342813e+08 | H95: =H7/'Output-Calculation-sheet'!H6*'Output-Calculation-sheet'!H78 -> 15265148 | I95: =I7/'Output-Calculation-sheet'!I6*'Output-Calculation-sheet'!I78 -> 11302487 | ... BF95: =BF7/'Output-Calculation-sheet'!BF6*'Output-Calculation-sheet'!BF78 -> 21004087 | BH95: =SUM(B95:BF95)/10^9 -> 44.411589
A96: 2031 | B96: =B8/'Output-Calculation-sheet'!B7*'Output-Calculation-sheet'!B79 -> 11814040 | C96: =C8/'Output-Calculation-sheet'!C7*'Output-Calculation-sheet'!C79 -> 22609916 | D96: =D8/'Output-Calculation-sheet'!D7*'Output-Calculation-sheet'!D79 -> 1.5849132e+09 | E96: =E8/'Output-Calculation-sheet'!E7*'Output-Calculation-sheet'!E79 -> 53913917 | F96: =F8/'Output-Calculation-sheet'!F7*'Output-Calculation-sheet'!F79 -> 1.214916e+08 | G96: =G8/'Output-Calculation-sheet'!G7*'Output-Calculation-sheet'!G79 -> 1.8085495e+08 | H96: =H8/'Output-Calculation-sheet'!H7*'Output-Calculation-sheet'!H79 -> 17026605 | I96: =I8/'Output-Calculation-sheet'!I7*'Output-Calculation-sheet'!I79 -> 5249070.5 | ... BF96: =BF8/'Output-Calculation-sheet'!BF7*'Output-Calculation-sheet'!BF79 -> 20598887 | BH96: =SUM(B96:BF96)/10^9 -> 58.363258
A97: 2032 | B97: =B9/'Output-Calculation-sheet'!B8*'Output-Calculation-sheet'!B80 -> 13281006 | C97: =C9/'Output-Calculation-sheet'!C8*'Output-Calculation-sheet'!C80 -> 25755095 | D97: =D9/'Output-Calculation-sheet'!D8*'Output-Calculation-sheet'!D80 -> 1.7779417e+09 | E97: =E9/'Output-Calculation-sheet'!E8*'Output-Calculation-sheet'!E80 -> 58283441 | F97: =F9/'Output-Calculation-sheet'!F8*'Output-Calculation-sheet'!F80 -> 1.3802375e+08 | G97: =G9/'Output-Calculation-sheet'!G8*'Output-Calculation-sheet'!G80 -> 2.0007665e+08 | H97: =H9/'Output-Calculation-sheet'!H8*'Output-Calculation-sheet'!H80 -> 17738020 | I97: =I9/'Output-Calculation-sheet'!I8*'Output-Calculation-sheet'!I80 -> 5641557.4 | ... BF97: =BF9/'Output-Calculation-sheet'!BF8*'Output-Calculation-sheet'!BF80 -> 23443376 | BH97: =SUM(B97:BF97)/10^9 -> 67.807305
A98: 2033 | B98: =B10/'Output-Calculation-sheet'!B9*'Output-Calculation-sheet'!B81 -> 13763020 | C98: =C10/'Output-Calculation-sheet'!C9*'Output-Calculation-sheet'!C81 -> 27010292 | D98: =D10/'Output-Calculation-sheet'!D9*'Output-Calculation-sheet'!D81 -> 1.812046e+09 | E98: =E10/'Output-Calculation-sheet'!E9*'Output-Calculation-sheet'!E81 -> 57894028 | F98: =F10/'Output-Calculation-sheet'!F9*'Output-Calculation-sheet'!F81 -> 1.4441183e+08 | G98: =G10/'Output-Calculation-sheet'!G9*'Output-Calculation-sheet'!G81 -> 2.0287173e+08 | H98: =H10/'Output-Calculation-sheet'!H9*'Output-Calculation-sheet'!H81 -> 17050250 | I98: =I10/'Output-Calculation-sheet'!I9*'Output-Calculation-sheet'!I81 -> 5597485.5 | ... BF98: =BF10/'Output-Calculation-sheet'!BF9*'Output-Calculation-sheet'!BF81 -> 24691929 | BH98: =SUM(B98:BF98)/10^9 -> 71.766358
A99: 2034 | B99: =B11/'Output-Calculation-sheet'!B10*'Output-Calculation-sheet'!B82 -> 13335390 | C99: =C11/'Output-Calculation-sheet'!C10*'Output-Calculation-sheet'!C82 -> 26452720 | D99: =D11/'Output-Calculation-sheet'!D10*'Output-Calculation-sheet'!D82 -> 1.7025276e+09 | E99: =E11/'Output-Calculation-sheet'!E10*'Output-Calculation-sheet'!E82 -> 53617988 | F99: =F11/'Output-Calculation-sheet'!F10*'Output-Calculation-sheet'!F82 -> 1.4112427e+08 | G99: =G11/'Output-Calculation-sheet'!G10*'Output-Calculation-sheet'!G82 -> 1.9131193e+08 | H99: =H11/'Output-Calculation-sheet'!H10*'Output-Calculation-sheet'!H82 -> 15340564 | I99: =I11/'Output-Calculation-sheet'!I10*'Output-Calculation-sheet'!I82 -> 5200229 | ... BF99: =BF11/'Output-Calculation-sheet'!BF10*'Output-Calculation-sheet'!BF82 -> 24381581 | BH99: =SUM(B99:BF99)/10^9 -> 70.190718
A100: 2035 | B100: =B12/'Output-Calculation-sheet'!B11*'Output-Calculation-sheet'!B83 -> 12136542 | C100: =C12/'Output-Calculation-sheet'!C11*'Output-Calculation-sheet'!C83 -> 24304759 | D100: =D12/'Output-Calculation-sheet'!D11*'Output-Calculation-sheet'!D83 -> 1.4817384e+09 | E100: =E12/'Output-Calculation-sheet'!E11*'Output-Calculation-sheet'!E83 -> 46530542 | F100: =F12/'Output-Calculation-sheet'!F11*'Output-Calculation-sheet'!F83 -> 1.2938049e+08 | G100: =G12/'Output-Calculation-sheet'!G11*'Output-Calculation-sheet'!G83 -> 1.6862891e+08 | H100: =H12/'Output-Calculation-sheet'!H11*'Output-Calculation-sheet'!H83 -> 12980476 | I100: =I12/'Output-Calculation-sheet'!I11*'Output-Calculation-sheet'!I83 -> 4544380.8 | ... BF100: =BF12/'Output-Calculation-sheet'!BF11*'Output-Calculation-sheet'!BF83 -> 22651491 | BH100: =SUM(B100:BF100)/10^9 -> 63.710982
A102: Carbon Captured (kgCO2) | BH102: Total carbon captured (GtCO2)
A104: 2028 | B104: =B5/'Output-Calculation-sheet'!B4*'Output-Calculation-sheet'!B85 -> 0 | C104: =C5/'Output-Calculation-sheet'!C4*'Output-Calculation-sheet'!C85 -> 0 | D104: =D5/'Output-Calculation-sheet'!D4*'Output-Calculation-sheet'!D85 -> 0 | E104: =E5/'Output-Calculation-sheet'!E4*'Output-Calculation-sheet'!E85 -> 0 | F104: =F5/'Output-Calculation-sheet'!F4*'Output-Calculation-sheet'!F85 -> 0 | G104: =G5/'Output-Calculation-sheet'!G4*'Output-Calculation-sheet'!G85 -> 0 | H104: =H5/'Output-Calculation-sheet'!H4*'Output-Calculation-sheet'!H85 -> 0 | I104: =I5/'Output-Calculation-sheet'!I4*'Output-Calculation-sheet'!I85 -> 0 | ... BF104: =BF5/'Output-Calculation-sheet'!BF4*'Output-Calculation-sheet'!BF85 -> 0 | BH104: =SUM(B104:BF104)/10^9 -> 0.1474406
A105: 2029 | B105: =B6/'Output-Calculation-sheet'!B5*'Output-Calculation-sheet'!B86 -> 0 | C105: =C6/'Output-Calculation-sheet'!C5*'Output-Calculation-sheet'!C86 -> 0 | D105: =D6/'Output-Calculation-sheet'!D5*'Output-Calculation-sheet'!D86 -> 0 | E105: =E6/'Output-Calculation-sheet'!E5*'Output-Calculation-sheet'!E86 -> 0 | F105: =F6/'Output-Calculation-sheet'!F5*'Output-Calculation-sheet'!F86 -> 0 | G105: =G6/'Output-Calculation-sheet'!G5*'Output-Calculation-sheet'!G86 -> 0 | H105: =H6/'Output-Calculation-sheet'!H5*'Output-Calculation-sheet'!H86 -> 0 | I105: =I6/'Output-Calculation-sheet'!I5*'Output-Calculation-sheet'!I86 -> 0 | ... BF105: =BF6/'Output-Calculation-sheet'!BF5*'Output-Calculation-sheet'!BF86 -> 0 | BH105: =SUM(B105:BF105)/10^9 -> 0.41254482
A106: 2030 | B106: =B7/'Output-Calculation-sheet'!B6*'Output-Calculation-sheet'!B87 -> 0 | C106: =C7/'Output-Calculation-sheet'!C6*'Output-Calculation-sheet'!C87 -> 0 | D106: =D7/'Output-Calculation-sheet'!D6*'Output-Calculation-sheet'!D87 -> 0 | E106: =E7/'Output-Calculation-sheet'!E6*'Output-Calculation-sheet'!E87 -> 0 | F106: =F7/'Output-Calculation-sheet'!F6*'Output-Calculation-sheet'!F87 -> 0 | G106: =G7/'Output-Calculation-sheet'!G6*'Output-Calculation-sheet'!G87 -> 0 | H106: =H7/'Output-Calculation-sheet'!H6*'Output-Calculation-sheet'!H87 -> 0 | I106: =I7/'Output-Calculation-sheet'!I6*'Output-Calculation-sheet'!I87 -> 0 | ... BF106: =BF7/'Output-Calculation-sheet'!BF6*'Output-Calculation-sheet'!BF87 -> 0 | BH106: =SUM(B106:BF106)/10^9 -> 0.87509669
A107: 2031 | B107: =B8/'Output-Calculation-sheet'!B7*'Output-Calculation-sheet'!B88 -> 0 | C107: =C8/'Output-Calculation-sheet'!C7*'Output-Calculation-sheet'!C88 -> 0 | D107: =D8/'Output-Calculation-sheet'!D7*'Output-Calculation-sheet'!D88 -> 0 | E107: =E8/'Output-Calculation-sheet'!E7*'Output-Calculation-sheet'!E88 -> 0 | F107: =F8/'Output-Calculation-sheet'!F7*'Output-Calculation-sheet'!F88 -> 0 | G107: =G8/'Output-Calculation-sheet'!G7*'Output-Calculation-sheet'!G88 -> 0 | H107: =H8/'Output-Calculation-sheet'!H7*'Output-Calculation-sheet'!H88 -> 0 | I107: =I8/'Output-Calculation-sheet'!I7*'Output-Calculation-sheet'!I88 -> 0 | ... BF107: =BF8/'Output-Calculation-sheet'!BF7*'Output-Calculation-sheet'!BF88 -> 0 | BH107: =SUM(B107:BF107)/10^9 -> 1.0200401
A108: 2032 | B108: =B9/'Output-Calculation-sheet'!B8*'Output-Calculation-sheet'!B89 -> 0 | C108: =C9/'Output-Calculation-sheet'!C8*'Output-Calculation-sheet'!C89 -> 0 | D108: =D9/'Output-Calculation-sheet'!D8*'Output-Calculation-sheet'!D89 -> 0 | E108: =E9/'Output-Calculation-sheet'!E8*'Output-Calculation-sheet'!E89 -> 0 | F108: =F9/'Output-Calculation-sheet'!F8*'Output-Calculation-sheet'!F89 -> 0 | G108: =G9/'Output-Calculation-sheet'!G8*'Output-Calculation-sheet'!G89 -> 0 | H108: =H9/'Output-Calculation-sheet'!H8*'Output-Calculation-sheet'!H89 -> 0 | I108: =I9/'Output-Calculation-sheet'!I8*'Output-Calculation-sheet'!I89 -> 0 | ... BF108: =BF9/'Output-Calculation-sheet'!BF8*'Output-Calculation-sheet'!BF89 -> 0 | BH108: =SUM(B108:BF108)/10^9 -> 1.1230765
A109: 2033 | B109: =B10/'Output-Calculation-sheet'!B9*'Output-Calculation-sheet'!B90 -> 0 | C109: =C10/'Output-Calculation-sheet'!C9*'Output-Calculation-sheet'!C90 -> 0 | D109: =D10/'Output-Calculation-sheet'!D9*'Output-Calculation-sheet'!D90 -> 0 | E109: =E10/'Output-Calculation-sheet'!E9*'Output-Calculation-sheet'!E90 -> 0 | F109: =F10/'Output-Calculation-sheet'!F9*'Output-Calculation-sheet'!F90 -> 0 | G109: =G10/'Output-Calculation-sheet'!G9*'Output-Calculation-sheet'!G90 -> 0 | H109: =H10/'Output-Calculation-sheet'!H9*'Output-Calculation-sheet'!H90 -> 0 | I109: =I10/'Output-Calculation-sheet'!I9*'Output-Calculation-sheet'!I90 -> 0 | ... BF109: =BF10/'Output-Calculation-sheet'!BF9*'Output-Calculation-sheet'!BF90 -> 0 | BH109: =SUM(B109:BF109)/10^9 -> 0.68947154
A110: 2034 | B110: =B11/'Output-Calculation-sheet'!B10*'Output-Calculation-sheet'!B91 -> 0 | C110: =C11/'Output-Calculation-sheet'!C10*'Output-Calculation-sheet'!C91 -> 0 | D110: =D11/'Output-Calculation-sheet'!D10*'Output-Calculation-sheet'!D91 -> 0 | E110: =E11/'Output-Calculation-sheet'!E10*'Output-Calculation-sheet'!E91 -> 0 | F110: =F11/'Output-Calculation-sheet'!F10*'Output-Calculation-sheet'!F91 -> 0 | G110: =G11/'Output-Calculation-sheet'!G10*'Output-Calculation-sheet'!G91 -> 0 | H110: =H11/'Output-Calculation-sheet'!H10*'Output-Calculation-sheet'!H91 -> 0 | I110: =I11/'Output-Calculation-sheet'!I10*'Output-Calculation-sheet'!I91 -> 0 | ... BF110: =BF11/'Output-Calculation-sheet'!BF10*'Output-Calculation-sheet'!BF91 -> 0 | BH110: =SUM(B110:BF110)/10^9 -> 0.043340488
A111: 2035 | B111: =B12/'Output-Calculation-sheet'!B11*'Output-Calculation-sheet'!B92 -> 0 | C111: =C12/'Output-Calculation-sheet'!C11*'Output-Calculation-sheet'!C92 -> 0 | D111: =D12/'Output-Calculation-sheet'!D11*'Output-Calculation-sheet'!D92 -> 0 | E111: =E12/'Output-Calculation-sheet'!E11*'Output-Calculation-sheet'!E92 -> 0 | F111: =F12/'Output-Calculation-sheet'!F11*'Output-Calculation-sheet'!F92 -> 0 | G111: =G12/'Output-Calculation-sheet'!G11*'Output-Calculation-sheet'!G92 -> 0 | H111: =H12/'Output-Calculation-sheet'!H11*'Output-Calculation-sheet'!H92 -> 0 | I111: =I12/'Output-Calculation-sheet'!I11*'Output-Calculation-sheet'!I92 -> 0 | ... BF111: =BF12/'Output-Calculation-sheet'!BF11*'Output-Calculation-sheet'!BF92 -> 0 | BH111: =SUM(B111:BF111)/10^9 -> 0.049104919
A113: Solar Power Supplied (kWh) | BH113: Total solar power supplied (TWh)
A115: 2028 | B115: =B5/'Output-Calculation-sheet'!B4*'Output-Calculation-sheet'!B94 -> 0 | C115: =C5/'Output-Calculation-sheet'!C4*'Output-Calculation-sheet'!C94 -> 0 | D115: =D5/'Output-Calculation-sheet'!D4*'Output-Calculation-sheet'!D94 -> 2.010031e+08 | E115: =E5/'Output-Calculation-sheet'!E4*'Output-Calculation-sheet'!E94 -> 6845287.3 | F115: =F5/'Output-Calculation-sheet'!F4*'Output-Calculation-sheet'!F94 -> 63396903 | G115: =G5/'Output-Calculation-sheet'!G4*'Output-Calculation-sheet'!G94 -> 0 | H115: =H5/'Output-Calculation-sheet'!H4*'Output-Calculation-sheet'!H94 -> 0 | I115: =I5/'Output-Calculation-sheet'!I4*'Output-Calculation-sheet'!I94 -> 0 | ... BF115: =BF5/'Output-Calculation-sheet'!BF4*'Output-Calculation-sheet'!BF94 -> 0 | BH115: =SUM(B115:BF115)/10^9 -> 14.113183
A116: 2029 | B116: =B6/'Output-Calculation-sheet'!B5*'Output-Calculation-sheet'!B95 -> 0 | C116: =C6/'Output-Calculation-sheet'!C5*'Output-Calculation-sheet'!C95 -> 0 | D116: =D6/'Output-Calculation-sheet'!D5*'Output-Calculation-sheet'!D95 -> 4.0985861e+08 | E116: =E6/'Output-Calculation-sheet'!E5*'Output-Calculation-sheet'!E95 -> 14398795 | F116: =F6/'Output-Calculation-sheet'!F5*'Output-Calculation-sheet'!F95 -> 1.4089956e+08 | G116: =G6/'Output-Calculation-sheet'!G5*'Output-Calculation-sheet'!G95 -> 0 | H116: =H6/'Output-Calculation-sheet'!H5*'Output-Calculation-sheet'!H95 -> 0 | I116: =I6/'Output-Calculation-sheet'!I5*'Output-Calculation-sheet'!I95 -> 0 | ... BF116: =BF6/'Output-Calculation-sheet'!BF5*'Output-Calculation-sheet'!BF95 -> 0 | BH116: =SUM(B116:BF116)/10^9 -> 33.544638
A117: 2030 | B117: =B7/'Output-Calculation-sheet'!B6*'Output-Calculation-sheet'!B96 -> 0 | C117: =C7/'Output-Calculation-sheet'!C6*'Output-Calculation-sheet'!C96 -> 0 | D117: =D7/'Output-Calculation-sheet'!D6*'Output-Calculation-sheet'!D96 -> 5.2697965e+08 | E117: =E7/'Output-Calculation-sheet'!E6*'Output-Calculation-sheet'!E96 -> 20136928 | F117: =F7/'Output-Calculation-sheet'!F6*'Output-Calculation-sheet'!F96 -> 2.0963366e+08 | G117: =G7/'Output-Calculation-sheet'!G6*'Output-Calculation-sheet'!G96 -> 0 | H117: =H7/'Output-Calculation-sheet'!H6*'Output-Calculation-sheet'!H96 -> 0 | I117: =I7/'Output-Calculation-sheet'!I6*'Output-Calculation-sheet'!I96 -> 0 | ... BF117: =BF7/'Output-Calculation-sheet'!BF6*'Output-Calculation-sheet'!BF96 -> 0 | BH117: =SUM(B117:BF117)/10^9 -> 53.207693
A118: 2031 | B118: =B8/'Output-Calculation-sheet'!B7*'Output-Calculation-sheet'!B97 -> 0 | C118: =C8/'Output-Calculation-sheet'!C7*'Output-Calculation-sheet'!C97 -> 0 | D118: =D8/'Output-Calculation-sheet'!D7*'Output-Calculation-sheet'!D97 -> 4.2929907e+08 | E118: =E8/'Output-Calculation-sheet'!E7*'Output-Calculation-sheet'!E97 -> 0 | F118: =F8/'Output-Calculation-sheet'!F7*'Output-Calculation-sheet'!F97 -> 2.2320354e+08 | G118: =G8/'Output-Calculation-sheet'!G7*'Output-Calculation-sheet'!G97 -> 0 | H118: =H8/'Output-Calculation-sheet'!H7*'Output-Calculation-sheet'!H97 -> 0 | I118: =I8/'Output-Calculation-sheet'!I7*'Output-Calculation-sheet'!I97 -> 0 | ... BF118: =BF8/'Output-Calculation-sheet'!BF7*'Output-Calculation-sheet'!BF97 -> 0 | BH118: =SUM(B118:BF118)/10^9 -> 64.9998
A119: 2032 | B119: =B9/'Output-Calculation-sheet'!B8*'Output-Calculation-sheet'!B98 -> 0 | C119: =C9/'Output-Calculation-sheet'!C8*'Output-Calculation-sheet'!C98 -> 0 | D119: =D9/'Output-Calculation-sheet'!D8*'Output-Calculation-sheet'!D98 -> 1.5080892e+08 | E119: =E9/'Output-Calculation-sheet'!E8*'Output-Calculation-sheet'!E98 -> 0 | F119: =F9/'Output-Calculation-sheet'!F8*'Output-Calculation-sheet'!F98 -> 1.7901717e+08 | G119: =G9/'Output-Calculation-sheet'!G8*'Output-Calculation-sheet'!G98 -> 0 | H119: =H9/'Output-Calculation-sheet'!H8*'Output-Calculation-sheet'!H98 -> 0 | I119: =I9/'Output-Calculation-sheet'!I8*'Output-Calculation-sheet'!I98 -> 0 | ... BF119: =BF9/'Output-Calculation-sheet'!BF8*'Output-Calculation-sheet'!BF98 -> 0 | BH119: =SUM(B119:BF119)/10^9 -> 67.085858
A120: 2033 | B120: =B10/'Output-Calculation-sheet'!B9*'Output-Calculation-sheet'!B99 -> 0 | C120: =C10/'Output-Calculation-sheet'!C9*'Output-Calculation-sheet'!C99 -> 0 | D120: =D10/'Output-Calculation-sheet'!D9*'Output-Calculation-sheet'!D99 -> 0 | E120: =E10/'Output-Calculation-sheet'!E9*'Output-Calculation-sheet'!E99 -> 0 | F120: =F10/'Output-Calculation-sheet'!F9*'Output-Calculation-sheet'!F99 -> 80896927 | G120: =G10/'Output-Calculation-sheet'!G9*'Output-Calculation-sheet'!G99 -> 0 | H120: =H10/'Output-Calculation-sheet'!H9*'Output-Calculation-sheet'!H99 -> 0 | I120: =I10/'Output-Calculation-sheet'!I9*'Output-Calculation-sheet'!I99 -> 0 | ... BF120: =BF10/'Output-Calculation-sheet'!BF9*'Output-Calculation-sheet'!BF99 -> 0 | BH120: =SUM(B120:BF120)/10^9 -> 60.060871
A121: 2034 | B121: =B11/'Output-Calculation-sheet'!B10*'Output-Calculation-sheet'!B100 -> 36516205 | C121: =C11/'Output-Calculation-sheet'!C10*'Output-Calculation-sheet'!C100 -> 0 | D121: =D11/'Output-Calculation-sheet'!D10*'Output-Calculation-sheet'!D100 -> 0 | E121: =E11/'Output-Calculation-sheet'!E10*'Output-Calculation-sheet'!E100 -> 0 | F121: =F11/'Output-Calculation-sheet'!F10*'Output-Calculation-sheet'!F100 -> 0 | G121: =G11/'Output-Calculation-sheet'!G10*'Output-Calculation-sheet'!G100 -> 0 | H121: =H11/'Output-Calculation-sheet'!H10*'Output-Calculation-sheet'!H100 -> 0 | I121: =I11/'Output-Calculation-sheet'!I10*'Output-Calculation-sheet'!I100 -> 34775927 | ... BF121: =BF11/'Output-Calculation-sheet'!BF10*'Output-Calculation-sheet'!BF100 -> 0 | BH121: =SUM(B121:BF121)/10^9 -> 45.179432
...

Sheet Peak 2035-Nominal-Medium
A1: Country | B1: Austria | C1: Belgium | D1: Australia | E1: Bulgaria | F1: Canada | G1: Czech Republic | H1: Denmark | I1: Finland | J1: France | K1: Germany | L1: Greece | M1: Hungary | N1: Ireland | O1: Italy | P1: Japan | Q1: Latvia | R1: Lithuania | S1: Netherlands | T1: New Zealand | U1: Norway | V1: Poland | W1: Portugal | X1: Romania | Y1: Slovenia | Z1: Spain | AA1: Sweden | AB1: Switzerland | AC1: Turkey | AD1: United Kingdom | AE1: US | AF1: China | AG1: South Korea | AH1: India | AI1: Indonesia | AJ1: Malaysia | AK1: Pakistan | AL1: Philippines | AM1: Singapore | AN1: Taiwan | AO1: Thailand | AP1: Vietnam | AQ1: Iran | AR1: Israel | AS1: Kenya | AT1: Nigeria | AU1: Oman | AV1: Saudi Arabia | AW1: South Africa | AX1: UAE | AY1: Argentina | AZ1: Brazil | BA1: Chile | BB1: Colombia | BC1: Mexico | BD1: Peru | BE1: Russia | BF1: Ukraine
A3: Year
A5: 2028 | B5: 1.0041388e+09 | C5: 1.0255034e+09 | D5: 8.4236583e+09 | E5: 6.4093964e+08 | F5: 3.3198677e+09 | G5: 1.110962e+09 | H5: 1.23915e+09 | I5: 1.6664431e+09 | J5: 5.8325507e+09 | K5: 9.7636471e+09 | L5: 4.2729309e+08 | M5: 4.0592844e+08 | N5: 2.6278525e+09 | O5: 3.8242732e+09 | P5: 5.984375e+09 | Q5: 5.3411636e+08 | R5: 4.0592844e+08 | S5: 4.1020137e+09 | T5: 1.7888077e+09 | U5: 1.5809844e+09 | V5: 1.8800896e+09 | W5: 8.9731549e+08 | X5: 1.2818793e+09 | Y5: 4.4865775e+08 | Z5: 3.6747206e+09 | AA5: 2.2005594e+09 | AB5: 2.4355706e+09 | AC5: 1.7732663e+09 | AD5: 9.4859066e+09 | AE5: 2.0369138e+11 | AF5: 1.0801266e+11 | AG5: 2.7319973e+09 | AH5: 8.618801e+09 | AI5: 4.6183764e+09 | AJ5: 3.5125679e+09 | AK5: 7.155231e+08 | AL5: 8.1309443e+08 | AM5: 2.4392833e+09 | AN5: 7.155231e+08 | AO5: 1.6261889e+09 | AP5: 9.4318954e+08 | AQ5: 1.1583471e+08 | AR5: 3.2433719e+08 | AS5: 2.325919e+08 | AT5: 2.0810855e+08 | AU5: 86876032 | AV5: 2.4904462e+08 | AW5: 6.8553403e+08 | AX5: 3.2433719e+08 | AY5: 1.403254e+08 | AZ5: 7.6353528e+08 | BA5: 2.6414193e+08 | BB5: 1.6508871e+08 | BC5: 7.0711984e+08 | BD5: 61908266 | BE5: 4.6964069e+09 | BF5: 7.9049222e+08
A6: 2029 | B6: 1.2908581e+09 | C6: 1.3183231e+09 | D6: 1.1140898e+10 | E6: 8.2395196e+08 | F6: 4.3013782e+09 | G6: 1.4281834e+09 | H6: 1.5929738e+09 | I6: 2.1422751e+09 | J6: 7.4979628e+09 | K6: 1.2551535e+10 | L6: 5.493013e+08 | M6: 5.2183624e+08 | N6: 3.378203e+09 | O6: 4.9162467e+09 | P6: 7.9147693e+09 | Q6: 6.8662663e+08 | R6: 5.2183624e+08 | S6: 5.2732925e+09 | T6: 2.3658278e+09 | U6: 2.0324148e+09 | V6: 2.4169257e+09 | W6: 1.1535327e+09 | X6: 1.6479039e+09 | Y6: 5.7676637e+08 | Z6: 4.7239912e+09 | AA6: 2.8289017e+09 | AB6: 3.1310174e+09 | AC6: 2.2796004e+09 | AD6: 1.2194489e+10 | AE6: 2.7083136e+11 | AF6: 1.4704678e+11 | AG6: 3.6132642e+09 | AH6: 1.1398988e+10 | AI6: 6.1081372e+09 | AJ6: 4.6456254e+09 | AK6: 9.4633111e+08 | AL6: 1.0753763e+09 | AM6: 3.2261288e+09 | AN6: 9.4633111e+08 | AO6: 2.1507525e+09 | AP6: 1.2474365e+09 | AQ6: 1.5116994e+08 | AR6: 4.2327584e+08 | AS6: 3.056279e+08 | AT6: 2.7345654e+08 | AU6: 1.1337746e+08 | AV6: 3.2501538e+08 | AW6: 9.0079803e+08 | AX6: 4.2327584e+08 | AY6: 1.8389293e+08 | AZ6: 1.0005939e+09 | BA6: 3.461514e+08 | BB6: 2.1634462e+08 | BC6: 9.1617803e+08 | BD6: 81129233 | BE6: 6.1366104e+09 | BF6: 1.0162074e+09
A7: 2030 | B7: 1.5208708e+09 | C7: 1.5532297e+09 | D7: 1.3524351e+10 | E7: 9.7076858e+08 | F7: 5.1098581e+09 | G7: 1.6826655e+09 | H7: 1.8768193e+09 | I7: 2.5239983e+09 | J7: 8.8339941e+09 | K7: 1.4788041e+10 | L7: 6.4717906e+08 | M7: 6.148201e+08 | N7: 3.9801512e+09 | O7: 5.7922526e+09 | P7: 9.6080333e+09 | Q7: 8.0897382e+08 | R7: 6.148201e+08 | S7: 6.2129189e+09 | T7: 2.8719665e+09 | U7: 2.3945625e+09 | V7: 2.8475878e+09 | W7: 1.359076e+09 | X7: 1.9415372e+09 | Y7: 6.7953801e+08 | Z7: 5.5657399e+09 | AA7: 3.3329721e+09 | AB7: 3.6889206e+09 | AC7: 2.6857931e+09 | AD7: 1.4367375e+10 | AE7: 3.3061019e+11 | AF7: 1.8399751e+11 | AG7: 4.3862761e+09 | AH7: 1.3837657e+10 | AI7: 7.4148953e+09 | AJ7: 5.6394978e+09 | AK7: 1.1487866e+09 | AL7: 1.3054393e+09 | AM7: 3.9163179e+09 | AN7: 1.1487866e+09 | AO7: 2.6108786e+09 | AP7: 1.5143096e+09 | AQ7: 1.8095597e+08 | AR7: 5.0667673e+08 | AS7: 3.6849001e+08 | AT7: 3.2970159e+08 | AU7: 1.3571698e+08 | AV7: 3.8905534e+08 | AW7: 1.0860758e+09 | AX7: 5.0667673e+08 | AY7: 2.2108947e+08 | AZ7: 1.2029868e+09 | BA7: 4.1616842e+08 | BB7: 2.6010526e+08 | BC7: 1.0883813e+09 | BD7: 97539474 | BE7: 7.355295e+09 | BF7: 1.1972813e+09
A8: 2031 | B8: 1.6951907e+09 | C8: 1.7312586e+09 | D8: 1.5509e+10 | E8: 1.0820366e+09 | F8: 5.7408709e+09 | G8: 1.8755302e+09 | H8: 2.0919375e+09 | I8: 2.8132952e+09 | J8: 9.8465333e+09 | K8: 1.6483025e+10 | L8: 7.2135775e+08 | M8: 6.8528987e+08 | N8: 4.4363502e+09 | O8: 6.4561519e+09 | P8: 1.1017977e+10 | Q8: 9.0169719e+08 | R8: 6.8528987e+08 | S8: 6.9250344e+09 | T8: 3.2934171e+09 | U8: 2.6690237e+09 | V8: 3.1739741e+09 | W8: 1.5148513e+09 | X8: 2.1640733e+09 | Y8: 7.5742564e+08 | Z8: 6.2036767e+09 | AA8: 3.7149924e+09 | AB8: 4.1117392e+09 | AC8: 2.9936347e+09 | AD8: 1.6014142e+10 | AE8: 3.8110853e+11 | AF8: 2.1699571e+11 | AG8: 5.0299461e+09 | AH8: 1.5868282e+10 | AI8: 8.503004e+09 | AJ8: 6.4670735e+09 | AK8: 1.3173668e+09 | AL8: 1.4970078e+09 | AM8: 4.4910233e+09 | AN8: 1.3173668e+09 | AO8: 2.9940155e+09 | AP8: 1.736529e+09 | AQ8: 2.0478254e+08 | AR8: 5.7339111e+08 | AS8: 4.1986027e+08 | AT8: 3.7566445e+08 | AU8: 1.535869e+08 | AV8: 4.4028246e+08 | AW8: 1.2374829e+09 | AX8: 5.7339111e+08 | AY8: 2.5123787e+08 | AZ8: 1.3670296e+09 | BA8: 4.7291834e+08 | BB8: 2.9557396e+08 | BC8: 1.2227848e+09 | BD8: 1.1084024e+08 | BE8: 8.33404e+09 | BF8: 1.3345118e+09
A9: 2032 | B9: 1.806635e+09 | C9: 1.845074e+09 | D9: 1.6945181e+10 | E9: 1.1531713e+09 | F9: 6.161364e+09 | G9: 1.9988302e+09 | H9: 2.2294645e+09 | I9: 2.9982453e+09 | J9: 1.0493859e+10 | K9: 1.7566643e+10 | L9: 7.6878085e+08 | M9: 7.3034181e+08 | N9: 4.7280023e+09 | O9: 6.8805886e+09 | P9: 1.2038275e+10 | Q9: 9.6097607e+08 | R9: 7.3034181e+08 | S9: 7.3802962e+09 | T9: 3.5983975e+09 | U9: 2.8444892e+09 | V9: 3.3826358e+09 | W9: 1.6144398e+09 | X9: 2.3063426e+09 | Y9: 8.072199e+08 | Z9: 6.6115153e+09 | AA9: 3.9592214e+09 | AB9: 4.3820509e+09 | AC9: 3.1904405e+09 | AD9: 1.7066935e+10 | AE9: 4.1827427e+11 | AF9: 2.4281066e+11 | AG9: 5.4957344e+09 | AH9: 1.7337734e+10 | AI9: 9.2904081e+09 | AJ9: 7.0659442e+09 | AK9: 1.439359e+09 | AL9: 1.6356352e+09 | AM9: 4.9069057e+09 | AN9: 1.439359e+09 | AO9: 3.2712705e+09 | AP9: 1.8973369e+09 | AQ9: 2.2118708e+08 | AR9: 6.1932382e+08 | AS9: 4.5619668e+08 | AT9: 4.0817598e+08 | AU9: 1.6589031e+08 | AV9: 4.7555222e+08 | AW9: 1.3445797e+09 | AX9: 6.1932382e+08 | AY9: 2.7234614e+08 | AZ9: 1.4818834e+09 | BA9: 5.1265155e+08 | BB9: 3.2040722e+08 | BC9: 1.3123483e+09 | BD9: 1.2015271e+08 | BE9: 9.011368e+09 | BF9: 1.4222446e+09
A10: 2033 | B10: 1.9007358e+09 | C10: 1.941177e+09 | D10: 1.8144721e+10 | E10: 1.2132356e+09 | F10: 6.5146601e+09 | G10: 2.1029417e+09 | H10: 2.3455889e+09 | I10: 3.1544126e+09 | J10: 1.1040444e+10 | K10: 1.8481623e+10 | L10: 8.0882375e+08 | M10: 7.6838256e+08 | N10: 4.974266e+09 | O10: 7.2389725e+09 | P10: 1.2890458e+10 | Q10: 1.0110297e+09 | R10: 7.6838256e+08 | S10: 7.764708e+09 | T10: 3.8531262e+09 | U10: 2.9926479e+09 | V10: 3.5588245e+09 | W10: 1.6985299e+09 | X10: 2.4264712e+09 | Y10: 8.4926493e+08 | Z10: 6.9558842e+09 | AA10: 4.1654423e+09 | AB10: 4.6102954e+09 | AC10: 3.3566186e+09 | AD10: 1.7955887e+10 | AE10: 4.493027e+11 | AF10: 2.6438931e+11 | AG10: 5.8847745e+09 | AH10: 1.8565062e+10 | AI10: 9.9480712e+09 | AJ10: 7.5661387e+09 | AK10: 1.5412505e+09 | AL10: 1.751421e+09 | AM10: 5.254263e+09 | AN10: 1.5412505e+09 | AO10: 3.502842e+09 | AP10: 2.0316483e+09 | AQ10: 2.3492831e+08 | AR10: 6.5779928e+08 | AS10: 4.8657754e+08 | AT10: 4.3535885e+08 | AU10: 1.7619624e+08 | AV10: 5.0509587e+08 | AW10: 1.4341233e+09 | AX10: 6.5779928e+08 | AY10: 2.900058e+08 | AZ10: 1.5779727e+09 | BA10: 5.4589327e+08 | BB10: 3.411833e+08 | BC10: 1.3875991e+09 | BD10: 1.2794374e+08 | BE10: 9.578504e+09 | BF10: 1.4963239e+09
A11: 2034 | B11: 1.991519e+09 | C11: 2.0338917e+09 | D11: 1.9200579e+10 | E11: 1.2711823e+09 | F11: 6.8449034e+09 | G11: 2.2033827e+09 | H11: 2.4576191e+09 | I11: 3.305074e+09 | J11: 1.1567759e+10 | K11: 1.9364344e+10 | L11: 8.4745487e+08 | M11: 8.0508213e+08 | N11: 5.2118475e+09 | O11: 7.5847211e+09 | P11: 1.3640566e+10 | Q11: 1.0593186e+09 | R11: 8.0508213e+08 | S11: 8.1355668e+09 | T11: 4.0773431e+09 | U11: 3.135583e+09 | V11: 3.7288014e+09 | W11: 1.7796552e+09 | X11: 2.5423646e+09 | Y11: 8.8982762e+08 | Z11: 7.2881119e+09 | AA11: 4.3643926e+09 | AB11: 4.8304928e+09 | AC11: 3.5169377e+09 | AD11: 1.8813498e+10 | AE11: 4.7629796e+11 | AF11: 2.8244084e+11 | AG11: 6.227215e+09 | AH11: 1.9645381e+10 | AI11: 1.0526959e+10 | AJ11: 8.0064192e+09 | AK11: 1.6309373e+09 | AL11: 1.8533378e+09 | AM11: 5.5600134e+09 | AN11: 1.6309373e+09 | AO11: 3.7066756e+09 | AP11: 2.1498718e+09 | AQ11: 2.4746409e+08 | AR11: 6.9289946e+08 | AS11: 5.1375426e+08 | AT11: 4.5967487e+08 | AU11: 1.8559807e+08 | AV11: 5.320478e+08 | AW11: 1.5142231e+09 | AX11: 6.9289946e+08 | AY11: 3.0591996e+08 | AZ11: 1.6645645e+09 | BA11: 5.7584934e+08 | BB11: 3.5990583e+08 | BC11: 1.4579397e+09 | BD11: 1.3496469e+08 | BE11: 1.0093942e+10 | BF11: 1.5677915e+09
A12: 2035 | B12: 2.0836836e+09 | C12: 2.1280173e+09 | D12: 2.0141427e+10 | E12: 1.3300108e+09 | F12: 7.1669086e+09 | G12: 2.3053521e+09 | H12: 2.5713542e+09 | I12: 3.4580281e+09 | J12: 1.2103098e+10 | K12: 2.0260498e+10 | L12: 8.8667387e+08 | M12: 8.4234018e+08 | N12: 5.4530443e+09 | O12: 7.9357311e+09 | P12: 1.4308967e+10 | Q12: 1.1083423e+09 | R12: 8.4234018e+08 | S12: 8.5120691e+09 | T12: 4.2771369e+09 | U12: 3.2806933e+09 | V12: 3.901365e+09 | W12: 1.8620151e+09 | X12: 2.6600216e+09 | Y12: 9.3100756e+08 | Z12: 7.6253953e+09 | AA12: 4.5663704e+09 | AB12: 5.0540411e+09 | AC12: 3.6796966e+09 | AD12: 1.968416e+10 | AE12: 4.9987247e+11 | AF12: 2.9702567e+11 | AG12: 6.5323546e+09 | AH12: 2.0608023e+10 | AI12: 1.104279e+10 | AJ12: 8.3987416e+09 | AK12: 1.7108548e+09 | AL12: 1.9441531e+09 | AM12: 5.8324594e+09 | AN12: 1.7108548e+09 | AO12: 3.8883063e+09 | AP12: 2.2552176e+09 | AQ12: 2.5927786e+08 | AR12: 7.2597802e+08 | AS12: 5.3861495e+08 | AT12: 4.8191864e+08 | AU12: 1.944584e+08 | AV12: 5.5744741e+08 | AW12: 1.5874967e+09 | AX12: 7.2597802e+08 | AY12: 3.2064541e+08 | AZ12: 1.7446882e+09 | BA12: 6.0356782e+08 | BB12: 3.7722989e+08 | BC12: 1.5265257e+09 | BD12: 1.4146121e+08 | BE12: 1.0577012e+10 | BF12: 1.6403467e+09
A14: Solar Capacity (MW) | BH14: Total Solar Capacity (GW)
A16: 2028 | B16: =B5/'Output-Calculation-sheet'!B4*'Output-Calculation-sheet'!B22 -> 0 | C16: =C5/'Output-Calculation-sheet'!C4*'Output-Calculation-sheet'!C22 -> 0 | D16: =D5/'Output-Calculation-sheet'!D4*'Output-Calculation-sheet'!D22 -> 91.321186 | E16: =E5/'Output-Calculation-sheet'!E4*'Output-Calculation-sheet'!E22 -> 5.796967 | F16: =F5/'Output-Calculation-sheet'!F4*'Output-Calculation-sheet'!F22 -> 26.729126 | G16: =G5/'Output-Calculation-sheet'!G4*'Output-Calculation-sheet'!G22 -> 0 | H16: =H5/'Output-Calculation-sheet'!H4*'Output-Calculation-sheet'!H22 -> 0 | I16: =I5/'Output-Calculation-sheet'!I4*'Output-Calculation-sheet'!I22 -> 0 | ... BF16: =BF5/'Output-Calculation-sheet'!BF4*'Output-Calculation-sheet'!BF22 -> 0 | BH16: =SUM(B16:BF16)/1000 -> 13.027685
A17: 2029 | B17: =B6/'Output-Calculation-sheet'!B5*'Output-Calculation-sheet'!B23 -> 0 | C17: =C6/'Output-Calculation-sheet'!C5*'Output-Calculation-sheet'!C23 -> 0 | D17: =D6/'Output-Calculation-sheet'!D5*'Output-Calculation-sheet'!D23 -> 186.19916 | E17: =E6/'Output-Calculation-sheet'!E5*'Output-Calculation-sheet'!E23 -> 12.192478 | F17: =F6/'Output-Calculation-sheet'!F5*'Output-Calculation-sheet'!F23 -> 59.410612 | G17: =G6/'Output-Calculation-sheet'!G5*'Output-Calculation-sheet'!G23 -> 0 | H17: =H6/'Output-Calculation-sheet'!H5*'Output-Calculation-sheet'!H23 -> 0 | I17: =I6/'Output-Calculation-sheet'!I5*'Output-Calculation-sheet'!I23 -> 0 | ... BF17: =BF6/'Output-Calculation-sheet'!BF5*'Output-Calculation-sheet'!BF23 -> 0 | BH17: =SUM(B17:BF17)/1000 -> 30.869322
A18: 2030 | B18: =B7/'Output-Calculation-sheet'!B6*'Output-Calculation-sheet'!B24 -> 0 | C18: =C7/'Output-Calculation-sheet'!C6*'Output-Calculation-sheet'!C24 -> 0 | D18: =D7/'Output-Calculation-sheet'!D6*'Output-Calculation-sheet'!D24 -> 239.40373 | E18: =E7/'Output-Calculation-sheet'!E6*'Output-Calculation-sheet'!E24 -> 17.05057 | F18: =F7/'Output-Calculation-sheet'!F6*'Output-Calculation-sheet'!F24 -> 88.389945 | G18: =G7/'Output-Calculation-sheet'!G6*'Output-Calculation-sheet'!G24 -> 0 | H18: =H7/'Output-Calculation-sheet'!H6*'Output-Calculation-sheet'!H24 -> 0 | I18: =I7/'Output-Calculation-sheet'!I6*'Output-Calculation-sheet'!I24 -> 0 | ... BF18: =BF7/'Output-Calculation-sheet'!BF6*'Output-Calculation-sheet'!BF24 -> 0 | BH18: =SUM(B18:BF18)/1000 -> 48.438163
A19: 2031 | B19: =B8/'Output-Calculation-sheet'!B7*'Output-Calculation-sheet'!B25 -> 0 | C19: =C8/'Output-Calculation-sheet'!C7*'Output-Calculation-sheet'!C25 -> 0 | D19: =D8/'Output-Calculation-sheet'!D7*'Output-Calculation-sheet'!D25 -> 198.1208 | E19: =E8/'Output-Calculation-sheet'!E7*'Output-Calculation-sheet'!E25 -> 0 | F19: =F8/'Output-Calculation-sheet'!F7*'Output-Calculation-sheet'!F25 -> 95.546507 | G19: =G8/'Output-Calculation-sheet'!G7*'Output-Calculation-sheet'!G25 -> 0 | H19: =H8/'Output-Calculation-sheet'!H7*'Output-Calculation-sheet'!H25 -> 0 | I19: =I8/'Output-Calculation-sheet'!I7*'Output-Calculation-sheet'!I25 -> 0 | ... BF19: =BF8/'Output-Calculation-sheet'!BF7*'Output-Calculation-sheet'!BF25 -> 0 | BH19: =SUM(B19:BF19)/1000 -> 61.456753
A20: 2032 | B20: =B9/'Output-Calculation-sheet'!B8*'Output-Calculation-sheet'!B26 -> 0 | C20: =C9/'Output-Calculation-sheet'!C8*'Output-Calculation-sheet'!C26 -> 0 | D20: =D9/'Output-Calculation-sheet'!D8*'Output-Calculation-sheet'!D26 -> 72.411844 | E20: =E9/'Output-Calculation-sheet'!E8*'Output-Calculation-sheet'!E26 -> 0 | F20: =F9/'Output-Calculation-sheet'!F8*'Output-Calculation-sheet'!F26 -> 79.673661 | G20: =G9/'Output-Calculation-sheet'!G8*'Output-Calculation-sheet'!G26 -> 0 | H20: =H9/'Output-Calculation-sheet'!H8*'Output-Calculation-sheet'!H26 -> 0 | I20: =I9/'Output-Calculation-sheet'!I8*'Output-Calculation-sheet'!I26 -> 0 | ... BF20: =BF9/'Output-Calculation-sheet'!BF8*'Output-Calculation-sheet'!BF26 -> 0 | BH20: =SUM(B20:BF20)/1000 -> 67.033951
A21: 2033 | B21: =B10/'Output-Calculation-sheet'!B9*'Output-Calculation-sheet'!B27 -> 0 | C21: =C10/'Output-Calculation-sheet'!C9*'Output-Calculation-sheet'!C27 -> 0 | D21: =D10/'Output-Calculation-sheet'!D9*'Output-Calculation-sheet'!D27 -> 0 | E21: =E10/'Output-Calculation-sheet'!E9*'Output-Calculation-sheet'!E27 -> 0 | F21: =F10/'Output-Calculation-sheet'!F9*'Output-Calculation-sheet'!F27 -> 38.413006 | G21: =G10/'Output-Calculation-sheet'!G9*'Output-Calculation-sheet'!G27 -> 0 | H21: =H10/'Output-Calculation-sheet'!H9*'Output-Calculation-sheet'!H27 -> 0 | I21: =I10/'Output-Calculation-sheet'!I9*'Output-Calculation-sheet'!I27 -> 0 | ... BF21: =BF10/'Output-Calculation-sheet'!BF9*'Output-Calculation-sheet'!BF27 -> 0 | BH21: =SUM(B21:BF21)/1000 -> 65.943933
A22: 2034 | B22: =B11/'Output-Calculation-sheet'!B10*'Output-Calculation-sheet'!B28 -> 53.586172 | C22: =C11/'Output-Calculation-sheet'!C10*'Output-Calculation-sheet'!C28 -> 0 | D22: =D11/'Output-Calculation-sheet'!D10*'Output-Calculation-sheet'!D28 -> 0 | E22: =E11/'Output-Calculation-sheet'!E10*'Output-Calculation-sheet'!E28 -> 0 | F22: =F11/'Output-Calculation-sheet'!F10*'Output-Calculation-sheet'!F28 -> 0 | G22: =G11/'Output-Calculation-sheet'!G10*'Output-Calculation-sheet'!G28 -> 0 | H22: =H11/'Output-Calculation-sheet'!H10*'Output-Calculation-sheet'!H28 -> 0 | I22: =I11/'Output-Calculation-sheet'!I10*'Output-Calculation-sheet'!I28 -> 57.832772 | ... BF22: =BF11/'Output-Calculation-sheet'!BF10*'Output-Calculation-sheet'!BF28 -> 0 | BH22: =SUM(B22:BF22)/1000 -> 56.41994
A23: 2035 | B23: =B12/'Output-Calculation-sheet'!B11*'Output-Calculation-sheet'!B29 -> 214.85917 | C23: =C12/'Output-Calculation-sheet'!C11*'Output-Calculation-sheet'!C29 -> 0 | D23: =D12/'Output-Calculation-sheet'!D11*'Output-Calculation-sheet'!D29 -> 0 | E23: =E12/'Output-Calculation-sheet'!E11*'Output-Calculation-sheet'!E29 -> 0 | F23: =F12/'Output-Calculation-sheet'!F11*'Output-Calculation-sheet'!F29 -> 0 | G23: =G12/'Output-Calculation-sheet'!G11*'Output-Calculation-sheet'!G29 -> 0 | H23: =H12/'Output-Calculation-sheet'!H11*'Output-Calculation-sheet'!H29 -> 0 | I23: =I12/'Output-Calculation-sheet'!I11*'Output-Calculation-sheet'!I29 -> 403.02936 | ... BF23: =BF12/'Output-Calculation-sheet'!BF11*'Output-Calculation-sheet'!BF29 -> 0 | BH23: =SUM(B23:BF23)/1000 -> 39.268917
A25: Wind Capacity (MW) | BH25: Total Wind Capacity (GW)
A27: 2028 | B27: =B5/'Output-Calculation-sheet'!B4*'Output-Calculation-sheet'!B13 -> 34.443569 | C27: =C5/'Output-Calculation-sheet'!C4*'Output-Calculation-sheet'!C13 -> 16.444575 | D27: =D5/'Output-Calculation-sheet'!D4*'Output-Calculation-sheet'!D13 -> 86.048702 | E27: =E5/'Output-Calculation-sheet'!E4*'Output-Calculation-sheet'!E13 -> 13.039395 | F27: =F5/'Output-Calculation-sheet'!F4*'Output-Calculation-sheet'!F13 -> 45.743031 | G27: =G5/'Output-Calculation-sheet'!G4*'Output-Calculation-sheet'!G13 -> 20.125443 | H27: =H5/'Output-Calculation-sheet'!H4*'Output-Calculation-sheet'!H13 -> 16.521109 | I27: =I5/'Output-Calculation-sheet'!I4*'Output-Calculation-sheet'!I13 -> 64.852982 | ... BF27: =BF5/'Output-Calculation-sheet'!BF4*'Output-Calculation-sheet'!BF13 -> 11.118329 | BH27: =SUM(B27:BF27)/1000 -> 5.1061735
A28: 2029 | B28: =B6/'Output-Calculation-sheet'!B5*'Output-Calculation-sheet'!B14 -> 88.557002 | C28: =C6/'Output-Calculation-sheet'!C5*'Output-Calculation-sheet'!C14 -> 42.280236 | D28: =D6/'Output-Calculation-sheet'!D5*'Output-Calculation-sheet'!D14 -> 245.42315 | E28: =E6/'Output-Calculation-sheet'!E5*'Output-Calculation-sheet'!E14 -> 34.309366 | F28: =F6/'Output-Calculation-sheet'!F5*'Output-Calculation-sheet'!F14 -> 122.84677 | G28: =G6/'Output-Calculation-sheet'!G5*'Output-Calculation-sheet'!G14 -> 51.744025 | H28: =H6/'Output-Calculation-sheet'!H5*'Output-Calculation-sheet'!H14 -> 42.477011 | I28: =I6/'Output-Calculation-sheet'!I5*'Output-Calculation-sheet'!I14 -> 166.73798 | ... BF28: =BF6/'Output-Calculation-sheet'!BF5*'Output-Calculation-sheet'!BF14 -> 28.586058 | BH28: =SUM(B28:BF28)/1000 -> 14.352098
A29: 2030 | B29: =B7/'Output-Calculation-sheet'!B6*'Output-Calculation-sheet'!B15 -> 156.50492 | C29: =C7/'Output-Calculation-sheet'!C6*'Output-Calculation-sheet'!C15 -> 74.720967 | D29: =D7/'Output-Calculation-sheet'!D6*'Output-Calculation-sheet'!D15 -> 478.94894 | E29: =E7/'Output-Calculation-sheet'!E6*'Output-Calculation-sheet'!E15 -> 61.934054 | F29: =F7/'Output-Calculation-sheet'!F6*'Output-Calculation-sheet'!F15 -> 226.55072 | G29: =G7/'Output-Calculation-sheet'!G6*'Output-Calculation-sheet'!G15 -> 91.446121 | H29: =H7/'Output-Calculation-sheet'!H6*'Output-Calculation-sheet'!H15 -> 75.065059 | I29: =I7/'Output-Calculation-sheet'!I6*'Output-Calculation-sheet'!I15 -> 295.01953 | ... BF29: =BF7/'Output-Calculation-sheet'!BF6*'Output-Calculation-sheet'!BF15 -> 50.519536 | BH29: =SUM(B29:BF29)/1000 -> 27.831086
A30: 2031 | B30: =B8/'Output-Calculation-sheet'!B7*'Output-Calculation-sheet'!B16 -> 238.66364 | C30: =C8/'Output-Calculation-sheet'!C7*'Output-Calculation-sheet'!C16 -> 111.04419 | D30: =D8/'Output-Calculation-sheet'!D7*'Output-Calculation-sheet'!D16 -> 786.34517 | E30: =E8/'Output-Calculation-sheet'!E7*'Output-Calculation-sheet'!E16 -> 99.372999 | F30: =F8/'Output-Calculation-sheet'!F7*'Output-Calculation-sheet'!F16 -> 355.4917 | G30: =G8/'Output-Calculation-sheet'!G7*'Output-Calculation-sheet'!G16 -> 135.90707 | H30: =H8/'Output-Calculation-sheet'!H7*'Output-Calculation-sheet'!H16 -> 111.5599 | I30: =I8/'Output-Calculation-sheet'!I7*'Output-Calculation-sheet'!I16 -> 444.64113 | ... BF30: =BF8/'Output-Calculation-sheet'!BF7*'Output-Calculation-sheet'!BF16 -> 75.080013 | BH30: =SUM(B30:BF30)/1000 -> 46.300807
A31: 2032 | B31: =B9/'Output-Calculation-sheet'!B8*'Output-Calculation-sheet'!B17 -> 339.00577 | C31: =C9/'Output-Calculation-sheet'!C8*'Output-Calculation-sheet'!C17 -> 147.93128 | D31: =D9/'Output-Calculation-sheet'!D8*'Output-Calculation-sheet'!D17 -> 1137.702 | E31: =E9/'Output-Calculation-sheet'!E8*'Output-Calculation-sheet'!E17 -> 132.57003 | F31: =F9/'Output-Calculation-sheet'!F8*'Output-Calculation-sheet'!F17 -> 498.15118 | G31: =G9/'Output-Calculation-sheet'!G8*'Output-Calculation-sheet'!G17 -> 181.05127 | H31: =H9/'Output-Calculation-sheet'!H8*'Output-Calculation-sheet'!H17 -> 148.6186 | I31: =I9/'Output-Calculation-sheet'!I8*'Output-Calculation-sheet'!I17 -> 611.61392 | ... BF31: =BF9/'Output-Calculation-sheet'!BF8*'Output-Calculation-sheet'!BF17 -> 100.01985 | BH31: =SUM(B31:BF31)/1000 -> 67.942456
A32: 2033 | B32: =B10/'Output-Calculation-sheet'!B9*'Output-Calculation-sheet'!B18 -> 472.90046 | C32: =C10/'Output-Calculation-sheet'!C9*'Output-Calculation-sheet'!C18 -> 186.76443 | D32: =D10/'Output-Calculation-sheet'!D9*'Output-Calculation-sheet'!D18 -> 1491.8205 | E32: =E10/'Output-Calculation-sheet'!E9*'Output-Calculation-sheet'!E18 -> 177.74971 | F32: =F10/'Output-Calculation-sheet'!F9*'Output-Calculation-sheet'!F18 -> 659.50226 | G32: =G10/'Output-Calculation-sheet'!G9*'Output-Calculation-sheet'!G18 -> 228.57703 | H32: =H10/'Output-Calculation-sheet'!H9*'Output-Calculation-sheet'!H18 -> 187.63241 | I32: =I10/'Output-Calculation-sheet'!I9*'Output-Calculation-sheet'!I18 -> 814.41938 | ... BF32: =BF10/'Output-Calculation-sheet'!BF9*'Output-Calculation-sheet'!BF18 -> 126.27541 | BH32: =SUM(B32:BF32)/1000 -> 93.611706
A33: 2034 | B33: =B11/'Output-Calculation-sheet'!B10*'Output-Calculation-sheet'!B19 -> 589.66704 | C33: =C11/'Output-Calculation-sheet'!C10*'Output-Calculation-sheet'!C19 -> 228.70489 | D33: =D11/'Output-Calculation-sheet'!D10*'Output-Calculation-sheet'!D19 -> 1841.7527 | E33: =E11/'Output-Calculation-sheet'!E10*'Output-Calculation-sheet'!E19 -> 239.12396 | F33: =F11/'Output-Calculation-sheet'!F10*'Output-Calculation-sheet'!F19 -> 846.9462 | G33: =G11/'Output-Calculation-sheet'!G10*'Output-Calculation-sheet'!G19 -> 304.02909 | H33: =H11/'Output-Calculation-sheet'!H10*'Output-Calculation-sheet'!H19 -> 229.36062 | I33: =I11/'Output-Calculation-sheet'!I10*'Output-Calculation-sheet'!I19 -> 1044.7575 | ... BF33: =BF11/'Output-Calculation-sheet'!BF10*'Output-Calculation-sheet'!BF19 -> 154.35461 | BH33: =SUM(B33:BF33)/1000 -> 124.88607
A34: 2035 | B34: =B12/'Output-Calculation-sheet'!B11*'Output-Calculation-sheet'!B20 -> 611.83786 | C34: =C12/'Output-Calculation-sheet'!C11*'Output-Calculation-sheet'!C20 -> 323.1179 | D34: =D12/'Output-Calculation-sheet'!D11*'Output-Calculation-sheet'!D20 -> 2212.8265 | E34: =E12/'Output-Calculation-sheet'!E11*'Output-Calculation-sheet'!E20 -> 321.37472 | F34: =F12/'Output-Calculation-sheet'!F11*'Output-Calculation-sheet'!F20 -> 1092.6869 | G34: =G12/'Output-Calculation-sheet'!G11*'Output-Calculation-sheet'!G20 -> 434.56818 | H34: =H12/'Output-Calculation-sheet'!H11*'Output-Calculation-sheet'!H20 -> 274.25296 | I34: =I12/'Output-Calculation-sheet'!I11*'Output-Calculation-sheet'!I20 -> 1196.9472 | ... BF34: =BF12/'Output-Calculation-sheet'!BF11*'Output-Calculation-sheet'!BF20 -> 184.56951 | BH34: =SUM(B34:BF34)/1000 -> 164.16533
A36: DAC Capacity (ktCO2/yr) | BH36: Total DAC Capacity (ktCO2/yr)
A38: 2028 | B38: =B5/'Output-Calculation-sheet'!B4*'Output-Calculation-sheet'!B31*0.0114 -> 0 | C38: =C5/'Output-Calculation-sheet'!C4*'Output-Calculation-sheet'!C31*0.0114 -> 0 | D38: =D5/'Output-Calculation-sheet'!D4*'Output-Calculation-sheet'!D31*0.0114 -> 0 | E38: =E5/'Output-Calculation-sheet'!E4*'Output-Calculation-sheet'!E31*0.0114 -> 0 | F38: =F5/'Output-Calculation-sheet'!F4*'Output-Calculation-sheet'!F31*0.0114 -> 0 | G38: =G5/'Output-Calculation-sheet'!G4*'Output-Calculation-sheet'!G31*0.0114 -> 0 | H38: =H5/'Output-Calculation-sheet'!H4*'Output-Calculation-sheet'!H31*0.0114 -> 0 | I38: =I5/'Output-Calculation-sheet'!I4*'Output-Calculation-sheet'!I31*0.0114 -> 0 | ... BF38: =BF5/'Output-Calculation-sheet'!BF4*'Output-Calculation-sheet'!BF31*0.0114 -> 0 | BH38: =SUM(B38:BF38) -> 5.4425413
A39: 2029 | B39: =B6/'Output-Calculation-sheet'!B5*'Output-Calculation-sheet'!B32*0.0114 -> 0 | C39: =C6/'Output-Calculation-sheet'!C5*'Output-Calculation-sheet'!C32*0.0114 -> 0 | D39: =D6/'Output-Calculation-sheet'!D5*'Output-Calculation-sheet'!D32*0.0114 -> 0 | E39: =E6/'Output-Calculation-sheet'!E5*'Output-Calculation-sheet'!E32*0.0114 -> 0 | F39: =F6/'Output-Calculation-sheet'!F5*'Output-Calculation-sheet'!F32*0.0114 -> 0 | G39: =G6/'Output-Calculation-sheet'!G5*'Output-Calculation-sheet'!G32*0.0114 -> 0 | H39: =H6/'Output-Calculation-sheet'!H5*'Output-Calculation-sheet'!H32*0.0114 -> 0 | I39: =I6/'Output-Calculation-sheet'!I5*'Output-Calculation-sheet'!I32*0.0114 -> 0 | ... BF39: =BF6/'Output-Calculation-sheet'!BF5*'Output-Calculation-sheet'!BF32*0.0114 -> 0 | BH39: =SUM(B39:BF39) -> 12.108963
A40: 2030 | B40: =B7/'Output-Calculation-sheet'!B6*'Output-Calculation-sheet'!B33*0.0114 -> 0 | C40: =C7/'Output-Calculation-sheet'!C6*'Output-Calculation-sheet'!C33*0.0114 -> 0 | D40: =D7/'Output-Calculation-sheet'!D6*'Output-Calculation-sheet'!D33*0.0114 -> 0 | E40: =E7/'Output-Calculation-sheet'!E6*'Output-Calculation-sheet'!E33*0.0114 -> 0 | F40: =F7/'Output-Calculation-sheet'!F6*'Output-Calculation-sheet'!F33*0.0114 -> 0 | G40: =G7/'Output-Calculation-sheet'!G6*'Output-Calculation-sheet'!G33*0.0114 -> 0 | H40: =H7/'Output-Calculation-sheet'!H6*'Output-Calculation-sheet'!H33*0.0114 -> 0 | I40: =I7/'Output-Calculation-sheet'!I6*'Output-Calculation-sheet'!I33*0.0114 -> 0 | ... BF40: =BF7/'Output-Calculation-sheet'!BF6*'Output-Calculation-sheet'!BF33*0.0114 -> 0 | BH40: =SUM(B40:BF40) -> 30.548711
A41: 2031 | B41: =B8/'Output-Calculation-sheet'!B7*'Output-Calculation-sheet'!B34*0.0114 -> 0 | C41: =C8/'Output-Calculation-sheet'!C7*'Output-Calculation-sheet'!C34*0.0114 -> 0 | D41: =D8/'Output-Calculation-sheet'!D7*'Output-Calculation-sheet'!D34*0.0114 -> 0 | E41: =E8/'Output-Calculation-sheet'!E7*'Output-Calculation-sheet'!E34*0.0114 -> 0 | F41: =F8/'Output-Calculation-sheet'!F7*'Output-Calculation-sheet'!F34*0.0114 -> 0 | G41: =G8/'Output-Calculation-sheet'!G7*'Output-Calculation-sheet'!G34*0.0114 -> 0 | H41: =H8/'Output-Calculation-sheet'!H7*'Output-Calculation-sheet'!H34*0.0114 -> 0 | I41: =I8/'Output-Calculation-sheet'!I7*'Output-Calculation-sheet'!I34*0.0114 -> 0 | ... BF41: =BF8/'Output-Calculation-sheet'!BF7*'Output-Calculation-sheet'!BF34*0.0114 -> 0 | BH41: =SUM(B41:BF41) -> 16.742616
A42: 2032 | B42: =B9/'Output-Calculation-sheet'!B8*'Output-Calculation-sheet'!B35*0.0114 -> 0 | C42: =C9/'Output-Calculation-sheet'!C8*'Output-Calculation-sheet'!C35*0.0114 -> 0 | D42: =D9/'Output-Calculation-sheet'!D8*'Output-Calculation-sheet'!D35*0.0114 -> 0 | E42: =E9/'Output-Calculation-sheet'!E8*'Output-Calculation-sheet'!E35*0.0114 -> 0 | F42: =F9/'Output-Calculation-sheet'!F8*'Output-Calculation-sheet'!F35*0.0114 -> 0 | G42: =G9/'Output-Calculation-sheet'!G8*'Output-Calculation-sheet'!G35*0.0114 -> 0 | H42: =H9/'Output-Calculation-sheet'!H8*'Output-Calculation-sheet'!H35*0.0114 -> 0 | I42: =I9/'Output-Calculation-sheet'!I8*'Output-Calculation-sheet'!I35*0.0114 -> 0 | ... BF42: =BF9/'Output-Calculation-sheet'!BF8*'Output-Calculation-sheet'!BF35*0.0114 -> 0 | BH42: =SUM(B42:BF42) -> 12.949286
A43: 2033 | B43: =B10/'Output-Calculation-sheet'!B9*'Output-Calculation-sheet'!B36*0.0114 -> 0 | C43: =C10/'Output-Calculation-sheet'!C9*'Output-Calculation-sheet'!C36*0.0114 -> 0 | D43: =D10/'Output-Calculation-sheet'!D9*'Output-Calculation-sheet'!D36*0.0114 -> 0 | E43: =E10/'Output-Calculation-sheet'!E9*'Output-Calculation-sheet'!E36*0.0114 -> 0 | F43: =F10/'Output-Calculation-sheet'!F9*'Output-Calculation-sheet'!F36*0.0114 -> 0 | G43: =G10/'Output-Calculation-sheet'!G9*'Output-Calculation-sheet'!G36*0.0114 -> 0 | H43: =H10/'Output-Calculation-sheet'!H9*'Output-Calculation-sheet'!H36*0.0114 -> 0 | I43: =I10/'Output-Calculation-sheet'!I9*'Output-Calculation-sheet'!I36*0.0114 -> 0 | ... BF43: =BF10/'Output-Calculation-sheet'!BF9*'Output-Calculation-sheet'!BF36*0.0114 -> 0 | BH43: =SUM(B43:BF43) -> 0.30478775
A44: 2034 | B44: =B11/'Output-Calculation-sheet'!B10*'Output-Calculation-sheet'!B37*0.0114 -> 0 | C44: =C11/'Output-Calculation-sheet'!C10*'Output-Calculation-sheet'!C37*0.0114 -> 0 | D44: =D11/'Output-Calculation-sheet'!D10*'Output-Calculation-sheet'!D37*0.0114 -> 0 | E44: =E11/'Output-Calculation-sheet'!E10*'Output-Calculation-sheet'!E37*0.0114 -> 0 | F44: =F11/'Output-Calculation-sheet'!F10*'Output-Calculation-sheet'!F37*0.0114 -> 0 | G44: =G11/'Output-Calculation-sheet'!G10*'Output-Calculation-sheet'!G37*0.0114 -> 0 | H44: =H11/'Output-Calculation-sheet'!H10*'Output-Calculation-sheet'!H37*0.0114 -> 0 | I44: =I11/'Output-Calculation-sheet'!I10*'Output-Calculation-sheet'!I37*0.0114 -> 0 | ... BF44: =BF11/'Output-Calculation-sheet'!BF10*'Output-Calculation-sheet'!BF37*0.0114 -> 0 | BH44: =SUM(B44:BF44) -> 0.077281033
A45: 2035 | B45: =B12/'Output-Calculation-sheet'!B11*'Output-Calculation-sheet'!B38*0.0114 -> 0 | C45: =C12/'Output-Calculation-sheet'!C11*'Output-Calculation-sheet'!C38*0.0114 -> 0 | D45: =D12/'Output-Calculation-sheet'!D11*'Output-Calculation-sheet'!D38*0.0114 -> 0 | E45: =E12/'Output-Calculation-sheet'!E11*'Output-Calculation-sheet'!E38*0.0114 -> 0 | F45: =F12/'Output-Calculation-sheet'!F11*'Output-Calculation-sheet'!F38*0.0114 -> 0 | G45: =G12/'Output-Calculation-sheet'!G11*'Output-Calculation-sheet'!G38*0.0114 -> 0 | H45: =H12/'Output-Calculation-sheet'!H11*'Output-Calculation-sheet'!H38*0.0114 -> 0 | I45: =I12/'Output-Calculation-sheet'!I11*'Output-Calculation-sheet'!I38*0.0114 -> 0 | ... BF45: =BF12/'Output-Calculation-sheet'!BF11*'Output-Calculation-sheet'!BF38*0.0114 -> 0 | BH45: =SUM(B45:BF45) -> 0.10622021
A47: Battery Storage Capacity (MWh) | BH47: Total Battery Storage Capacity (GWh)
A49: 2028 | B49: =B5/'Output-Calculation-sheet'!B4*'Output-Calculation-sheet'!B40 -> 0 | C49: =C5/'Output-Calculation-sheet'!C4*'Output-Calculation-sheet'!C40 -> 0 | D49: =D5/'Output-Calculation-sheet'!D4*'Output-Calculation-sheet'!D40 -> 0 | E49: =E5/'Output-Calculation-sheet'!E4*'Output-Calculation-sheet'!E40 -> 0 | F49: =F5/'Output-Calculation-sheet'!F4*'Output-Calculation-sheet'!F40 -> 0 | G49: =G5/'Output-Calculation-sheet'!G4*'Output-Calculation-sheet'!G40 -> 0 | H49: =H5/'Output-Calculation-sheet'!H4*'Output-Calculation-sheet'!H40 -> 0 | I49: =I5/'Output-Calculation-sheet'!I4*'Output-Calculation-sheet'!I40 -> 0 | ... BF49: =BF5/'Output-Calculation-sheet'!BF4*'Output-Calculation-sheet'!BF40 -> 0 | BH49: =SUM(B49:BF49)/1000 -> 7.3529308
A50: 2029 | B50: =B6/'Output-Calculation-sheet'!B5*'Output-Calculation-sheet'!B41 -> 0 | C50: =C6/'Output-Calculation-sheet'!C5*'Output-Calculation-sheet'!C41 -> 0 | D50: =D6/'Output-Calculation-sheet'!D5*'Output-Calculation-sheet'!D41 -> 0 | E50: =E6/'Output-Calculation-sheet'!E5*'Output-Calculation-sheet'!E41 -> 0 | F50: =F6/'Output-Calculation-sheet'!F5*'Output-Calculation-sheet'!F41 -> 0 | G50: =G6/'Output-Calculation-sheet'!G5*'Output-Calculation-sheet'!G41 -> 0 | H50: =H6/'Output-Calculation-sheet'!H5*'Output-Calculation-sheet'!H41 -> 0 | I50: =I6/'Output-Calculation-sheet'!I5*'Output-Calculation-sheet'!I41 -> 0 | ... BF50: =BF6/'Output-Calculation-sheet'!BF5*'Output-Calculation-sheet'!BF41 -> 0 | BH50: =SUM(B50:BF50)/1000 -> 16.420134
A51: 2030 | B51: =B7/'Output-Calculation-sheet'!B6*'Output-Calculation-sheet'!B42 -> 0 | C51: =C7/'Output-Calculation-sheet'!C6*'Output-Calculation-sheet'!C42 -> 0 | D51: =D7/'Output-Calculation-sheet'!D6*'Output-Calculation-sheet'!D42 -> 0 | E51: =E7/'Output-Calculation-sheet'!E6*'Output-Calculation-sheet'!E42 -> 0 | F51: =F7/'Output-Calculation-sheet'!F6*'Output-Calculation-sheet'!F42 -> 0 | G51: =G7/'Output-Calculation-sheet'!G6*'Output-Calculation-sheet'!G42 -> 0 | H51: =H7/'Output-Calculation-sheet'!H6*'Output-Calculation-sheet'!H42 -> 0 | I51: =I7/'Output-Calculation-sheet'!I6*'Output-Calculation-sheet'!I42 -> 0 | ... BF51: =BF7/'Output-Calculation-sheet'!BF6*'Output-Calculation-sheet'!BF42 -> 0 | BH51: =SUM(B51:BF51)/1000 -> 41.987266
A52: 2031 | B52: =B8/'Output-Calculation-sheet'!B7*'Output-Calculation-sheet'!B43 -> 0 | C52: =C8/'Output-Calculation-sheet'!C7*'Output-Calculation-sheet'!C43 -> 0 | D52: =D8/'Output-Calculation-sheet'!D7*'Output-Calculation-sheet'!D43 -> 0 | E52: =E8/'Output-Calculation-sheet'!E7*'Output-Calculation-sheet'!E43 -> 0 | F52: =F8/'Output-Calculation-sheet'!F7*'Output-Calculation-sheet'!F43 -> 0 | G52: =G8/'Output-Calculation-sheet'!G7*'Output-Calculation-sheet'!G43 -> 0 | H52: =H8/'Output-Calculation-sheet'!H7*'Output-Calculation-sheet'!H43 -> 0 | I52: =I8/'Output-Calculation-sheet'!I7*'Output-Calculation-sheet'!I43 -> 0 | ... BF52: =BF8/'Output-Calculation-sheet'!BF7*'Output-Calculation-sheet'!BF43 -> 0 | BH52: =SUM(B52:BF52)/1000 -> 24.139809
A53: 2032 | B53: =B9/'Output-Calculation-sheet'!B8*'Output-Calculation-sheet'!B44 -> 0 | C53: =C9/'Output-Calculation-sheet'!C8*'Output-Calculation-sheet'!C44 -> 0 | D53: =D9/'Output-Calculation-sheet'!D8*'Output-Calculation-sheet'!D44 -> 0 | E53: =E9/'Output-Calculation-sheet'!E8*'Output-Calculation-sheet'!E44 -> 0 | F53: =F9/'Output-Calculation-sheet'!F8*'Output-Calculation-sheet'!F44 -> 0 | G53: =G9/'Output-Calculation-sheet'!G8*'Output-Calculation-sheet'!G44 -> 0 | H53: =H9/'Output-Calculation-sheet'!H8*'Output-Calculation-sheet'!H44 -> 0 | I53: =I9/'Output-Calculation-sheet'!I8*'Output-Calculation-sheet'!I44 -> 0 | ... BF53: =BF9/'Output-Calculation-sheet'!BF8*'Output-Calculation-sheet'!BF44 -> 0 | BH53: =SUM(B53:BF53)/1000 -> 23.235392
A54: 2033 | B54: =B10/'Output-Calculation-sheet'!B9*'Output-Calculation-sheet'!B45 -> 0 | C54: =C10/'Output-Calculation-sheet'!C9*'Output-Calculation-sheet'!C45 -> 0 | D54: =D10/'Output-Calculation-sheet'!D9*'Output-Calculation-sheet'!D45 -> 0 | E54: =E10/'Output-Calculation-sheet'!E9*'Output-Calculation-sheet'!E45 -> 0 | F54: =F10/'Output-Calculation-sheet'!F9*'Output-Calculation-sheet'!F45 -> 0 | G54: =G10/'Output-Calculation-sheet'!G9*'Output-Calculation-sheet'!G45 -> 0 | H54: =H10/'Output-Calculation-sheet'!H9*'Output-Calculation-sheet'!H45 -> 0 | I54: =I10/'Output-Calculation-sheet'!I9*'Output-Calculation-sheet'!I45 -> 0 | ... BF54: =BF10/'Output-Calculation-sheet'!BF9*'Output-Calculation-sheet'!BF45 -> 0 | BH54: =SUM(B54:BF54)/1000 -> 10.807495
A55: 2034 | B55: =B11/'Output-Calculation-sheet'!B10*'Output-Calculation-sheet'!B46 -> 180.01635 | C55: =C11/'Output-Calculation-sheet'!C10*'Output-Calculation-sheet'!C46 -> 0 | D55: =D11/'Output-Calculation-sheet'!D10*'Output-Calculation-sheet'!D46 -> 0 | E55: =E11/'Output-Calculation-sheet'!E10*'Output-Calculation-sheet'!E46 -> 0 | F55: =F11/'Output-Calculation-sheet'!F10*'Output-Calculation-sheet'!F46 -> 0 | G55: =G11/'Output-Calculation-sheet'!G10*'Output-Calculation-sheet'!G46 -> 0 | H55: =H11/'Output-Calculation-sheet'!H10*'Output-Calculation-sheet'!H46 -> 0 | I55: =I11/'Output-Calculation-sheet'!I10*'Output-Calculation-sheet'!I46 -> 0 | ... BF55: =BF11/'Output-Calculation-sheet'!BF10*'Output-Calculation-sheet'!BF46 -> 0 | BH55: =SUM(B55:BF55)/1000 -> 21.1091
A56: 2035 | B56: =B12/'Output-Calculation-sheet'!B11*'Output-Calculation-sheet'!B47 -> 753.389 | C56: =C12/'Output-Calculation-sheet'!C11*'Output-Calculation-sheet'!C47 -> 0 | D56: =D12/'Output-Calculation-sheet'!D11*'Output-Calculation-sheet'!D47 -> 0 | E56: =E12/'Output-Calculation-sheet'!E11*'Output-Calculation-sheet'!E47 -> 54.916181 | F56: =F12/'Output-Calculation-sheet'!F11*'Output-Calculation-sheet'!F47 -> 0 | G56: =G12/'Output-Calculation-sheet'!G11*'Output-Calculation-sheet'!G47 -> 0 | H56: =H12/'Output-Calculation-sheet'!H11*'Output-Calculation-sheet'!H47 -> 0 | I56: =I12/'Output-Calculation-sheet'!I11*'Output-Calculation-sheet'!I47 -> 0 | ... BF56: =BF12/'Output-Calculation-sheet'!BF11*'Output-Calculation-sheet'!BF47 -> 0 | BH56: =SUM(B56:BF56)/1000 -> 29.192346
A58: Total cost of energy ($bn) | BH58: Total cost of energy ($bn)
A60: 2028 | B60: =B5*'Output-Calculation-sheet'!B49/10^9 -> 0.33309888 | C60: =C5*'Output-Calculation-sheet'!C49/10^9 -> 0.33719566 | D60: =D5*'Output-Calculation-sheet'!D49/10^9 -> 2.0888334 | E60: =E5*'Output-Calculation-sheet'!E49/10^9 -> 0.089766138 | F60: =F5*'Output-Calculation-sheet'!F49/10^9 -> 0.40403525 | G60: =G5*'Output-Calculation-sheet'!G49/10^9 -> 0.36566425 | H60: =H5*'Output-Calculation-sheet'!H49/10^9 -> 0.42936974 | I60: =I5*'Output-Calculation-sheet'!I49/10^9 -> 0.29729364 | ... BF60: =BF5*'Output-Calculation-sheet'!BF49/10^9 -> 0.044757936 | BH60: =SUM(B60:BF60) -> 68.371261
A61: 2029 | B61: =B6*'Output-Calculation-sheet'!B50/10^9 -> 0.39145003 | C61: =C6*'Output-Calculation-sheet'!C50/10^9 -> 0.39223327 | D61: =D6*'Output-Calculation-sheet'!D50/10^9 -> 2.5098499 | E61: =E6*'Output-Calculation-sheet'!E50/10^9 -> 0.10692293 | F61: =F6*'Output-Calculation-sheet'!F50/10^9 -> 0.48558882 | G61: =G6*'Output-Calculation-sheet'!G50/10^9 -> 0.42585045 | H61: =H6*'Output-Calculation-sheet'!H50/10^9 -> 0.49848509 | I61: =I6*'Output-Calculation-sheet'!I50/10^9 -> 0.35683614 | ... BF61: =BF6*'Output-Calculation-sheet'!BF50/10^9 -> 0.054018572 | BH61: =SUM(B61:BF61) -> 84.281949
A62: 2030 | B62: =B7*'Output-Calculation-sheet'!B51/10^9 -> 0.41757939 | C62: =C7*'Output-Calculation-sheet'!C51/10^9 -> 0.41338219 | D62: =D7*'Output-Calculation-sheet'!D51/10^9 -> 2.7320242 | E62: =E7*'Output-Calculation-sheet'!E51/10^9 -> 0.11569889 | F62: =F7*'Output-Calculation-sheet'!F51/10^9 -> 0.52945488 | G62: =G7*'Output-Calculation-sheet'!G51/10^9 -> 0.44944458 | H62: =H7*'Output-Calculation-sheet'!H51/10^9 -> 0.52414328 | I62: =I7*'Output-Calculation-sheet'!I51/10^9 -> 0.39002607 | ... BF62: =BF7*'Output-Calculation-sheet'!BF51/10^9 -> 0.059397189 | BH62: =SUM(B62:BF62) -> 95.47342
A63: 2031 | B63: =B8*'Output-Calculation-sheet'!B52/10^9 -> 0.41775726 | C63: =C8*'Output-Calculation-sheet'!C52/10^9 -> 0.40644115 | D63: =D8*'Output-Calculation-sheet'!D52/10^9 -> 2.763771 | E63: =E8*'Output-Calculation-sheet'!E52/10^9 -> 0.1165716 | F63: =F8*'Output-Calculation-sheet'!F52/10^9 -> 0.53840927 | G63: =G8*'Output-Calculation-sheet'!G52/10^9 -> 0.44268757 | H63: =H8*'Output-Calculation-sheet'!H52/10^9 -> 0.51382141 | I63: =I8*'Output-Calculation-sheet'!I52/10^9 -> 0.40177997 | ... BF63: =BF8*'Output-Calculation-sheet'!BF52/10^9 -> 0.061475822 | BH63: =SUM(B63:BF63) -> 97.530231
A64: 2032 | B64: =B9*'Output-Calculation-sheet'!B53/10^9 -> 0.39665079 | C64: =C9*'Output-Calculation-sheet'!C53/10^9 -> 0.37518276 | D64: =D9*'Output-Calculation-sheet'!D53/10^9 -> 2.6115975 | E64: =E9*'Output-Calculation-sheet'!E53/10^9 -> 0.11188853 | F64: =F9*'Output-Calculation-sheet'!F53/10^9 -> 0.51490869 | G64: =G9*'Output-Calculation-sheet'!G53/10^9 -> 0.40958379 | H64: =H9*'Output-Calculation-sheet'!H53/10^9 -> 0.47248901 | I64: =I9*'Output-Calculation-sheet'!I53/10^9 -> 0.39488415 | ... BF64: =BF9*'Output-Calculation-sheet'!BF53/10^9 -> 0.060419727 | BH64: =SUM(B64:BF64) -> 94.830585
A65: 2033 | B65: =B10*'Output-Calculation-sheet'!B54/10^9 -> 0.370015 | C65: =C10*'Output-Calculation-sheet'!C54/10^9 -> 0.33363723 | D65: =D10*'Output-Calculation-sheet'!D54/10^9 -> 2.3662188 | E65: =E10*'Output-Calculation-sheet'!E54/10^9 -> 0.1061737 | F65: =F10*'Output-Calculation-sheet'!F54/10^9 -> 0.47562216 | G65: =G10*'Output-Calculation-sheet'!G54/10^9 -> 0.36536173 | H65: =H10*'Output-Calculation-sheet'!H54/10^9 -> 0.4179855 | I65: =I10*'Output-Calculation-sheet'!I54/10^9 -> 0.38388167 | ... BF65: =BF10*'Output-Calculation-sheet'!BF54/10^9 -> 0.058143323 | BH65: =SUM(B65:BF65) -> 87.69181
A66: 2034 | B66: =B11*'Output-Calculation-sheet'!B55/10^9 -> 0.3443678 | C66: =C11*'Output-Calculation-sheet'!C55/10^9 -> 0.28553409 | D66: =D11*'Output-Calculation-sheet'!D55/10^9 -> 2.0545657 | E66: =E11*'Output-Calculation-sheet'!E55/10^9 -> 0.10092684 | F66: =F11*'Output-Calculation-sheet'!F55/10^9 -> 0.43119852 | G66: =G11*'Output-Calculation-sheet'!G55/10^9 -> 0.3176536 | H66: =H11*'Output-Calculation-sheet'!H55/10^9 -> 0.35496315 | I66: =I11*'Output-Calculation-sheet'!I55/10^9 -> 0.37572935 | ... BF66: =BF11*'Output-Calculation-sheet'!BF55/10^9 -> 0.055174763 | BH66: =SUM(B66:BF66) -> 79.301082
A67: 2035 | B67: =B12*'Output-Calculation-sheet'!B56/10^9 -> 0.31866795 | C67: =C12*'Output-Calculation-sheet'!C56/10^9 -> 0.23886822 | D67: =D12*'Output-Calculation-sheet'!D56/10^9 -> 1.6837932 | E67: =E12*'Output-Calculation-sheet'!E56/10^9 -> 0.098319918 | F67: =F12*'Output-Calculation-sheet'!F56/10^9 -> 0.39303791 | G67: =G12*'Output-Calculation-sheet'!G56/10^9 -> 0.27115904 | H67: =H12*'Output-Calculation-sheet'!H56/10^9 -> 0.28446548 | I67: =I12*'Output-Calculation-sheet'!I56/10^9 -> 0.37472789 | ... BF67: =BF12*'Output-Calculation-sheet'!BF56/10^9 -> 0.051650539 | BH67: =SUM(B67:BF67) -> 70.408975
B68: =SUM(B60:B67) -> 2.9895871 | C68: =SUM(C60:C67) -> 2.7824746 | D68: =SUM(D60:D67) -> 18.810654 | E68: =SUM(E60:E67) -> 0.84626855 | F68: =SUM(F60:F67) -> 3.7722555 | G68: =SUM(G60:G67) -> 3.047405 | H68: =SUM(H60:H67) -> 3.4957227 | I68: =SUM(I60:I67) -> 2.9751589 | ... BF68: =SUM(BF60:BF67) -> 0.44503787
A69: Battery Interface Capacity (MW) | BH69: Total Battery Interface Capacity (GW)
A71: 2028 | B71: =B5/'Output-Calculation-sheet'!B4*'Output-Calculation-sheet'!B58 -> 0 | C71: =C5/'Output-Calculation-sheet'!C4*'Output-Calculation-sheet'!C58 -> 0 | D71: =D5/'Output-Calculation-sheet'!D4*'Output-Calculation-sheet'!D58 -> 0 | E71: =E5/'Output-Calculation-sheet'!E4*'Output-Calculation-sheet'!E58 -> 0 | F71: =F5/'Output-Calculation-sheet'!F4*'Output-Calculation-sheet'!F58 -> 0 | G71: =G5/'Output-Calculation-sheet'!G4*'Output-Calculation-sheet'!G58 -> 0 | H71: =H5/'Output-Calculation-sheet'!H4*'Output-Calculation-sheet'!H58 -> 0 | I71: =I5/'Output-Calculation-sheet'!I4*'Output-Calculation-sheet'!I58 -> 0 | ... BF71: =BF5/'Output-Calculation-sheet'!BF4*'Output-Calculation-sheet'!BF58 -> 0 | BH71: =SUM(B71:BF71)/1000 -> 7.3527467
A72: 2029 | B72: =B6/'Output-Calculation-sheet'!B5*'Output-Calculation-sheet'!B59 -> 0 | C72: =C6/'Output-Calculation-sheet'!C5*'Output-Calculation-sheet'!C59 -> 0 | D72: =D6/'Output-Calculation-sheet'!D5*'Output-Calculation-sheet'!D59 -> 0 | E72: =E6/'Output-Calculation-sheet'!E5*'Output-Calculation-sheet'!E59 -> 0 | F72: =F6/'Output-Calculation-sheet'!F5*'Output-Calculation-sheet'!F59 -> 0 | G72: =G6/'Output-Calculation-sheet'!G5*'Output-Calculation-sheet'!G59 -> 0 | H72: =H6/'Output-Calculation-sheet'!H5*'Output-Calculation-sheet'!H59 -> 0 | I72: =I6/'Output-Calculation-sheet'!I5*'Output-Calculation-sheet'!I59 -> 0 | ... BF72: =BF6/'Output-Calculation-sheet'!BF5*'Output-Calculation-sheet'!BF59 -> 0 | BH72: =SUM(B72:BF72)/1000 -> 16.420046
A73: 2030 | B73: =B7/'Output-Calculation-sheet'!B6*'Output-Calculation-sheet'!B60 -> 0 | C73: =C7/'Output-Calculation-sheet'!C6*'Output-Calculation-sheet'!C60 -> 0 | D73: =D7/'Output-Calculation-sheet'!D6*'Output-Calculation-sheet'!D60 -> 0 | E73: =E7/'Output-Calculation-sheet'!E6*'Output-Calculation-sheet'!E60 -> 0 | F73: =F7/'Output-Calculation-sheet'!F6*'Output-Calculation-sheet'!F60 -> 0 | G73: =G7/'Output-Calculation-sheet'!G6*'Output-Calculation-sheet'!G60 -> 0 | H73: =H7/'Output-Calculation-sheet'!H6*'Output-Calculation-sheet'!H60 -> 0 | I73: =I7/'Output-Calculation-sheet'!I6*'Output-Calculation-sheet'!I60 -> 0 | ... BF73: =BF7/'Output-Calculation-sheet'!BF6*'Output-Calculation-sheet'!BF60 -> 0 | BH73: =SUM(B73:BF73)/1000 -> 41.978078
A74: 2031 | B74: =B8/'Output-Calculation-sheet'!B7*'Output-Calculation-sheet'!B61 -> 0 | C74: =C8/'Output-Calculation-sheet'!C7*'Output-Calculation-sheet'!C61 -> 0 | D74: =D8/'Output-Calculation-sheet'!D7*'Output-Calculation-sheet'!D61 -> 0 | E74: =E8/'Output-Calculation-sheet'!E7*'Output-Calculation-sheet'!E61 -> 0 | F74: =F8/'Output-Calculation-sheet'!F7*'Output-Calculation-sheet'!F61 -> 0 | G74: =G8/'Output-Calculation-sheet'!G7*'Output-Calculation-sheet'!G61 -> 0 | H74: =H8/'Output-Calculation-sheet'!H7*'Output-Calculation-sheet'!H61 -> 0 | I74: =I8/'Output-Calculation-sheet'!I7*'Output-Calculation-sheet'!I61 -> 0 | ... BF74: =BF8/'Output-Calculation-sheet'!BF7*'Output-Calculation-sheet'!BF61 -> 0 | BH74: =SUM(B74:BF74)/1000 -> 22.88316
A75: 2032 | B75: =B9/'Output-Calculation-sheet'!B8*'Output-Calculation-sheet'!B62 -> 0 | C75: =C9/'Output-Calculation-sheet'!C8*'Output-Calculation-sheet'!C62 -> 0 | D75: =D9/'Output-Calculation-sheet'!D8*'Output-Calculation-sheet'!D62 -> 0 | E75: =E9/'Output-Calculation-sheet'!E8*'Output-Calculation-sheet'!E62 -> 0 | F75: =F9/'Output-Calculation-sheet'!F8*'Output-Calculation-sheet'!F62 -> 0 | G75: =G9/'Output-Calculation-sheet'!G8*'Output-Calculation-sheet'!G62 -> 0 | H75: =H9/'Output-Calculation-sheet'!H8*'Output-Calculation-sheet'!H62 -> 0 | I75: =I9/'Output-Calculation-sheet'!I8*'Output-Calculation-sheet'!I62 -> 0 | ... BF75: =BF9/'Output-Calculation-sheet'!BF8*'Output-Calculation-sheet'!BF62 -> 0 | BH75: =SUM(B75:BF75)/1000 -> 18.724288
A76: 2033 | B76: =B10/'Output-Calculation-sheet'!B9*'Output-Calculation-sheet'!B63 -> 0 | C76: =C10/'Output-Calculation-sheet'!C9*'Output-Calculation-sheet'!C63 -> 0 | D76: =D10/'Output-Calculation-sheet'!D9*'Output-Calculation-sheet'!D63 -> 0 | E76: =E10/'Output-Calculation-sheet'!E9*'Output-Calculation-sheet'!E63 -> 0 | F76: =F10/'Output-Calculation-sheet'!F9*'Output-Calculation-sheet'!F63 -> 0 | G76: =G10/'Output-Calculation-sheet'!G9*'Output-Calculation-sheet'!G63 -> 0 | H76: =H10/'Output-Calculation-sheet'!H9*'Output-Calculation-sheet'!H63 -> 0 | I76: =I10/'Output-Calculation-sheet'!I9*'Output-Calculation-sheet'!I63 -> 0 | ... BF76: =BF10/'Output-Calculation-sheet'!BF9*'Output-Calculation-sheet'!BF63 -> 0 | BH76: =SUM(B76:BF76)/1000 -> 2.313793
A77: 2034 | B77: =B11/'Output-Calculation-sheet'!B10*'Output-Calculation-sheet'!B64 -> 39.231825 | C77: =C11/'Output-Calculation-sheet'!C10*'Output-Calculation-sheet'!C64 -> 0 | D77: =D11/'Output-Calculation-sheet'!D10*'Output-Calculation-sheet'!D64 -> 0 | E77: =E11/'Output-Calculation-sheet'!E10*'Output-Calculation-sheet'!E64 -> 0 | F77: =F11/'Output-Calculation-sheet'!F10*'Output-Calculation-sheet'!F64 -> 0 | G77: =G11/'Output-Calculation-sheet'!G10*'Output-Calculation-sheet'!G64 -> 0 | H77: =H11/'Output-Calculation-sheet'!H10*'Output-Calculation-sheet'!H64 -> 0 | I77: =I11/'Output-Calculation-sheet'!I10*'Output-Calculation-sheet'!I64 -> 0 | ... BF77: =BF11/'Output-Calculation-sheet'!BF10*'Output-Calculation-sheet'!BF64 -> 0 | BH77: =SUM(B77:BF77)/1000 -> 4.3008709
A78: 2035 | B78: =B12/'Output-Calculation-sheet'!B11*'Output-Calculation-sheet'!B65 -> 141.17855 | C78: =C12/'Output-Calculation-sheet'!C11*'Output-Calculation-sheet'!C65 -> 0 | D78: =D12/'Output-Calculation-sheet'!D11*'Output-Calculation-sheet'!D65 -> 0 | E78: =E12/'Output-Calculation-sheet'!E11*'Output-Calculation-sheet'!E65 -> 12.068485 | F78: =F12/'Output-Calculation-sheet'!F11*'Output-Calculation-sheet'!F65 -> 0 | G78: =G12/'Output-Calculation-sheet'!G11*'Output-Calculation-sheet'!G65 -> 0 | H78: =H12/'Output-Calculation-sheet'!H11*'Output-Calculation-sheet'!H65 -> 0 | I78: =I12/'Output-Calculation-sheet'!I11*'Output-Calculation-sheet'!I65 -> 0 | ... BF78: =BF12/'Output-Calculation-sheet'!BF11*'Output-Calculation-sheet'!BF65 -> 0 | BH78: =SUM(B78:BF78)/1000 -> 5.682296
A80: Heat Pump Capacity (MW) | BH80: Total Heat Pump Capacity (GW)
A82: 2028 | B82: =B5/'Output-Calculation-sheet'!B4*'Output-Calculation-sheet'!B67 -> 0 | C82: =C5/'Output-Calculation-sheet'!C4*'Output-Calculation-sheet'!C67 -> 0 | D82: =D5/'Output-Calculation-sheet'!D4*'Output-Calculation-sheet'!D67 -> 0 | E82: =E5/'Output-Calculation-sheet'!E4*'Output-Calculation-sheet'!E67 -> 0 | F82: =F5/'Output-Calculation-sheet'!F4*'Output-Calculation-sheet'!F67 -> 0 | G82: =G5/'Output-Calculation-sheet'!G4*'Output-Calculation-sheet'!G67 -> 0 | H82: =H5/'Output-Calculation-sheet'!H4*'Output-Calculation-sheet'!H67 -> 0 | I82: =I5/'Output-Calculation-sheet'!I4*'Output-Calculation-sheet'!I67 -> 0 | ... BF82: =BF5/'Output-Calculation-sheet'!BF4*'Output-Calculation-sheet'!BF67 -> 0 | BH82: =SUM(B82:BF82)/1000 -> 3.5508426
A83: 2029 | B83: =B6/'Output-Calculation-sheet'!B5*'Output-Calculation-sheet'!B68 -> 0 | C83: =C6/'Output-Calculation-sheet'!C5*'Output-Calculation-sheet'!C68 -> 0 | D83: =D6/'Output-Calculation-sheet'!D5*'Output-Calculation-sheet'!D68 -> 0 | E83: =E6/'Output-Calculation-sheet'!E5*'Output-Calculation-sheet'!E68 -> 0 | F83: =F6/'Output-Calculation-sheet'!F5*'Output-Calculation-sheet'!F68 -> 0 | G83: =G6/'Output-Calculation-sheet'!G5*'Output-Calculation-sheet'!G68 -> 0 | H83: =H6/'Output-Calculation-sheet'!H5*'Output-Calculation-sheet'!H68 -> 0 | I83: =I6/'Output-Calculation-sheet'!I5*'Output-Calculation-sheet'!I68 -> 0 | ... BF83: =BF6/'Output-Calculation-sheet'!BF5*'Output-Calculation-sheet'!BF68 -> 0 | BH83: =SUM(B83:BF83)/1000 -> 7.9480671
A84: 2030 | B84: =B7/'Output-Calculation-sheet'!B6*'Output-Calculation-sheet'!B69 -> 0 | C84: =C7/'Output-Calculation-sheet'!C6*'Output-Calculation-sheet'!C69 -> 0 | D84: =D7/'Output-Calculation-sheet'!D6*'Output-Calculation-sheet'!D69 -> 0 | E84: =E7/'Output-Calculation-sheet'!E6*'Output-Calculation-sheet'!E69 -> 0 | F84: =F7/'Output-Calculation-sheet'!F6*'Output-Calculation-sheet'!F69 -> 0 | G84: =G7/'Output-Calculation-sheet'!G6*'Output-Calculation-sheet'!G69 -> 0 | H84: =H7/'Output-Calculation-sheet'!H6*'Output-Calculation-sheet'!H69 -> 0 | I84: =I7/'Output-Calculation-sheet'!I6*'Output-Calculation-sheet'!I69 -> 0 | ... BF84: =BF7/'Output-Calculation-sheet'!BF6*'Output-Calculation-sheet'!BF69 -> 0 | BH84: =SUM(B84:BF84)/1000 -> 20.018197
A85: 2031 | B85: =B8/'Output-Calculation-sheet'!B7*'Output-Calculation-sheet'!B70 -> 0 | C85: =C8/'Output-Calculation-sheet'!C7*'Output-Calculation-sheet'!C70 -> 0 | D85: =D8/'Output-Calculation-sheet'!D7*'Output-Calculation-sheet'!D70 -> 0 | E85: =E8/'Output-Calculation-sheet'!E7*'Output-Calculation-sheet'!E70 -> 0 | F85: =F8/'Output-Calculation-sheet'!F7*'Output-Calculation-sheet'!F70 -> 0 | G85: =G8/'Output-Calculation-sheet'!G7*'Output-Calculation-sheet'!G70 -> 0 | H85: =H8/'Output-Calculation-sheet'!H7*'Output-Calculation-sheet'!H70 -> 0 | I85: =I8/'Output-Calculation-sheet'!I7*'Output-Calculation-sheet'!I70 -> 0 | ... BF85: =BF8/'Output-Calculation-sheet'!BF7*'Output-Calculation-sheet'!BF70 -> 0 | BH85: =SUM(B85:BF85)/1000 -> 10.90776
A86: 2032 | B86: =B9/'Output-Calculation-sheet'!B8*'Output-Calculation-sheet'!B71 -> 0 | C86: =C9/'Output-Calculation-sheet'!C8*'Output-Calculation-sheet'!C71 -> 0 | D86: =D9/'Output-Calculation-sheet'!D8*'Output-Calculation-sheet'!D71 -> 0 | E86: =E9/'Output-Calculation-sheet'!E8*'Output-Calculation-sheet'!E71 -> 0 | F86: =F9/'Output-Calculation-sheet'!F8*'Output-Calculation-sheet'!F71 -> 0 | G86: =G9/'Output-Calculation-sheet'!G8*'Output-Calculation-sheet'!G71 -> 0 | H86: =H9/'Output-Calculation-sheet'!H8*'Output-Calculation-sheet'!H71 -> 0 | I86: =I9/'Output-Calculation-sheet'!I8*'Output-Calculation-sheet'!I71 -> 0 | ... BF86: =BF9/'Output-Calculation-sheet'!BF8*'Output-Calculation-sheet'!BF71 -> 0 | BH86: =SUM(B86:BF86)/1000 -> 8.4535096
A87: 2033 | B87: =B10/'Output-Calculation-sheet'!B9*'Output-Calculation-sheet'!B72 -> 0 | C87: =C10/'Output-Calculation-sheet'!C9*'Output-Calculation-sheet'!C72 -> 0 | D87: =D10/'Output-Calculation-sheet'!D9*'Output-Calculation-sheet'!D72 -> 0 | E87: =E10/'Output-Calculation-sheet'!E9*'Output-Calculation-sheet'!E72 -> 0 | F87: =F10/'Output-Calculation-sheet'!F9*'Output-Calculation-sheet'!F72 -> 0 | G87: =G10/'Output-Calculation-sheet'!G9*'Output-Calculation-sheet'!G72 -> 0 | H87: =H10/'Output-Calculation-sheet'!H9*'Output-Calculation-sheet'!H72 -> 0 | I87: =I10/'Output-Calculation-sheet'!I9*'Output-Calculation-sheet'!I72 -> 0 | ... BF87: =BF10/'Output-Calculation-sheet'!BF9*'Output-Calculation-sheet'!BF72 -> 0 | BH87: =SUM(B87:BF87)/1000 -> 0.11902405
A88: 2034 | B88: =B11/'Output-Calculation-sheet'!B10*'Output-Calculation-sheet'!B73 -> 0 | C88: =C11/'Output-Calculation-sheet'!C10*'Output-Calculation-sheet'!C73 -> 0 | D88: =D11/'Output-Calculation-sheet'!D10*'Output-Calculation-sheet'!D73 -> 0 | E88: =E11/'Output-Calculation-sheet'!E10*'Output-Calculation-sheet'!E73 -> 0 | F88: =F11/'Output-Calculation-sheet'!F10*'Output-Calculation-sheet'!F73 -> 0 | G88: =G11/'Output-Calculation-sheet'!G10*'Output-Calculation-sheet'!G73 -> 0 | H88: =H11/'Output-Calculation-sheet'!H10*'Output-Calculation-sheet'!H73 -> 0 | I88: =I11/'Output-Calculation-sheet'!I10*'Output-Calculation-sheet'!I73 -> 0 | ... BF88: =BF11/'Output-Calculation-sheet'!BF10*'Output-Calculation-sheet'!BF73 -> 0 | BH88: =SUM(B88:BF88)/1000 -> 0.029725854
A89: 2035 | B89: =B12/'Output-Calculation-sheet'!B11*'Output-Calculation-sheet'!B74 -> 0 | C89: =C12/'Output-Calculation-sheet'!C11*'Output-Calculation-sheet'!C74 -> 0 | D89: =D12/'Output-Calculation-sheet'!D11*'Output-Calculation-sheet'!D74 -> 0 | E89: =E12/'Output-Calculation-sheet'!E11*'Output-Calculation-sheet'!E74 -> 0 | F89: =F12/'Output-Calculation-sheet'!F11*'Output-Calculation-sheet'!F74 -> 0 | G89: =G12/'Output-Calculation-sheet'!G11*'Output-Calculation-sheet'!G74 -> 0 | H89: =H12/'Output-Calculation-sheet'!H11*'Output-Calculation-sheet'!H74 -> 0 | I89: =I12/'Output-Calculation-sheet'!I11*'Output-Calculation-sheet'!I74 -> 0 | ... BF89: =BF12/'Output-Calculation-sheet'!BF11*'Output-Calculation-sheet'!BF74 -> 0 | BH89: =SUM(B89:BF89)/1000 -> 0.04127138
A91: Emissions avoided (kgCO2) | BH91: Total avoided emissions (GtCO2)
A93: 2028 | B93: =B5/'Output-Calculation-sheet'!B4*'Output-Calculation-sheet'!B76 -> 3573675.4 | C93: =C5/'Output-Calculation-sheet'!C4*'Output-Calculation-sheet'!C76 -> 5599074.6 | D93: =D5/'Output-Calculation-sheet'!D4*'Output-Calculation-sheet'!D76 -> 3.0975682e+08 | E93: =E5/'Output-Calculation-sheet'!E4*'Output-Calculation-sheet'!E76 -> 11773271 | F93: =F5/'Output-Calculation-sheet'!F4*'Output-Calculation-sheet'!F76 -> 25778459 | G93: =G5/'Output-Calculation-sheet'!G4*'Output-Calculation-sheet'!G76 -> 36828796 | H93: =H5/'Output-Calculation-sheet'!H4*'Output-Calculation-sheet'!H76 -> 4948856.3 | I93: =I5/'Output-Calculation-sheet'!I4*'Output-Calculation-sheet'!I76 -> 4371396.9 | ... BF93: =BF5/'Output-Calculation-sheet'!BF4*'Output-Calculation-sheet'!BF76 -> 8591760.6 | BH93: =SUM(B93:BF93)/10^9 -> 11.227991
A94: 2029 | B94: =B6/'Output-Calculation-sheet'!B5*'Output-Calculation-sheet'!B77 -> 7643763.2 | C94: =C6/'Output-Calculation-sheet'!C5*'Output-Calculation-sheet'!C77 -> 12390049 | D94: =D6/'Output-Calculation-sheet'!D5*'Output-Calculation-sheet'!D77 -> 7.4520861e+08 | E94: =E6/'Output-Calculation-sheet'!E5*'Output-Calculation-sheet'!E77 -> 27357208 | F94: =F6/'Output-Calculation-sheet'!F5*'Output-Calculation-sheet'!F77 -> 59618948 | G94: =G6/'Output-Calculation-sheet'!G5*'Output-Calculation-sheet'!G77 -> 87772543 | H94: =H6/'Output-Calculation-sheet'!H5*'Output-Calculation-sheet'!H77 -> 10481924 | I94: =I6/'Output-Calculation-sheet'!I5*'Output-Calculation-sheet'!I77 -> 8449880.1 | ... BF94: =BF6/'Output-Calculation-sheet'!BF5*'Output-Calculation-sheet'!BF77 -> 16870976 | BH94: =SUM(B94:BF94)/10^9 -> 26.986852
