Workbook

Sheet Low
A1: Country | B1: Austria | C1: Belgium | D1: Australia | E1: Bulgaria | F1: Canada | G1: Czech Republic | H1: Denmark | I1: Finland | J1: France | K1: Germany | L1: Greece | M1: Hungary | N1: Ireland | O1: Italy | P1: Japan | Q1: Latvia | R1: Lithuania | S1: Netherlands | T1: New Zealand | U1: Norway | V1: Poland | W1: Portugal | X1: Romania | Y1: Slovenia | Z1: Spain | AA1: Sweden | AB1: Switzerland | AC1: Turkey | AD1: United Kingdom | AE1: US | AF1: China | AG1: South Korea | AH1: India | AI1: Indonesia | AJ1: Malaysia | AK1: Pakistan | AL1: Philippines | AM1: Singapore | AN1: Taiwan | AO1: Thailand | AP1: Vietnam | AQ1: Iran | AR1: Israel | AS1: Kenya | AT1: Nigeria | AU1: Oman | AV1: Saudi Arabia | AW1: South Africa | AX1: UAE | AY1: Argentina | AZ1: Brazil | BA1: Chile | BB1: Colombia | BC1: Mexico | BD1: Peru | BE1: Russia | BF1: Ukraine
A3: Year
A5: 2028 | B5: 9.3561198e+08 | C5: 9.5551862e+08 | D5: 7.8231754e+09 | E5: 5.9719913e+08 | F5: 3.0905096e+09 | G5: 1.0351452e+09 | H5: 1.154585e+09 | I5: 1.5527178e+09 | J5: 5.4345121e+09 | K5: 9.0973335e+09 | L5: 3.9813276e+08 | M5: 3.7822612e+08 | N5: 2.4485165e+09 | O5: 3.5632882e+09 | P5: 5.5577772e+09 | Q5: 4.9766595e+08 | R5: 3.7822612e+08 | S5: 3.8220745e+09 | T5: 1.6612921e+09 | U5: 1.4730912e+09 | V5: 1.7517841e+09 | W5: 8.3607879e+08 | X5: 1.1943983e+09 | Y5: 4.1803939e+08 | Z5: 3.4239417e+09 | AA5: 2.0503837e+09 | AB5: 2.2693567e+09 | AC5: 1.6522509e+09 | AD5: 8.8385472e+09 | AE5: 1.8905616e+11 | AF5: 9.9982671e+10 | AG5: 2.5372461e+09 | AH5: 8.0044073e+09 | AI5: 4.2891541e+09 | AJ5: 3.2621735e+09 | AK5: 6.6451683e+08 | AL5: 7.5513277e+08 | AM5: 2.2653983e+09 | AN5: 6.6451683e+08 | AO5: 1.5102655e+09 | AP5: 8.7595401e+08 | AQ5: 1.0774232e+08 | AR5: 3.016785e+08 | AS5: 2.1617256e+08 | AT5: 1.9341756e+08 | AU5: 80806740 | AV5: 2.3164599e+08 | AW5: 6.3714018e+08 | AX5: 3.016785e+08 | AY5: 1.3045978e+08 | AZ5: 7.0985471e+08 | BA5: 2.4557136e+08 | BB5: 1.534821e+08 | BC5: 6.582674e+08 | BD5: 57555787 | BE5: 4.3676883e+09 | BF5: 7.365456e+08
A6: 2029 | B6: 1.1397646e+09 | C6: 1.164015e+09 | D6: 9.7838676e+09 | E6: 7.2750935e+08 | F6: 3.792218e+09 | G6: 1.2610162e+09 | H6: 1.4065181e+09 | I6: 1.8915243e+09 | J6: 6.6203351e+09 | K6: 1.1082392e+10 | L6: 4.8500623e+08 | M6: 4.6075592e+08 | N6: 2.9827883e+09 | O6: 4.3408058e+09 | P6: 6.9507013e+09 | Q6: 6.0625779e+08 | R6: 4.6075592e+08 | S6: 4.6560598e+09 | T6: 2.0776553e+09 | U6: 1.7945231e+09 | V6: 2.1340274e+09 | W6: 1.0185131e+09 | X6: 1.4550187e+09 | Y6: 5.0925654e+08 | Z6: 4.1710536e+09 | AA6: 2.4977821e+09 | AB6: 2.7645355e+09 | AC6: 2.0127759e+09 | AD6: 1.0767138e+10 | AE6: 2.3760469e+11 | AF6: 1.284398e+11 | AG6: 3.1731462e+09 | AH6: 1.0010521e+10 | AI6: 5.3641282e+09 | AJ6: 4.0797594e+09 | AK6: 8.3106211e+08 | AL6: 9.4438876e+08 | AM6: 2.8331663e+09 | AN6: 8.3106211e+08 | AO6: 1.8887775e+09 | AP6: 1.095491e+09 | AQ6: 1.3309227e+08 | AR6: 3.7265834e+08 | AS6: 2.687302e+08 | AT6: 2.4044281e+08 | AU6: 99819200 | AV6: 2.8614837e+08 | AW6: 7.9204692e+08 | AX6: 3.7265834e+08 | AY6: 1.6177454e+08 | AZ6: 8.8024384e+08 | BA6: 3.0451679e+08 | BB6: 1.9032299e+08 | BC6: 8.0772874e+08 | BD6: 71371122 | BE6: 5.4014955e+09 | BF6: 8.9726153e+08
A7: 2030 | B7: 1.2770386e+09 | C7: 1.3042096e+09 | D7: 1.1283829e+10 | E7: 8.15131e+08 | F7: 4.2830107e+09 | G7: 1.4128937e+09 | H7: 1.5759199e+09 | I7: 2.1193406e+09 | J7: 7.4176921e+09 | K7: 1.2417162e+10 | L7: 5.4342067e+08 | M7: 5.1624964e+08 | N7: 3.3420371e+09 | O7: 4.863615e+09 | P7: 8.0163108e+09 | Q7: 6.7927584e+08 | R7: 5.1624964e+08 | S7: 5.2168384e+09 | T7: 2.3961798e+09 | U7: 2.0106565e+09 | V7: 2.3910509e+09 | W7: 1.1411834e+09 | X7: 1.630262e+09 | Y7: 5.705917e+08 | Z7: 4.6734178e+09 | AA7: 2.7986164e+09 | AB7: 3.0974978e+09 | AC7: 2.2551958e+09 | AD7: 1.2063939e+10 | AE7: 2.7551537e+11 | AF7: 1.5254729e+11 | AG7: 3.6596201e+09 | AH7: 1.154523e+10 | AI7: 6.1865007e+09 | AJ7: 4.7052259e+09 | AK7: 9.5847194e+08 | AL7: 1.0891727e+09 | AM7: 3.267518e+09 | AN7: 9.5847194e+08 | AO7: 2.1783453e+09 | AP7: 1.2634403e+09 | AQ7: 1.5142791e+08 | AR7: 4.2399814e+08 | AS7: 3.078885e+08 | AT7: 2.7547918e+08 | AU7: 1.1357093e+08 | AV7: 3.2557e+08 | AW7: 9.0746083e+08 | AX7: 4.2399814e+08 | AY7: 1.8484051e+08 | AZ7: 1.0057498e+09 | BA7: 3.4793508e+08 | BB7: 2.1745943e+08 | BC7: 9.1226582e+08 | BD7: 81547285 | BE7: 6.1533664e+09 | BF7: 1.0053282e+09
A8: 2031 | B8: 1.3263278e+09 | C8: 1.3545476e+09 | D8: 1.2060947e+10 | E8: 8.4659222e+08 | F8: 4.4840841e+09 | G8: 1.4674265e+09 | H8: 1.636745e+09 | I8: 2.2011398e+09 | J8: 7.7039892e+09 | K8: 1.2896421e+10 | L8: 5.6439481e+08 | M8: 5.3617507e+08 | N8: 3.4710281e+09 | O8: 5.0513336e+09 | P8: 8.5683945e+09 | Q8: 7.0549352e+08 | R8: 5.3617507e+08 | S8: 5.4181902e+09 | T8: 2.5612049e+09 | U8: 2.0882608e+09 | V8: 2.4833372e+09 | W8: 1.1852291e+09 | X8: 1.6931844e+09 | Y8: 5.9261455e+08 | Z8: 4.8537954e+09 | AA8: 2.9066333e+09 | AB8: 3.2170504e+09 | AC8: 2.3422385e+09 | AD8: 1.2529565e+10 | AE8: 2.9604951e+11 | AF8: 1.6775158e+11 | AG8: 3.9116584e+09 | AH8: 1.2340351e+10 | AI8: 6.6125653e+09 | AJ8: 5.029275e+09 | AK8: 1.024482e+09 | AL8: 1.164184e+09 | AM8: 3.4925521e+09 | AN8: 1.024482e+09 | AO8: 2.3283681e+09 | AP8: 1.3504535e+09 | AQ8: 1.59704e+08 | AR8: 4.4717119e+08 | AS8: 3.2696133e+08 | AT8: 2.9254435e+08 | AU8: 1.19778e+08 | AV8: 3.433636e+08 | AW8: 9.6367549e+08 | AX8: 4.4717119e+08 | AY8: 1.9576024e+08 | AZ8: 1.065166e+09 | BA8: 3.6848987e+08 | BB8: 2.3030617e+08 | BC8: 9.5509373e+08 | BD8: 86364814 | BE8: 6.4977672e+09 | BF8: 1.0441304e+09
A9: 2032 | B9: 1.2883583e+09 | C9: 1.3157702e+09 | D9: 1.2037936e+10 | E9: 8.2235636e+08 | F9: 4.389123e+09 | G9: 1.4254177e+09 | H9: 1.589889e+09 | I9: 2.1381265e+09 | J9: 7.4834428e+09 | K9: 1.2527228e+10 | L9: 5.4823757e+08 | M9: 5.2082569e+08 | N9: 3.3716611e+09 | O9: 4.9067263e+09 | P9: 8.5520473e+09 | Q9: 6.8529696e+08 | R9: 5.2082569e+08 | S9: 5.2630807e+09 | T9: 2.5563185e+09 | U9: 2.028479e+09 | V9: 2.4122453e+09 | W9: 1.1512989e+09 | X9: 1.6447127e+09 | Y9: 5.7564945e+08 | Z9: 4.7148431e+09 | AA9: 2.8234235e+09 | AB9: 3.1249542e+09 | AC9: 2.2751859e+09 | AD9: 1.2170874e+10 | AE9: 2.9693719e+11 | AF9: 1.7185323e+11 | AG9: 3.9041955e+09 | AH9: 1.2316807e+10 | AI9: 6.5999496e+09 | AJ9: 5.01968e+09 | AK9: 1.0225274e+09 | AL9: 1.161963e+09 | AM9: 3.4858889e+09 | AN9: 1.0225274e+09 | AO9: 2.3239259e+09 | AP9: 1.347877e+09 | AQ9: 1.5741139e+08 | AR9: 4.407519e+08 | AS9: 3.2436291e+08 | AT9: 2.9021945e+08 | AU9: 1.1805854e+08 | AV9: 3.3843449e+08 | AW9: 9.5601701e+08 | AX9: 4.407519e+08 | AY9: 1.9371184e+08 | AZ9: 1.0540203e+09 | BA9: 3.6463406e+08 | BB9: 2.2789629e+08 | BC9: 9.3486735e+08 | BD9: 85461108 | BE9: 6.412024e+09 | BF9: 1.0142395e+09
A10: 2033 | B10: 1.2562433e+09 | C10: 1.2829719e+09 | D10: 1.197041e+10 | E10: 8.0185744e+08 | F10: 4.3034936e+09 | G10: 1.3898862e+09 | H10: 1.5502577e+09 | I10: 2.0848293e+09 | J10: 7.2969027e+09 | K10: 1.2214962e+10 | L10: 5.3457163e+08 | M10: 5.0784304e+08 | N10: 3.2876155e+09 | O10: 4.7844161e+09 | P10: 8.5040752e+09 | Q10: 6.6821453e+08 | R10: 5.0784304e+08 | S10: 5.1318876e+09 | T10: 2.541979e+09 | U10: 1.977915e+09 | V10: 2.3521152e+09 | W10: 1.1226004e+09 | X10: 1.6037149e+09 | Y10: 5.6130021e+08 | Z10: 4.597316e+09 | AA10: 2.7530439e+09 | AB10: 3.0470583e+09 | AC10: 2.2184722e+09 | AD10: 1.186749e+10 | AE10: 2.9631494e+11 | AF10: 1.7411362e+11 | AG10: 3.8822952e+09 | AH10: 1.2247717e+10 | AI10: 6.5629276e+09 | AJ10: 4.9915224e+09 | AK10: 1.0167916e+09 | AL10: 1.155445e+09 | AM10: 3.466335e+09 | AN10: 1.0167916e+09 | AO10: 2.31089e+09 | AP10: 1.3403162e+09 | AQ10: 1.551179e+08 | AR10: 4.3433011e+08 | AS10: 3.2113592e+08 | AT10: 2.8733213e+08 | AU10: 1.1633842e+08 | AV10: 3.3350348e+08 | AW10: 9.4650585e+08 | AX10: 4.3433011e+08 | AY10: 1.9143349e+08 | AZ10: 1.0416234e+09 | BA10: 3.603454e+08 | BB10: 2.2521588e+08 | BC10: 9.1662861e+08 | BD10: 84455953 | BE10: 6.3239706e+09 | BF10: 9.8895751e+08
A11: 2034 | B11: 1.2386253e+09 | C11: 1.2649791e+09 | D11: 1.1936376e+10 | E11: 7.9061192e+08 | F11: 4.256645e+09 | G11: 1.370394e+09 | H11: 1.5285164e+09 | I11: 2.055591e+09 | J11: 7.1945685e+09 | K11: 1.2043655e+10 | L11: 5.2707462e+08 | M11: 5.0072088e+08 | N11: 3.2415089e+09 | O11: 4.7173178e+09 | P11: 8.4798967e+09 | Q11: 6.5884327e+08 | R11: 5.0072088e+08 | S11: 5.0599163e+09 | T11: 2.5347517e+09 | U11: 1.9501761e+09 | V11: 2.3191283e+09 | W11: 1.1068567e+09 | X11: 1.5812238e+09 | Y11: 5.5342835e+08 | Z11: 4.5328417e+09 | AA11: 2.7144343e+09 | AB11: 3.0043253e+09 | AC11: 2.1873597e+09 | AD11: 1.1701056e+10 | AE11: 2.9607453e+11 | AF11: 1.7550697e+11 | AG11: 3.8712572e+09 | AH11: 1.2212895e+10 | AI11: 6.5442681e+09 | AJ11: 4.9773307e+09 | AK11: 1.0139007e+09 | AL11: 1.1521599e+09 | AM11: 3.4564796e+09 | AN11: 1.0139007e+09 | AO11: 2.3043198e+09 | AP11: 1.3365055e+09 | AQ11: 1.5387279e+08 | AR11: 4.3084381e+08 | AS11: 3.194169e+08 | AT11: 2.8579407e+08 | AU11: 1.1540459e+08 | AV11: 3.308265e+08 | AW11: 9.4143928e+08 | AX11: 4.3084381e+08 | AY11: 1.90208e+08 | AZ11: 1.0349553e+09 | BA11: 3.5803858e+08 | BB11: 2.2377411e+08 | BC11: 9.0665002e+08 | BD11: 83915292 | BE11: 6.2762742e+09 | BF11: 9.7508804e+08
A12: 2035 | B12: 1.2339923e+09 | C12: 1.2602474e+09 | D12: 1.192809e+10 | E12: 7.8765464e+08 | F12: 4.2443631e+09 | G12: 1.365268e+09 | H12: 1.522799e+09 | I12: 2.0479021e+09 | J12: 7.1676573e+09 | K12: 1.1998606e+10 | L12: 5.251031e+08 | M12: 4.9884794e+08 | N12: 3.229384e+09 | O12: 4.6996727e+09 | P12: 8.4740097e+09 | Q12: 6.5637887e+08 | R12: 4.9884794e+08 | S12: 5.0409897e+09 | T12: 2.532992e+09 | U12: 1.9428815e+09 | V12: 2.3104536e+09 | W12: 1.1027165e+09 | X12: 1.5753093e+09 | Y12: 5.5135825e+08 | Z12: 4.5158866e+09 | AA12: 2.7042809e+09 | AB12: 2.9930876e+09 | AC12: 2.1791778e+09 | AD12: 1.1657289e+10 | AE12: 2.9603284e+11 | AF12: 1.7590357e+11 | AG12: 3.8685696e+09 | AH12: 1.2204416e+10 | AI12: 6.5397248e+09 | AJ12: 4.9738752e+09 | AK12: 1.0131968e+09 | AL12: 1.15136e+09 | AM12: 3.45408e+09 | AN12: 1.0131968e+09 | AO12: 2.30272e+09 | AP12: 1.3355776e+09 | AQ12: 1.5354869e+08 | AR12: 4.2993632e+08 | AS12: 3.1897678e+08 | AT12: 2.8540028e+08 | AU12: 1.1516152e+08 | AV12: 3.3012968e+08 | AW12: 9.4014209e+08 | AX12: 4.2993632e+08 | AY12: 1.8989157e+08 | AZ12: 1.0332336e+09 | BA12: 3.5744296e+08 | BB12: 2.2340185e+08 | BC12: 9.0403403e+08 | BD12: 83775694 | BE12: 6.2638832e+09 | BF12: 9.7144073e+08
A14: Solar Capacity (MW) | BH14: Total Solar Capacity (GW)
A16: 2028 | B16: =B5/Output!B4*Output!B22 -> 0 | C16: =C5/Output!C4*Output!C22 -> 15.389941 | D16: =D5/Output!D4*Output!D22 -> 168.01593 | E16: =E5/Output!E4*Output!E22 -> 20.72641 | F16: =F5/Output!F4*Output!F22 -> 45.238429 | G16: =G5/Output!G4*Output!G22 -> 11.537897 | H16: =H5/Output!H4*Output!H22 -> 0 | I16: =I5/Output!I4*Output!I22 -> 0 | ... BF16: =BF5/Output!BF4*Output!BF22 -> 8.1268701 | BH16: =SUM(B16:AI16,AK16:AM16,AP16,AR16:AS16,AU16,AW16:BF16)/1000 -> 18.316362
A17: 2029 | B17: =B6/Output!B5*Output!B23 -> 0 | C17: =C6/Output!C5*Output!C23 -> 44.039879 | D17: =D6/Output!D5*Output!D23 -> 424.08749 | E17: =E6/Output!E5*Output!E23 -> 55.567166 | F17: =F6/Output!F5*Output!F23 -> 113.74876 | G17: =G6/Output!G5*Output!G23 -> 33.886433 | H17: =H6/Output!H5*Output!H23 -> 0 | I17: =I6/Output!I5*Output!I23 -> 0 | ... BF17: =BF6/Output!BF5*Output!BF23 -> 0 | BH17: =SUM(B17:AI17,AK17:AM17,AP17,AR17:AS17,AU17,AW17:BF17)/1000 -> 46.850158
A18: 2030 | B18: =B7/Output!B6*Output!B24 -> 0 | C18: =C7/Output!C6*Output!C24 -> 83.873671 | D18: =D7/Output!D6*Output!D24 -> 739.42532 | E18: =E7/Output!E6*Output!E24 -> 104.38053 | F18: =F7/Output!F6*Output!F24 -> 196.77269 | G18: =G7/Output!G6*Output!G24 -> 66.358098 | H18: =H7/Output!H6*Output!H24 -> 0 | I18: =I7/Output!I6*Output!I24 -> 0 | ... BF18: =BF7/Output!BF6*Output!BF24 -> 0 | BH18: =SUM(B18:AI18,AK18:AM18,AP18,AR18:AS18,AU18,AW18:BF18)/1000 -> 83.852788
A19: 2031 | B19: =B8/Output!B7*Output!B25 -> 0 | C19: =C8/Output!C7*Output!C25 -> 111.35003 | D19: =D8/Output!D7*Output!D25 -> 1034.3008 | E19: =E8/Output!E7*Output!E25 -> 144.75207 | F19: =F8/Output!F7*Output!F25 -> 270.89852 | G19: =G8/Output!G7*Output!G25 -> 91.124788 | H19: =H8/Output!H7*Output!H25 -> 0 | I19: =I8/Output!I7*Output!I25 -> 0 | ... BF19: =BF8/Output!BF7*Output!BF25 -> 0 | BH19: =SUM(B19:AI19,AK19:AM19,AP19,AR19:AS19,AU19,AW19:BF19)/1000 -> 119.88967
A20: 2032 | B20: =B9/Output!B8*Output!B26 -> 0 | C20: =C9/Output!C8*Output!C26 -> 131.94809 | D20: =D9/Output!D8*Output!D26 -> 1313.9423 | E20: =E9/Output!E8*Output!E26 -> 168.36796 | F20: =F9/Output!F8*Output!F26 -> 327.75206 | G20: =G9/Output!G8*Output!G26 -> 104.87497 | H20: =H9/Output!H8*Output!H26 -> 0 | I20: =I9/Output!I8*Output!I26 -> 0 | ... BF20: =BF9/Output!BF8*Output!BF26 -> 0 | BH20: =SUM(B20:AI20,AK20:AM20,AP20,AR20:AS20,AU20,AW20:BF20)/1000 -> 149.4395
A21: 2033 | B21: =B10/Output!B9*Output!B27 -> 0 | C21: =C10/Output!C9*Output!C27 -> 151.00227 | D21: =D10/Output!D9*Output!D27 -> 1600.1465 | E21: =E10/Output!E9*Output!E27 -> 189.47312 | F21: =F10/Output!F9*Output!F27 -> 381.30566 | G21: =G10/Output!G9*Output!G27 -> 112.05661 | H21: =H10/Output!H9*Output!H27 -> 0 | I21: =I10/Output!I9*Output!I27 -> 0 | ... BF21: =BF10/Output!BF9*Output!BF27 -> 0 | BH21: =SUM(B21:AI21,AK21:AM21,AP21,AR21:AS21,AU21,AW21:BF21)/1000 -> 178.47723
A22: 2034 | B22: =B11/Output!B10*Output!B28 -> 28.994264 | C22: =C11/Output!C10*Output!C28 -> 171.57107 | D22: =D11/Output!D10*Output!D28 -> 1804.0073 | E22: =E11/Output!E10*Output!E28 -> 209.43767 | F22: =F11/Output!F10*Output!F28 -> 435.04395 | G22: =G11/Output!G10*Output!G28 -> 117.00942 | H22: =H11/Output!H10*Output!H28 -> 0 | I22: =I11/Output!I10*Output!I28 -> 0 | ... BF22: =BF11/Output!BF10*Output!BF28 -> 0 | BH22: =SUM(B22:AI22,AK22:AM22,AP22,AR22:AS22,AU22,AW22:BF22)/1000 -> 211.99257
A23: 2035 | B23: =B12/Output!B11*Output!B29 -> 130.17287 | C23: =C12/Output!C11*Output!C29 -> 187.05254 | D23: =D12/Output!D11*Output!D29 -> 1985.8749 | E23: =E12/Output!E11*Output!E29 -> 229.43529 | F23: =F12/Output!F11*Output!F29 -> 490.40104 | G23: =G12/Output!G11*Output!G29 -> 119.87674 | H23: =H12/Output!H11*Output!H29 -> 0 | I23: =I12/Output!I11*Output!I29 -> 173.42693 | ... BF23: =BF12/Output!BF11*Output!BF29 -> 0 | BH23: =SUM(B23:AI23,AK23:AM23,AP23,AR23:AS23,AU23,AW23:BF23)/1000 -> 241.67451
A25: Wind Capacity (MW) | BH25: Total Wind Capacity (GW)
A27: 2028 | B27: =B5/Output!B4*Output!B13 -> 32.092464 | C27: =C5/Output!C4*Output!C13 -> 12.545933 | D27: =D5/Output!D4*Output!D13 -> 53.147056 | E27: =E5/Output!E4*Output!E13 -> 7.716631 | F27: =F5/Output!F4*Output!F13 -> 33.669058 | G27: =G5/Output!G4*Output!G13 -> 12.875299 | H27: =H5/Output!H4*Output!H13 -> 15.394274 | I27: =I5/Output!I4*Output!I13 -> 60.42549 | ... BF27: =BF5/Output!BF4*Output!BF13 -> 8.8705431 | BH27: =SUM(B27:AI27,AK27:AM27,AP27,AR27:AS27,AU27,AW27:BF27)/1000 -> 3.1272537
A28: 2029 | B28: =B6/Output!B5*Output!B14 -> 78.476915 | C28: =C6/Output!C5*Output!C14 -> 29.384676 | D28: =D6/Output!D5*Output!D14 -> 131.68365 | E28: =E6/Output!E5*Output!E14 -> 17.434828 | F28: =F6/Output!F5*Output!F14 -> 81.441908 | G28: =G6/Output!G5*Output!G14 -> 28.448237 | H28: =H6/Output!H5*Output!H14 -> 37.503932 | I28: =I6/Output!I5*Output!I14 -> 147.52778 | ... BF28: =BF6/Output!BF5*Output!BF14 -> 25.239533 | BH28: =SUM(B28:AI28,AK28:AM28,AP28,AR28:AS28,AU28,AW28:BF28)/1000 -> 7.6608151
A29: 2030 | B29: =B7/Output!B6*Output!B15 -> 136.81426 | C29: =C7/Output!C6*Output!C15 -> 47.776483 | D29: =D7/Output!D6*Output!D15 -> 228.54893 | E29: =E7/Output!E6*Output!E15 -> 31.360636 | F29: =F7/Output!F6*Output!F15 -> 136.18385 | G29: =G7/Output!G6*Output!G15 -> 46.74213 | H29: =H7/Output!H6*Output!H15 -> 63.032931 | I29: =I7/Output!I6*Output!I15 -> 251.70467 | ... BF29: =BF7/Output!BF6*Output!BF15 -> 42.419096 | BH29: =SUM(B29:AI29,AK29:AM29,AP29,AR29:AS29,AU29,AW29:BF29)/1000 -> 13.62032
A30: 2031 | B30: =B8/Output!B7*Output!B16 -> 203.66802 | C30: =C8/Output!C7*Output!C16 -> 69.316387 | D30: =D8/Output!D7*Output!D16 -> 358.62012 | E30: =E8/Output!E7*Output!E16 -> 49.109575 | F30: =F8/Output!F7*Output!F16 -> 191.76339 | G30: =G8/Output!G7*Output!G16 -> 74.996584 | H30: =H8/Output!H7*Output!H16 -> 87.298368 | I30: =I8/Output!I7*Output!I16 -> 360.60739 | ... BF30: =BF8/Output!BF7*Output!BF16 -> 58.795095 | BH30: =SUM(B30:AI30,AK30:AM30,AP30,AR30:AS30,AU30,AW30:BF30)/1000 -> 20.885699
A31: 2032 | B31: =B9/Output!B8*Output!B17 -> 276.91731 | C31: =C9/Output!C8*Output!C17 -> 91.337854 | D31: =D9/Output!D8*Output!D17 -> 504.78198 | E31: =E9/Output!E8*Output!E17 -> 62.798646 | F31: =F9/Output!F8*Output!F17 -> 236.28697 | G31: =G9/Output!G8*Output!G17 -> 101.21412 | H31: =H9/Output!H8*Output!H17 -> 107.9325 | I31: =I9/Output!I8*Output!I17 -> 462.9262 | ... BF31: =BF9/Output!BF8*Output!BF17 -> 73.474885 | BH31: =SUM(B31:AI31,AK31:AM31,AP31,AR31:AS31,AU31,AW31:BF31)/1000 -> 27.311162
A32: 2033 | B32: =B10/Output!B9*Output!B18 -> 335.76979 | C32: =C10/Output!C9*Output!C18 -> 119.21418 | D32: =D10/Output!D9*Output!D18 -> 675.40827 | E32: =E10/Output!E9*Output!E18 -> 77.172197 | F32: =F10/Output!F9*Output!F18 -> 281.65767 | G32: =G10/Output!G9*Output!G18 -> 127.68517 | H32: =H10/Output!H9*Output!H18 -> 132.13558 | I32: =I10/Output!I9*Output!I18 -> 586.84428 | ... BF32: =BF10/Output!BF9*Output!BF18 -> 91.13797 | BH32: =SUM(B32:AI32,AK32:AM32,AP32,AR32:AS32,AU32,AW32:BF32)/1000 -> 34.759416
A33: 2034 | B33: =B11/Output!B10*Output!B19 -> 372.58797 | C33: =C11/Output!C10*Output!C19 -> 156.15297 | D33: =D11/Output!D10*Output!D19 -> 828.35364 | E33: =E11/Output!E10*Output!E19 -> 91.935885 | F33: =F11/Output!F10*Output!F19 -> 336.81551 | G33: =G11/Output!G10*Output!G19 -> 157.88281 | H33: =H11/Output!H10*Output!H19 -> 161.75868 | I33: =I11/Output!I10*Output!I19 -> 724.8507 | ... BF33: =BF11/Output!BF10*Output!BF19 -> 113.33899 | BH33: =SUM(B33:AI33,AK33:AM33,AP33,AR33:AS33,AU33,AW33:BF33)/1000 -> 43.910401
A34: 2035 | B34: =B12/Output!B11*Output!B20 -> 356.18639 | C34: =C12/Output!C11*Output!C20 -> 183.21243 | D34: =D12/Output!D11*Output!D20 -> 984.95938 | E34: =E12/Output!E11*Output!E20 -> 109.02799 | F34: =F12/Output!F11*Output!F20 -> 413.81916 | G34: =G12/Output!G11*Output!G20 -> 189.13409 | H34: =H12/Output!H11*Output!H20 -> 200.0297 | I34: =I12/Output!I11*Output!I20 -> 779.8874 | ... BF34: =BF12/Output!BF11*Output!BF20 -> 142.70857 | BH34: =SUM(B34:AI34,AK34:AM34,AP34,AR34:AS34,AU34,AW34:BF34)/1000 -> 52.401102
A36: DAC Capacity (ktCO2/yr) | BH36: Total DAC Capacity (ktCO2/yr)
A38: 2028 | B38: =B5/Output!B4*Output!B31*0.0114 -> 0 | C38: =C5/Output!C4*Output!C31*0.0114 -> 0 | D38: =D5/Output!D4*Output!D31*0.0114 -> 0 | E38: =E5/Output!E4*Output!E31*0.0114 -> 0 | F38: =F5/Output!F4*Output!F31*0.0114 -> 0 | G38: =G5/Output!G4*Output!G31*0.0114 -> 0 | H38: =H5/Output!H4*Output!H31*0.0114 -> 0 | I38: =I5/Output!I4*Output!I31*0.0114 -> 0 | ... BF38: =BF5/Output!BF4*Output!BF31*0.0114 -> 0 | BH38: =SUM(B38:AI38,AK38:AM38,AP38,AR38:AS38,AU38,AW38:BF38) -> 82.327972
A39: 2029 | B39: =B6/Output!B5*Output!B32*0.0114 -> 0 | C39: =C6/Output!C5*Output!C32*0.0114 -> 0 | D39: =D6/Output!D5*Output!D32*0.0114 -> 0 | E39: =E6/Output!E5*Output!E32*0.0114 -> 0 | F39: =F6/Output!F5*Output!F32*0.0114 -> 0 | G39: =G6/Output!G5*Output!G32*0.0114 -> 0 | H39: =H6/Output!H5*Output!H32*0.0114 -> 0 | I39: =I6/Output!I5*Output!I32*0.0114 -> 0 | ... BF39: =BF6/Output!BF5*Output!BF32*0.0114 -> 0 | BH39: =SUM(B39:AI39,AK39:AM39,AP39,AR39:AS39,AU39,AW39:BF39) -> 136.32721
A40: 2030 | B40: =B7/Output!B6*Output!B33*0.0114 -> 0 | C40: =C7/Output!C6*Output!C33*0.0114 -> 0 | D40: =D7/Output!D6*Output!D33*0.0114 -> 0 | E40: =E7/Output!E6*Output!E33*0.0114 -> 0 | F40: =F7/Output!F6*Output!F33*0.0114 -> 0 | G40: =G7/Output!G6*Output!G33*0.0114 -> 0 | H40: =H7/Output!H6*Output!H33*0.0114 -> 0 | I40: =I7/Output!I6*Output!I33*0.0114 -> 0 | ... BF40: =BF7/Output!BF6*Output!BF33*0.0114 -> 0 | BH40: =SUM(B40:AI40,AK40:AM40,AP40,AR40:AS40,AU40,AW40:BF40) -> 0.20018716
A41: 2031 | B41: =B8/Output!B7*Output!B34*0.0114 -> 0 | C41: =C8/Output!C7*Output!C34*0.0114 -> 0 | D41: =D8/Output!D7*Output!D34*0.0114 -> 0 | E41: =E8/Output!E7*Output!E34*0.0114 -> 0 | F41: =F8/Output!F7*Output!F34*0.0114 -> 0 | G41: =G8/Output!G7*Output!G34*0.0114 -> 0 | H41: =H8/Output!H7*Output!H34*0.0114 -> 0 | I41: =I8/Output!I7*Output!I34*0.0114 -> 0 | ... BF41: =BF8/Output!BF7*Output!BF34*0.0114 -> 0 | BH41: =SUM(B41:AI41,AK41:AM41,AP41,AR41:AS41,AU41,AW41:BF41) -> 0.33468985
A42: 2032 | B42: =B9/Output!B8*Output!B35*0.0114 -> 0 | C42: =C9/Output!C8*Output!C35*0.0114 -> 0 | D42: =D9/Output!D8*Output!D35*0.0114 -> 0 | E42: =E9/Output!E8*Output!E35*0.0114 -> 0 | F42: =F9/Output!F8*Output!F35*0.0114 -> 0 | G42: =G9/Output!G8*Output!G35*0.0114 -> 0 | H42: =H9/Output!H8*Output!H35*0.0114 -> 0 | I42: =I9/Output!I8*Output!I35*0.0114 -> 0 | ... BF42: =BF9/Output!BF8*Output!BF35*0.0114 -> 0 | BH42: =SUM(B42:AI42,AK42:AM42,AP42,AR42:AS42,AU42,AW42:BF42) -> 0.33348647
A43: 2033 | B43: =B10/Output!B9*Output!B36*0.0114 -> 0 | C43: =C10/Output!C9*Output!C36*0.0114 -> 0 | D43: =D10/Output!D9*Output!D36*0.0114 -> 0 | E43: =E10/Output!E9*Output!E36*0.0114 -> 0 | F43: =F10/Output!F9*Output!F36*0.0114 -> 0 | G43: =G10/Output!G9*Output!G36*0.0114 -> 0 | H43: =H10/Output!H9*Output!H36*0.0114 -> 0 | I43: =I10/Output!I9*Output!I36*0.0114 -> 0 | ... BF43: =BF10/Output!BF9*Output!BF36*0.0114 -> 0 | BH43: =SUM(B43:AI43,AK43:AM43,AP43,AR43:AS43,AU43,AW43:BF43) -> 0.33121502
A44: 2034 | B44: =B11/Output!B10*Output!B37*0.0114 -> 0 | C44: =C11/Output!C10*Output!C37*0.0114 -> 0 | D44: =D11/Output!D10*Output!D37*0.0114 -> 0 | E44: =E11/Output!E10*Output!E37*0.0114 -> 0 | F44: =F11/Output!F10*Output!F37*0.0114 -> 0 | G44: =G11/Output!G10*Output!G37*0.0114 -> 0 | H44: =H11/Output!H10*Output!H37*0.0114 -> 0 | I44: =I11/Output!I10*Output!I37*0.0114 -> 0 | ... BF44: =BF11/Output!BF10*Output!BF37*0.0114 -> 0 | BH44: =SUM(B44:AI44,AK44:AM44,AP44,AR44:AS44,AU44,AW44:BF44) -> 0.4964317
A45: 2035 | B45: =B12/Output!B11*Output!B38*0.0114 -> 0 | C45: =C12/Output!C11*Output!C38*0.0114 -> 0 | D45: =D12/Output!D11*Output!D38*0.0114 -> 0 | E45: =E12/Output!E11*Output!E38*0.0114 -> 0 | F45: =F12/Output!F11*Output!F38*0.0114 -> 0 | G45: =G12/Output!G11*Output!G38*0.0114 -> 0 | H45: =H12/Output!H11*Output!H38*0.0114 -> 0 | I45: =I12/Output!I11*Output!I38*0.0114 -> 0 | ... BF45: =BF12/Output!BF11*Output!BF38*0.0114 -> 0 | BH45: =SUM(B45:AI45,AK45:AM45,AP45,AR45:AS45,AU45,AW45:BF45) -> 0.50564103
A47: Battery Storage Capacity (MWh) | BH47: Total Battery Storage Capacity (GWh)
A49: 2028 | B49: =B5/Output!B4*Output!B40 -> 0 | C49: =C5/Output!C4*Output!C40 -> 0 | D49: =D5/Output!D4*Output!D40 -> 0 | E49: =E5/Output!E4*Output!E40 -> 0 | F49: =F5/Output!F4*Output!F40 -> 0 | G49: =G5/Output!G4*Output!G40 -> 0 | H49: =H5/Output!H4*Output!H40 -> 0 | I49: =I5/Output!I4*Output!I40 -> 0 | ... BF49: =BF5/Output!BF4*Output!BF40 -> 0 | BH49: =SUM(B49:AI49,AK49:AM49,AP49,AR49:AS49,AU49,AW49:BF49)/1000 -> 112.65564
A50: 2029 | B50: =B6/Output!B5*Output!B41 -> 0 | C50: =C6/Output!C5*Output!C41 -> 0 | D50: =D6/Output!D5*Output!D41 -> 0 | E50: =E6/Output!E5*Output!E41 -> 0 | F50: =F6/Output!F5*Output!F41 -> 0 | G50: =G6/Output!G5*Output!G41 -> 0 | H50: =H6/Output!H5*Output!H41 -> 0 | I50: =I6/Output!I5*Output!I41 -> 0 | ... BF50: =BF6/Output!BF5*Output!BF41 -> 0 | BH50: =SUM(B50:AI50,AK50:AM50,AP50,AR50:AS50,AU50,AW50:BF50)/1000 -> 186.29824
A51: 2030 | B51: =B7/Output!B6*Output!B42 -> 0 | C51: =C7/Output!C6*Output!C42 -> 0 | D51: =D7/Output!D6*Output!D42 -> 0 | E51: =E7/Output!E6*Output!E42 -> 0 | F51: =F7/Output!F6*Output!F42 -> 0 | G51: =G7/Output!G6*Output!G42 -> 0 | H51: =H7/Output!H6*Output!H42 -> 0 | I51: =I7/Output!I6*Output!I42 -> 0 | ... BF51: =BF7/Output!BF6*Output!BF42 -> 0 | BH51: =SUM(B51:AI51,AK51:AM51,AP51,AR51:AS51,AU51,AW51:BF51)/1000 -> 3.3684141
A52: 2031 | B52: =B8/Output!B7*Output!B43 -> 0 | C52: =C8/Output!C7*Output!C43 -> 0 | D52: =D8/Output!D7*Output!D43 -> 0 | E52: =E8/Output!E7*Output!E43 -> 53.264182 | F52: =F8/Output!F7*Output!F43 -> 0 | G52: =G8/Output!G7*Output!G43 -> 0 | H52: =H8/Output!H7*Output!H43 -> 0 | I52: =I8/Output!I7*Output!I43 -> 0 | ... BF52: =BF8/Output!BF7*Output!BF43 -> 0 | BH52: =SUM(B52:AI52,AK52:AM52,AP52,AR52:AS52,AU52,AW52:BF52)/1000 -> 19.289976
A53: 2032 | B53: =B9/Output!B8*Output!B44 -> 0 | C53: =C9/Output!C8*Output!C44 -> 0 | D53: =D9/Output!D8*Output!D44 -> 0 | E53: =E9/Output!E8*Output!E44 -> 155.21808 | F53: =F9/Output!F8*Output!F44 -> 0 | G53: =G9/Output!G8*Output!G44 -> 72.880449 | H53: =H9/Output!H8*Output!H44 -> 0 | I53: =I9/Output!I8*Output!I44 -> 0 | ... BF53: =BF9/Output!BF8*Output!BF44 -> 0 | BH53: =SUM(B53:AI53,AK53:AM53,AP53,AR53:AS53,AU53,AW53:BF53)/1000 -> 46.824406
A54: 2033 | B54: =B10/Output!B9*Output!B45 -> 177.74349 | C54: =C10/Output!C9*Output!C45 -> 0 | D54: =D10/Output!D9*Output!D45 -> 314.38709 | E54: =E10/Output!E9*Output!E45 -> 261.70755 | F54: =F10/Output!F9*Output!F45 -> 0 | G54: =G10/Output!G9*Output!G45 -> 191.32549 | H54: =H10/Output!H9*Output!H45 -> 0 | I54: =I10/Output!I9*Output!I45 -> 0 | ... BF54: =BF10/Output!BF9*Output!BF45 -> 0 | BH54: =SUM(B54:AI54,AK54:AM54,AP54,AR54:AS54,AU54,AW54:BF54)/1000 -> 79.227788
A55: 2034 | B55: =B11/Output!B10*Output!B46 -> 452.73111 | C55: =C11/Output!C10*Output!C46 -> 0 | D55: =D11/Output!D10*Output!D46 -> 1400.2698 | E55: =E11/Output!E10*Output!E46 -> 382.39259 | F55: =F11/Output!F10*Output!F46 -> 0 | G55: =G11/Output!G10*Output!G46 -> 320.69188 | H55: =H11/Output!H10*Output!H46 -> 0 | I55: =I11/Output!I10*Output!I46 -> 138.62702 | ... BF55: =BF11/Output!BF10*Output!BF46 -> 0 | BH55: =SUM(B55:AI55,AK55:AM55,AP55,AR55:AS55,AU55,AW55:BF55)/1000 -> 115.73465
A56: 2035 | B56: =B12/Output!B11*Output!B47 -> 826.9024 | C56: =C12/Output!C11*Output!C47 -> 154.29971 | D56: =D12/Output!D11*Output!D47 -> 2735.9403 | E56: =E12/Output!E11*Output!E47 -> 520.33869 | F56: =F12/Output!F11*Output!F47 -> 0 | G56: =G12/Output!G11*Output!G47 -> 518.16823 | H56: =H12/Output!H11*Output!H47 -> 0 | I56: =I12/Output!I11*Output!I47 -> 432.98876 | ... BF56: =BF12/Output!BF11*Output!BF47 -> 0 | BH56: =SUM(B56:AI56,AK56:AM56,AP56,AR56:AS56,AU56,AW56:BF56)/1000 -> 193.036
A58: Total cost of energy ($bn) | BH58: Total cost of energy ($bn)
A60: 2028 | B60: =B5*Output!B49/10^9 -> 0.3103669 | C60: =C5*Output!C49/10^9 -> 0.3153669 | D60: =D5*Output!D49/10^9 -> 1.9483524 | E60: =E5*Output!E49/10^9 -> 0.084404636 | F60: =F5*Output!F49/10^9 -> 0.37897246 | G60: =G5*Output!G49/10^9 -> 0.34247926 | H60: =H5*Output!H49/10^9 -> 0.40006755 | I60: =I5*Output!I49/10^9 -> 0.27700502 | ... BF60: =BF5*Output!BF49/10^9 -> 0.042423885 | BH60: =SUM(B60:AI60,AK60:AM60,AP60,AR60:AS60,AU60,AW60:BF60) -> 72.275444
A61: 2029 | B61: =B6*Output!B50/10^9 -> 0.34567601 | C61: =C6*Output!C50/10^9 -> 0.34956227 | D61: =D6*Output!D50/10^9 -> 2.2292981 | E61: =E6*Output!E50/10^9 -> 0.096540688 | F61: =F6*Output!F50/10^9 -> 0.43630756 | G61: =G6*Output!G50/10^9 -> 0.38096239 | H61: =H6*Output!H50/10^9 -> 0.44013809 | I61: =I6*Output!I50/10^9 -> 0.31511686 | ... BF61: =BF6*Output!BF50/10^9 -> 0.047695755 | BH61: =SUM(B61:AI61,AK61:AM61,AP61,AR61:AS61,AU61,AW61:BF61) -> 87.966841
A62: 2030 | B62: =B7*Output!B51/10^9 -> 0.35146129 | C62: =C7*Output!C51/10^9 -> 0.35302454 | D62: =D7*Output!D51/10^9 -> 2.3294238 | E62: =E7*Output!E51/10^9 -> 0.1019999 | F62: =F7*Output!F51/10^9 -> 0.4593802 | G62: =G7*Output!G51/10^9 -> 0.387191 | H62: =H7*Output!H51/10^9 -> 0.44011049 | I62: =I7*Output!I51/10^9 -> 0.32810791 | ... BF62: =BF7*Output!BF51/10^9 -> 0.049874398 | BH62: =SUM(B62:AI62,AK62:AM62,AP62,AR62:AS62,AU62,AW62:BF62) -> 79.442165
A63: 2031 | B63: =B8*Output!B52/10^9 -> 0.32943457 | C63: =C8*Output!C52/10^9 -> 0.32580874 | D63: =D8*Output!D52/10^9 -> 2.2303072 | E63: =E8*Output!E52/10^9 -> 0.10079675 | F63: =F8*Output!F52/10^9 -> 0.44409469 | G63: =G8*Output!G52/10^9 -> 0.36060154 | H63: =H8*Output!H52/10^9 -> 0.40201909 | I63: =I8*Output!I52/10^9 -> 0.31629192 | ... BF63: =BF8*Output!BF52/10^9 -> 0.048107114 | BH63: =SUM(B63:AI63,AK63:AM63,AP63,AR63:AS63,AU63,AW63:BF63) -> 78.99146
A64: 2032 | B64: =B9*Output!B53/10^9 -> 0.28816549 | C64: =C9*Output!C53/10^9 -> 0.27732994 | D64: =D9*Output!D53/10^9 -> 1.9738483 | E64: =E9*Output!E53/10^9 -> 0.093129025 | F64: =F9*Output!F53/10^9 -> 0.39739906 | G64: =G9*Output!G53/10^9 -> 0.31090617 | H64: =H9*Output!H53/10^9 -> 0.33723808 | I64: =I9*Output!I53/10^9 -> 0.28563936 | ... BF64: =BF9*Output!BF53/10^9 -> 0.043410835 | BH64: =SUM(B64:AI64,AK64:AM64,AP64,AR64:AS64,AU64,AW64:BF64) -> 73.116183
A65: 2033 | B65: =B10*Output!B54/10^9 -> 0.25269651 | C65: =C10*Output!C54/10^9 -> 0.23293051 | D65: =D10*Output!D54/10^9 -> 1.7228185 | E65: =E10*Output!E54/10^9 -> 0.085959853 | F65: =F10*Output!F54/10^9 -> 0.35210028 | G65: =G10*Output!G54/10^9 -> 0.26452668 | H65: =H10*Output!H54/10^9 -> 0.27747065 | I65: =I10*Output!I54/10^9 -> 0.26097363 | ... BF65: =BF10*Output!BF54/10^9 -> 0.039575696 | BH65: =SUM(B65:AI65,AK65:AM65,AP65,AR65:AS65,AU65,AW65:BF65) -> 67.083266
A66: 2034 | B66: =B11*Output!B55/10^9 -> 0.22303874 | C66: =C11*Output!C55/10^9 -> 0.19381621 | D66: =D11*Output!D55/10^9 -> 1.4810578 | E66: =E11*Output!E55/10^9 -> 0.079762426 | F66: =F11*Output!F55/10^9 -> 0.31114056 | G66: =G11*Output!G55/10^9 -> 0.22246249 | H66: =H11*Output!H55/10^9 -> 0.22359687 | I66: =I11*Output!I55/10^9 -> 0.24504246 | ... BF66: =BF11*Output!BF55/10^9 -> 0.03688108 | BH66: =SUM(B66:AI66,AK66:AM66,AP66,AR66:AS66,AU66,AW66:BF66) -> 61.630353
A67: 2035 | B67: =B12*Output!B56/10^9 -> 0.19721523 | C67: =C12*Output!C56/10^9 -> 0.15879438 | D67: =D12*Output!D56/10^9 -> 1.2415512 | E67: =E12*Output!E56/10^9 -> 0.074530397 | F67: =F12*Output!F56/10^9 -> 0.27490612 | G67: =G12*Output!G56/10^9 -> 0.18400661 | H67: =H12*Output!H56/10^9 -> 0.17397656 | I67: =I12*Output!I56/10^9 -> 0.23715792 | ... BF67: =BF12*Output!BF56/10^9 -> 0.035482934 | BH67: =SUM(B67:AI67,AK67:AM67,AP67,AR67:AS67,AU67,AW67:BF67) -> 56.671633
B68: =SUM(B60:B67) -> 2.2980547 | C68: =SUM(C60:C67) -> 2.2066335 | D68: =SUM(D60:D67) -> 15.156657 | E68: =SUM(E60:E67) -> 0.71712368 | F68: =SUM(F60:F67) -> 3.0543009 | G68: =SUM(G60:G67) -> 2.4531361 | H68: =SUM(H60:H67) -> 2.6946174 | I68: =SUM(I60:I67) -> 2.2653351 | ... BF68: =SUM(BF60:BF67) -> 0.3434517
A69: Battery Interface Capacity (MW) | BH69: Total Battery Interface Capacity (GW)
A71: 2028 | B71: =B5/Output!B4*Output!B58 -> 0 | C71: =C5/Output!C4*Output!C58 -> 0 | D71: =D5/Output!D4*Output!D58 -> 0 | E71: =E5/Output!E4*Output!E58 -> 0 | F71: =F5/Output!F4*Output!F58 -> 0 | G71: =G5/Output!G4*Output!G58 -> 0 | H71: =H5/Output!H4*Output!H58 -> 0 | I71: =I5/Output!I4*Output!I58 -> 0 | ... BF71: =BF5/Output!BF4*Output!BF58 -> 0 | BH71: =SUM(B71:AI71,AK71:AM71,AP71,AR71:AS71,AU71,AW71:BF71)/1000 -> 112.65417
A72: 2029 | B72: =B6/Output!B5*Output!B59 -> 0 | C72: =C6/Output!C5*Output!C59 -> 0 | D72: =D6/Output!D5*Output!D59 -> 0 | E72: =E6/Output!E5*Output!E59 -> 0 | F72: =F6/Output!F5*Output!F59 -> 0 | G72: =G6/Output!G5*Output!G59 -> 0 | H72: =H6/Output!H5*Output!H59 -> 0 | I72: =I6/Output!I5*Output!I59 -> 0 | ... BF72: =BF6/Output!BF5*Output!BF59 -> 0 | BH72: =SUM(B72:AI72,AK72:AM72,AP72,AR72:AS72,AU72,AW72:BF72)/1000 -> 186.29196
A73: 2030 | B73: =B7/Output!B6*Output!B60 -> 0 | C73: =C7/Output!C6*Output!C60 -> 0 | D73: =D7/Output!D6*Output!D60 -> 0 | E73: =E7/Output!E6*Output!E60 -> 0 | F73: =F7/Output!F6*Output!F60 -> 0 | G73: =G7/Output!G6*Output!G60 -> 0 | H73: =H7/Output!H6*Output!H60 -> 0 | I73: =I7/Output!I6*Output!I60 -> 0 | ... BF73: =BF7/Output!BF6*Output!BF60 -> 0 | BH73: =SUM(B73:AI73,AK73:AM73,AP73,AR73:AS73,AU73,AW73:BF73)/1000 -> 0.84379593
A74: 2031 | B74: =B8/Output!B7*Output!B61 -> 0 | C74: =C8/Output!C7*Output!C61 -> 0 | D74: =D8/Output!D7*Output!D61 -> 0 | E74: =E8/Output!E7*Output!E61 -> 14.632669 | F74: =F8/Output!F7*Output!F61 -> 0 | G74: =G8/Output!G7*Output!G61 -> 0 | H74: =H8/Output!H7*Output!H61 -> 0 | I74: =I8/Output!I7*Output!I61 -> 0 | ... BF74: =BF8/Output!BF7*Output!BF61 -> 0 | BH74: =SUM(B74:AI74,AK74:AM74,AP74,AR74:AS74,AU74,AW74:BF74)/1000 -> 5.0859735
A75: 2032 | B75: =B9/Output!B8*Output!B62 -> 0 | C75: =C9/Output!C8*Output!C62 -> 0 | D75: =D9/Output!D8*Output!D62 -> 0 | E75: =E9/Output!E8*Output!E62 -> 36.062333 | F75: =F9/Output!F8*Output!F62 -> 0 | G75: =G9/Output!G8*Output!G62 -> 20.151444 | H75: =H9/Output!H8*Output!H62 -> 0 | I75: =I9/Output!I8*Output!I62 -> 0 | ... BF75: =BF9/Output!BF8*Output!BF62 -> 0 | BH75: =SUM(B75:AI75,AK75:AM75,AP75,AR75:AS75,AU75,AW75:BF75)/1000 -> 11.052527
A76: 2033 | B76: =B10/Output!B9*Output!B63 -> 35.509199 | C76: =C10/Output!C9*Output!C63 -> 0 | D76: =D10/Output!D9*Output!D63 -> 91.004584 | E76: =E10/Output!E9*Output!E63 -> 54.502963 | F76: =F10/Output!F9*Output!F63 -> 0 | G76: =G10/Output!G9*Output!G63 -> 44.792031 | H76: =H10/Output!H9*Output!H63 -> 0 | I76: =I10/Output!I9*Output!I63 -> 0 | ... BF76: =BF10/Output!BF9*Output!BF63 -> 0 | BH76: =SUM(B76:AI76,AK76:AM76,AP76,AR76:AS76,AU76,AW76:BF76)/1000 -> 16.965868
A77: 2034 | B77: =B11/Output!B10*Output!B64 -> 79.159792 | C77: =C11/Output!C10*Output!C64 -> 0 | D77: =D11/Output!D10*Output!D64 -> 329.87849 | E77: =E11/Output!E10*Output!E64 -> 73.225073 | F77: =F11/Output!F10*Output!F64 -> 0 | G77: =G11/Output!G10*Output!G64 -> 66.073306 | H77: =H11/Output!H10*Output!H64 -> 0 | I77: =I11/Output!I10*Output!I64 -> 29.609981 | ... BF77: =BF11/Output!BF10*Output!BF64 -> 0 | BH77: =SUM(B77:AI77,AK77:AM77,AP77,AR77:AS77,AU77,AW77:BF77)/1000 -> 23.328981
A78: 2035 | B78: =B12/Output!B11*Output!B65 -> 139.90898 | C78: =C12/Output!C11*Output!C65 -> 33.406973 | D78: =D12/Output!D11*Output!D65 -> 562.97714 | E78: =E12/Output!E11*Output!E65 -> 92.141762 | F78: =F12/Output!F11*Output!F65 -> 0 | G78: =G12/Output!G11*Output!G65 -> 96.030266 | H78: =H12/Output!H11*Output!H65 -> 0 | I78: =I12/Output!I11*Output!I65 -> 80.644156 | ... BF78: =BF12/Output!BF11*Output!BF65 -> 0 | BH78: =SUM(B78:AI78,AK78:AM78,AP78,AR78:AS78,AU78,AW78:BF78)/1000 -> 39.343674
A80: Heat Pump Capacity (MW) | BH80: Total Heat Pump Capacity (GW)
A82: 2028 | B82: =B5/Output!B4*Output!B67 -> 0 | C82: =C5/Output!C4*Output!C67 -> 0 | D82: =D5/Output!D4*Output!D67 -> 0 | E82: =E5/Output!E4*Output!E67 -> 0 | F82: =F5/Output!F4*Output!F67 -> 0 | G82: =G5/Output!G4*Output!G67 -> 0 | H82: =H5/Output!H4*Output!H67 -> 0 | I82: =I5/Output!I4*Output!I67 -> 0 | ... BF82: =BF5/Output!BF4*Output!BF67 -> 0 | BH82: =SUM(B82:AI82,AK82:AM82,AP82,AR82:AS82,AU82,AW82:BF82)/1000 -> 54.198278
A83: 2029 | B83: =B6/Output!B5*Output!B68 -> 0 | C83: =C6/Output!C5*Output!C68 -> 0 | D83: =D6/Output!D5*Output!D68 -> 0 | E83: =E6/Output!E5*Output!E68 -> 0 | F83: =F6/Output!F5*Output!F68 -> 0 | G83: =G6/Output!G5*Output!G68 -> 0 | H83: =H6/Output!H5*Output!H68 -> 0 | I83: =I6/Output!I5*Output!I68 -> 0 | ... BF83: =BF6/Output!BF5*Output!BF68 -> 0 | BH83: =SUM(B83:AI83,AK83:AM83,AP83,AR83:AS83,AU83,AW83:BF83)/1000 -> 89.763429
A84: 2030 | B84: =B7/Output!B6*Output!B69 -> 0 | C84: =C7/Output!C6*Output!C69 -> 0 | D84: =D7/Output!D6*Output!D69 -> 0 | E84: =E7/Output!E6*Output!E69 -> 0 | F84: =F7/Output!F6*Output!F69 -> 0 | G84: =G7/Output!G6*Output!G69 -> 0 | H84: =H7/Output!H6*Output!H69 -> 0 | I84: =I7/Output!I6*Output!I69 -> 0 | ... BF84: =BF7/Output!BF6*Output!BF69 -> 0 | BH84: =SUM(B84:AI84,AK84:AM84,AP84,AR84:AS84,AU84,AW84:BF84)/1000 -> 0.10083928
A85: 2031 | B85: =B8/Output!B7*Output!B70 -> 0 | C85: =C8/Output!C7*Output!C70 -> 0 | D85: =D8/Output!D7*Output!D70 -> 0 | E85: =E8/Output!E7*Output!E70 -> 0 | F85: =F8/Output!F7*Output!F70 -> 0 | G85: =G8/Output!G7*Output!G70 -> 0 | H85: =H8/Output!H7*Output!H70 -> 0 | I85: =I8/Output!I7*Output!I70 -> 0 | ... BF85: =BF8/Output!BF7*Output!BF70 -> 0 | BH85: =SUM(B85:AI85,AK85:AM85,AP85,AR85:AS85,AU85,AW85:BF85)/1000 -> 0.13441806
A86: 2032 | B86: =B9/Output!B8*Output!B71 -> 0 | C86: =C9/Output!C8*Output!C71 -> 0 | D86: =D9/Output!D8*Output!D71 -> 0 | E86: =E9/Output!E8*Output!E71 -> 0 | F86: =F9/Output!F8*Output!F71 -> 0 | G86: =G9/Output!G8*Output!G71 -> 0 | H86: =H9/Output!H8*Output!H71 -> 0 | I86: =I9/Output!I8*Output!I71 -> 0 | ... BF86: =BF9/Output!BF8*Output!BF71 -> 0 | BH86: =SUM(B86:AI86,AK86:AM86,AP86,AR86:AS86,AU86,AW86:BF86)/1000 -> 0.1632108
A87: 2033 | B87: =B10/Output!B9*Output!B72 -> 0 | C87: =C10/Output!C9*Output!C72 -> 0 | D87: =D10/Output!D9*Output!D72 -> 0 | E87: =E10/Output!E9*Output!E72 -> 0 | F87: =F10/Output!F9*Output!F72 -> 0 | G87: =G10/Output!G9*Output!G72 -> 0 | H87: =H10/Output!H9*Output!H72 -> 0 | I87: =I10/Output!I9*Output!I72 -> 0 | ... BF87: =BF10/Output!BF9*Output!BF72 -> 0 | BH87: =SUM(B87:AI87,AK87:AM87,AP87,AR87:AS87,AU87,AW87:BF87)/1000 -> 0.18856186
A88: 2034 | B88: =B11/Output!B10*Output!B73 -> 0 | C88: =C11/Output!C10*Output!C73 -> 0 | D88: =D11/Output!D10*Output!D73 -> 0 | E88: =E11/Output!E10*Output!E73 -> 0 | F88: =F11/Output!F10*Output!F73 -> 0 | G88: =G11/Output!G10*Output!G73 -> 0 | H88: =H11/Output!H10*Output!H73 -> 0 | I88: =I11/Output!I10*Output!I73 -> 0 | ... BF88: =BF11/Output!BF10*Output!BF73 -> 0 | BH88: =SUM(B88:AI88,AK88:AM88,AP88,AR88:AS88,AU88,AW88:BF88)/1000 -> 0.22083174
A89: 2035 | B89: =B12/Output!B11*Output!B74 -> 0 | C89: =C12/Output!C11*Output!C74 -> 0 | D89: =D12/Output!D11*Output!D74 -> 0 | E89: =E12/Output!E11*Output!E74 -> 0 | F89: =F12/Output!F11*Output!F74 -> 0 | G89: =G12/Output!G11*Output!G74 -> 0 | H89: =H12/Output!H11*Output!H74 -> 0 | I89: =I12/Output!I11*Output!I74 -> 0 | ... BF89: =BF12/Output!BF11*Output!BF74 -> 0 | BH89: =SUM(B89:AI89,AK89:AM89,AP89,AR89:AS89,AU89,AW89:BF89)/1000 -> 0.23917995
A91: Emissions avoided (kgCO2) | BH91: Total avoided emissions (GtCO2)
A93: 2028 | B93: =B5/Output!B4*Output!B76 -> 4871447.5 | C93: =C5/Output!C4*Output!C76 -> 7007999.6 | D93: =D5/Output!D4*Output!D76 -> 3.7317452e+08 | E93: =E5/Output!E4*Output!E76 -> 15526737 | F93: =F5/Output!F4*Output!F76 -> 36812164 | G93: =G5/Output!G4*Output!G76 -> 45195823 | H93: =H5/Output!H4*Output!H76 -> 8383788.9 | I93: =I5/Output!I4*Output!I76 -> 5033548.7 | ... BF93: =BF5/Output!BF4*Output!BF76 -> 13874901 | BH93: =SUM(B93:AI93,AK93:AM93,AP93,AR93:AS93,AU93,AW93:BF93)/10^9 -> 13.659865
A94: 2029 | B94: =B6/Output!B5*Output!B77 -> 11118420 | C94: =C6/Output!C5*Output!C77 -> 16130432 | D94: =D6/Output!D5*Output!D77 -> 9.2253572e+08 | E94: =E6/Output!E5*Output!E77 -> 37542037 | F94: =F6/Output!F5*Output!F77 -> 90467473 | G94: =G6/Output!G5*Output!G77 -> 1.1014467e+08 | H94: =H6/Output!H5*Output!H77 -> 19819180 | I94: =I6/Output!I5*Output!I77 -> 10150106 | ... BF94: =BF6/Output!BF5*Output!BF77 -> 31871679 | BH94: =SUM(B94:AI94,AK94:AM94,AP94,AR94:AS94,AU94,AW94:BF94)/10^9 -> 33.862728
A95: 2030 | B95: =B7/Output!B6*Output!B78 -> 17678558 | C95: =C7/Output!C6*Output!C78 -> 25715929 | D95: =D7/Output!D6*Output!D78 -> 1.5761157e+09 | E95: =E7/Output!E6*Output!E78 -> 62562016 | F95: =F7/Output!F6*Output!F78 -> 1.5353929e+08 | G95: =G7/Output!G6*Output!G78 -> 1.851559e+08 | H95: =H7/Output!H6*Output!H78 -> 32405958 | I95: =I7/Output!I6*Output!I78 -> 14501000 | ... BF95: =BF7/Output!BF6*Output!BF78 -> 50080641 | BH95: =SUM(B95:AI95,AK95:AM95,AP95,AR95:AS95,AU95,AW95:BF95)/10^9 -> 58.015165
A96: 2031 | B96: =B8/Output!B7*Output!B79 -> 22001506 | C96: =C8/Output!C7*Output!C79 -> 34243206 | D96: =D8/Output!D7*Output!D79 -> 2.1571712e+09 | E96: =E8/Output!E7*Output!E79 -> 82065107 | F96: =F8/Output!F7*Output!F79 -> 2.1018664e+08 | G96: =G8/Output!G7*Output!G79 -> 2.4420471e+08 | H96: =H8/Output!H7*Output!H79 -> 40860957 | I96: =I8/Output!I7*Output!I79 -> 10707071 | ... BF96: =BF8/Output!BF7*Output!BF79 -> 59465600 | BH96: =SUM(B96:AI96,AK96:AM96,AP96,AR96:AS96,AU96,AW96:BF96)/10^9 -> 80.314274
A97: 2032 | B97: =B9/Output!B8*Output!B80 -> 26901338 | C97: =C9/Output!C8*Output!C80 -> 41773562 | D97: =D9/Output!D8*Output!D80 -> 2.5838898e+09 | E97: =E9/Output!E8*Output!E80 -> 94450150 | F97: =F9/Output!F8*Output!F80 -> 2.5397177e+08 | G97: =G9/Output!G8*Output!G80 -> 2.8331013e+08 | H97: =H9/Output!H8*Output!H80 -> 46546832 | I97: =I9/Output!I8*Output!I80 -> 12352100 | ... BF97: =BF9/Output!BF8*Output!BF80 -> 71893080 | BH97: =SUM(B97:AI97,AK97:AM97,AP97,AR97:AS97,AU97,AW97:BF97)/10^9 -> 98.023565
A98: 2033 | B98: =B10/Output!B9*Output!B81 -> 31692207 | C98: =C10/Output!C9*Output!C81 -> 49102838 | D98: =D10/Output!D9*Output!D81 -> 2.9568441e+09 | E98: =E10/Output!E9*Output!E81 -> 1.0473443e+08 | F98: =F10/Output!F9*Output!F81 -> 2.9549306e+08 | G98: =G10/Output!G9*Output!G81 -> 3.1641465e+08 | H98: =H10/Output!H9*Output!H81 -> 51129957 | I98: =I10/Output!I9*Output!I81 -> 13752499 | ... BF98: =BF10/Output!BF9*Output!BF81 -> 83770586 | BH98: =SUM(B98:AI98,AK98:AM98,AP98,AR98:AS98,AU98,AW98:BF98)/10^9 -> 114.05594
A99: 2034 | B99: =B11/Output!B10*Output!B82 -> 36699406 | C99: =C11/Output!C10*Output!C82 -> 56736356 | D99: =D11/Output!D10*Output!D82 -> 3.2953365e+09 | E99: =E11/Output!E10*Output!E82 -> 1.1416625e+08 | F99: =F11/Output!F10*Output!F82 -> 3.3762204e+08 | G99: =G11/Output!G10*Output!G82 -> 3.4708859e+08 | H99: =H11/Output!H10*Output!H82 -> 55255471 | I99: =I11/Output!I10*Output!I82 -> 15076106 | ... BF99: =BF11/Output!BF10*Output!BF82 -> 95944484 | BH99: =SUM(B99:AI99,AK99:AM99,AP99,AR99:AS99,AU99,AW99:BF99)/10^9 -> 128.94035
A100: 2035 | B100: =B12/Output!B11*Output!B83 -> 42058196 | C100: =C12/Output!C11*Output!C83 -> 64881723 | D100: =D12/Output!D11*Output!D83 -> 3.6019343e+09 | E100: =E12/Output!E11*Output!E83 -> 1.2318312e+08 | F100: =F12/Output!F11*Output!F83 -> 3.8140969e+08 | G100: =G12/Output!G11*Output!G83 -> 3.7653326e+08 | H100: =H12/Output!H11*Output!H83 -> 59154129 | I100: =I12/Output!I11*Output!I83 -> 16384850 | ... BF100: =BF12/Output!BF11*Output!BF83 -> 1.0871912e+08 | BH100: =SUM(B100:AI100,AK100:AM100,AP100,AR100:AS100,AU100,AW100:BF100)/10^9 -> 142.62287
A102: Carbon Captured (kgCO2) | BH102: Total carbon captured (GtCO2)
A104: 2028 | B104: =B5/Output!B4*Output!B85 -> 0 | C104: =C5/Output!C4*Output!C85 -> 0 | D104: =D5/Output!D4*Output!D85 -> 0 | E104: =E5/Output!E4*Output!E85 -> 0 | F104: =F5/Output!F4*Output!F85 -> 0 | G104: =G5/Output!G4*Output!G85 -> 0 | H104: =H5/Output!H4*Output!H85 -> 0 | I104: =I5/Output!I4*Output!I85 -> 0 | ... BF104: =BF5/Output!BF4*Output!BF85 -> 0 | BH104: =SUM(B104:AI104,AK104:AM104,AP104,AR104:AS104,AU104,AW104:BF104)/10^9 -> 0.33424032
A105: 2029 | B105: =B6/Output!B5*Output!B86 -> 0 | C105: =C6/Output!C5*Output!C86 -> 0 | D105: =D6/Output!D5*Output!D86 -> 0 | E105: =E6/Output!E5*Output!E86 -> 0 | F105: =F6/Output!F5*Output!F86 -> 0 | G105: =G6/Output!G5*Output!G86 -> 0 | H105: =H6/Output!H5*Output!H86 -> 0 | I105: =I6/Output!I5*Output!I86 -> 0 | ... BF105: =BF6/Output!BF5*Output!BF86 -> 0 | BH105: =SUM(B105:AI105,AK105:AM105,AP105,AR105:AS105,AU105,AW105:BF105)/10^9 -> 0.80985545
A106: 2030 | B106: =B7/Output!B6*Output!B87 -> 0 | C106: =C7/Output!C6*Output!C87 -> 0 | D106: =D7/Output!D6*Output!D87 -> 0 | E106: =E7/Output!E6*Output!E87 -> 0 | F106: =F7/Output!F6*Output!F87 -> 0 | G106: =G7/Output!G6*Output!G87 -> 0 | H106: =H7/Output!H6*Output!H87 -> 0 | I106: =I7/Output!I6*Output!I87 -> 0 | ... BF106: =BF7/Output!BF6*Output!BF87 -> 0 | BH106: =SUM(B106:AI106,AK106:AM106,AP106,AR106:AS106,AU106,AW106:BF106)/10^9 -> 1.1954942
A107: 2031 | B107: =B8/Output!B7*Output!B88 -> 0 | C107: =C8/Output!C7*Output!C88 -> 0 | D107: =D8/Output!D7*Output!D88 -> 0 | E107: =E8/Output!E7*Output!E88 -> 0 | F107: =F8/Output!F7*Output!F88 -> 0 | G107: =G8/Output!G7*Output!G88 -> 0 | H107: =H8/Output!H7*Output!H88 -> 0 | I107: =I8/Output!I7*Output!I88 -> 0 | ... BF107: =BF8/Output!BF7*Output!BF88 -> 0 | BH107: =SUM(B107:AI107,AK107:AM107,AP107,AR107:AS107,AU107,AW107:BF107)/10^9 -> 1.5404321
A108: 2032 | B108: =B9/Output!B8*Output!B89 -> 0 | C108: =C9/Output!C8*Output!C89 -> 0 | D108: =D9/Output!D8*Output!D89 -> 0 | E108: =E9/Output!E8*Output!E89 -> 0 | F108: =F9/Output!F8*Output!F89 -> 0 | G108: =G9/Output!G8*Output!G89 -> 0 | H108: =H9/Output!H8*Output!H89 -> 0 | I108: =I9/Output!I8*Output!I89 -> 0 | ... BF108: =BF9/Output!BF8*Output!BF89 -> 0 | BH108: =SUM(B108:AI108,AK108:AM108,AP108,AR108:AS108,AU108,AW108:BF108)/10^9 -> 1.8686146
A109: 2033 | B109: =B10/Output!B9*Output!B90 -> 0 | C109: =C10/Output!C9*Output!C90 -> 0 | D109: =D10/Output!D9*Output!D90 -> 0 | E109: =E10/Output!E9*Output!E90 -> 0 | F109: =F10/Output!F9*Output!F90 -> 0 | G109: =G10/Output!G9*Output!G90 -> 0 | H109: =H10/Output!H9*Output!H90 -> 0 | I109: =I10/Output!I9*Output!I90 -> 0 | ... BF109: =BF10/Output!BF9*Output!BF90 -> 0 | BH109: =SUM(B109:AI109,AK109:AM109,AP109,AR109:AS109,AU109,AW109:BF109)/10^9 -> 2.1706723
A110: 2034 | B110: =B11/Output!B10*Output!B91 -> 0 | C110: =C11/Output!C10*Output!C91 -> 0 | D110: =D11/Output!D10*Output!D91 -> 0 | E110: =E11/Output!E10*Output!E91 -> 0 | F110: =F11/Output!F10*Output!F91 -> 0 | G110: =G11/Output!G10*Output!G91 -> 0 | H110: =H11/Output!H10*Output!H91 -> 0 | I110: =I11/Output!I10*Output!I91 -> 0 | ... BF110: =BF11/Output!BF10*Output!BF91 -> 0 | BH110: =SUM(B110:AI110,AK110:AM110,AP110,AR110:AS110,AU110,AW110:BF110)/10^9 -> 2.4610237
A111: 2035 | B111: =B12/Output!B11*Output!B92 -> 0 | C111: =C12/Output!C11*Output!C92 -> 0 | D111: =D12/Output!D11*Output!D92 -> 0 | E111: =E12/Output!E11*Output!E92 -> 0 | F111: =F12/Output!F11*Output!F92 -> 0 | G111: =G12/Output!G11*Output!G92 -> 0 | H111: =H12/Output!H11*Output!H92 -> 0 | I111: =I12/Output!I11*Output!I92 -> 0 | ... BF111: =BF12/Output!BF11*Output!BF92 -> 0 | BH111: =SUM(B111:AI111,AK111:AM111,AP111,AR111:AS111,AU111,AW111:BF111)/10^9 -> 2.7413873
A113: Solar Power Supplied (kWh) | BH113: Total solar power supplied (TWh)
A115: 2028 | B115: =B5/Output!B4*Output!B94 -> 0 | C115: =C5/Output!C4*Output!C94 -> 16232403 | D115: =D5/Output!D4*Output!D94 -> 3.6984708e+08 | E115: =E5/Output!E4*Output!E94 -> 24477431 | F115: =F5/Output!F4*Output!F94 -> 1.0729474e+08 | G115: =G5/Output!G4*Output!G94 -> 30417788 | H115: =H5/Output!H4*Output!H94 -> 0 | I115: =I5/Output!I4*Output!I94 -> 0 | ... BF115: =BF5/Output!BF4*Output!BF94 -> 9922202.4 | BH115: =SUM(B115:AI115,AK115:AM115,AP115,AR115:AS115,AU115,AW115:BF115)/10^9 -> 20.214194
A116: 2029 | B116: =B6/Output!B5*Output!B95 -> 0 | C116: =C6/Output!C5*Output!C95 -> 46451775 | D116: =D6/Output!D5*Output!D95 -> 9.335105e+08 | E116: =E6/Output!E5*Output!E95 -> 65623196 | F116: =F6/Output!F5*Output!F95 -> 2.6978007e+08 | G116: =G6/Output!G5*Output!G95 -> 89329819 | H116: =H6/Output!H5*Output!H95 -> 0 | I116: =I6/Output!I5*Output!I95 -> 0 | ... BF116: =BF6/Output!BF5*Output!BF95 -> 0 | BH116: =SUM(B116:AI116,AK116:AM116,AP116,AR116:AS116,AU116,AW116:BF116)/10^9 -> 51.865468
A117: 2030 | B117: =B7/Output!B6*Output!B96 -> 0 | C117: =C7/Output!C6*Output!C96 -> 88469776 | D117: =D7/Output!D6*Output!D96 -> 1.627606e+09 | E117: =E7/Output!E6*Output!E96 -> 1.1931855e+08 | F117: =F7/Output!F6*Output!F96 -> 4.6670859e+08 | G117: =G7/Output!G6*Output!G96 -> 1.7336029e+08 | H117: =H7/Output!H6*Output!H96 -> 0 | I117: =I7/Output!I6*Output!I96 -> 0 | ... BF117: =BF7/Output!BF6*Output!BF96 -> 0 | BH117: =SUM(B117:AI117,AK117:AM117,AP117,AR117:AS117,AU117,AW117:BF117)/10^9 -> 92.13172
A118: 2031 | B118: =B8/Output!B7*Output!B97 -> 0 | C118: =C8/Output!C7*Output!C97 -> 1.1745041e+08 | D118: =D8/Output!D7*Output!D97 -> 2.2579616e+09 | E118: =E8/Output!E7*Output!E97 -> 1.6093761e+08 | F118: =F8/Output!F7*Output!F97 -> 6.425038e+08 | G118: =G8/Output!G7*Output!G97 -> 2.2622928e+08 | H118: =H8/Output!H7*Output!H97 -> 0 | I118: =I8/Output!I7*Output!I97 -> 0 | ... BF118: =BF8/Output!BF7*Output!BF97 -> 0 | BH118: =SUM(B118:AI118,AK118:AM118,AP118,AR118:AS118,AU118,AW118:BF118)/10^9 -> 131.02143
A119: 2032 | B119: =B9/Output!B8*Output!B98 -> 0 | C119: =C9/Output!C8*Output!C98 -> 1.391767e+08 | D119: =D9/Output!D8*Output!D98 -> 2.7519354e+09 | E119: =E9/Output!E8*Output!E98 -> 1.9037513e+08 | F119: =F9/Output!F8*Output!F98 -> 7.7735271e+08 | G119: =G9/Output!G8*Output!G98 -> 2.5783317e+08 | H119: =H9/Output!H8*Output!H98 -> 0 | I119: =I9/Output!I8*Output!I98 -> 0 | ... BF119: =BF9/Output!BF8*Output!BF98 -> 0 | BH119: =SUM(B119:AI119,AK119:AM119,AP119,AR119:AS119,AU119,AW119:BF119)/10^9 -> 163.57884
A120: 2033 | B120: =B10/Output!B9*Output!B99 -> 0 | C120: =C10/Output!C9*Output!C99 -> 1.5880318e+08 | D120: =D10/Output!D9*Output!D99 -> 3.2084502e+09 | E120: =E10/Output!E9*Output!E99 -> 2.168739e+08 | F120: =F10/Output!F9*Output!F99 -> 9.0437259e+08 | G120: =G10/Output!G9*Output!G99 -> 2.8154831e+08 | H120: =H10/Output!H9*Output!H99 -> 0 | I120: =I10/Output!I9*Output!I99 -> 0 | ... BF120: =BF10/Output!BF9*Output!BF99 -> 0 | BH120: =SUM(B120:AI120,AK120:AM120,AP120,AR120:AS120,AU120,AW120:BF120)/10^9 -> 194.98026
A121: 2034 | B121: =B11/Output!B10*Output!B100 -> 23563166 | C121: =C11/Output!C10*Output!C100 -> 1.7798596e+08 | D121: =D11/Output!D10*Output!D100 -> 3.6479641e+09 | E121: =E11/Output!E10*Output!E100 -> 2.4271997e+08 | F121: =F11/Output!F10*Output!F100 -> 1.0318422e+09 | G121: =G11/Output!G10*Output!G100 -> 3.0027081e+08 | H121: =H11/Output!H10*Output!H100 -> 0 | I121: =I11/Output!I10*Output!I100 -> 0 | ... BF121: =BF11/Output!BF10*Output!BF100 -> 0 | BH121: =SUM(B121:AI121,AK121:AM121,AP121,AR121:AS121,AU121,AW121:BF121)/10^9 -> 226.15489
...

Sheet Peak 2035-Fast-Medium
A1: Country | B1: Austria | C1: Belgium | D1: Australia | E1: Bulgaria | F1: Canada | G1: Czech Republic | H1: Denmark | I1: Finland | J1: France | K1: Germany | L1: Greece | M1: Hungary | N1: Ireland | O1: Italy | P1: Japan | Q1: Latvia | R1: Lithuania | S1: Netherlands | T1: New Zealand | U1: Norway | V1: Poland | W1: Portugal | X1: Romania | Y1: Slovenia | Z1: Spain | AA1: Sweden | AB1: Switzerland | AC1: Turkey | AD1: United Kingdom | AE1: US | AF1: China | AG1: South Korea | AH1: India | AI1: Indonesia | AJ1: Malaysia | AK1: Pakistan | AL1: Philippines | AM1: Singapore | AN1: Taiwan | AO1: Thailand | AP1: Vietnam | AQ1: Iran | AR1: Israel | AS1: Kenya | AT1: Nigeria | AU1: Oman | AV1: Saudi Arabia | AW1: South Africa | AX1: UAE | AY1: Argentina | AZ1: Brazil | BA1: Chile | BB1: Colombia | BC1: Mexico | BD1: Peru | BE1: Russia | BF1: Ukraine
A3: Year
A5: 2028 | B5: 1.0041388e+09 | C5: 1.0255034e+09 | D5: 8.4236583e+09 | E5: 6.4093964e+08 | F5: 3.3198677e+09 | G5: 1.110962e+09 | H5: 1.23915e+09 | I5: 1.6664431e+09 | J5: 5.8325507e+09 | K5: 9.7636471e+09 | L5: 4.2729309e+08 | M5: 4.0592844e+08 | N5: 2.6278525e+09 | O5: 3.8242732e+09 | P5: 5.984375e+09 | Q5: 5.3411636e+08 | R5: 4.0592844e+08 | S5: 4.1020137e+09 | T5: 1.7888077e+09 | U5: 1.5809844e+09 | V5: 1.8800896e+09 | W5: 8.9731549e+08 | X5: 1.2818793e+09 | Y5: 4.4865775e+08 | Z5: 3.6747206e+09 | AA5: 2.2005594e+09 | AB5: 2.4355706e+09 | AC5: 1.7732663e+09 | AD5: 9.4859066e+09 | AE5: 2.0369138e+11 | AF5: 1.0801266e+11 | AG5: 2.7319973e+09 | AH5: 8.618801e+09 | AI5: 4.6183764e+09 | AJ5: 3.5125679e+09 | AK5: 7.155231e+08 | AL5: 8.1309443e+08 | AM5: 2.4392833e+09 | AN5: 7.155231e+08 | AO5: 1.6261889e+09 | AP5: 9.4318954e+08 | AQ5: 1.1583471e+08 | AR5: 3.2433719e+08 | AS5: 2.325919e+08 | AT5: 2.0810855e+08 | AU5: 86876032 | AV5: 2.4904462e+08 | AW5: 6.8553403e+08 | AX5: 3.2433719e+08 | AY5: 1.403254e+08 | AZ5: 7.6353528e+08 | BA5: 2.6414193e+08 | BB5: 1.6508871e+08 | BC5: 7.0711984e+08 | BD5: 61908266 | BE5: 4.6964069e+09 | BF5: 7.9049222e+08
A6: 2029 | B6: 1.2908581e+09 | C6: 1.3183231e+09 | D6: 1.1140898e+10 | E6: 8.2395196e+08 | F6: 4.3013782e+09 | G6: 1.4281834e+09 | H6: 1.5929738e+09 | I6: 2.1422751e+09 | J6: 7.4979628e+09 | K6: 1.2551535e+10 | L6: 5.493013e+08 | M6: 5.2183624e+08 | N6: 3.378203e+09 | O6: 4.9162467e+09 | P6: 7.9147693e+09 | Q6: 6.8662663e+08 | R6: 5.2183624e+08 | S6: 5.2732925e+09 | T6: 2.3658278e+09 | U6: 2.0324148e+09 | V6: 2.4169257e+09 | W6: 1.1535327e+09 | X6: 1.6479039e+09 | Y6: 5.7676637e+08 | Z6: 4.7239912e+09 | AA6: 2.8289017e+09 | AB6: 3.1310174e+09 | AC6: 2.2796004e+09 | AD6: 1.2194489e+10 | AE6: 2.7083136e+11 | AF6: 1.4704678e+11 | AG6: 3.6132642e+09 | AH6: 1.1398988e+10 | AI6: 6.1081372e+09 | AJ6: 4.6456254e+09 | AK6: 9.4633111e+08 | AL6: 1.0753763e+09 | AM6: 3.2261288e+09 | AN6: 9.4633111e+08 | AO6: 2.1507525e+09 | AP6: 1.2474365e+09 | AQ6: 1.5116994e+08 | AR6: 4.2327584e+08 | AS6: 3.056279e+08 | AT6: 2.7345654e+08 | AU6: 1.1337746e+08 | AV6: 3.2501538e+08 | AW6: 9.0079803e+08 | AX6: 4.2327584e+08 | AY6: 1.8389293e+08 | AZ6: 1.0005939e+09 | BA6: 3.461514e+08 | BB6: 2.1634462e+08 | BC6: 9.1617803e+08 | BD6: 81129233 | BE6: 6.1366104e+09 | BF6: 1.0162074e+09
A7: 2030 | B7: 1.5208708e+09 | C7: 1.5532297e+09 | D7: 1.3524351e+10 | E7: 9.7076858e+08 | F7: 5.1098581e+09 | G7: 1.6826655e+09 | H7: 1.8768193e+09 | I7: 2.5239983e+09 | J7: 8.8339941e+09 | K7: 1.4788041e+10 | L7: 6.4717906e+08 | M7: 6.148201e+08 | N7: 3.9801512e+09 | O7: 5.7922526e+09 | P7: 9.6080333e+09 | Q7: 8.0897382e+08 | R7: 6.148201e+08 | S7: 6.2129189e+09 | T7: 2.8719665e+09 | U7: 2.3945625e+09 | V7: 2.8475878e+09 | W7: 1.359076e+09 | X7: 1.9415372e+09 | Y7: 6.7953801e+08 | Z7: 5.5657399e+09 | AA7: 3.3329721e+09 | AB7: 3.6889206e+09 | AC7: 2.6857931e+09 | AD7: 1.4367375e+10 | AE7: 3.3061019e+11 | AF7: 1.8399751e+11 | AG7: 4.3862761e+09 | AH7: 1.3837657e+10 | AI7: 7.4148953e+09 | AJ7: 5.6394978e+09 | AK7: 1.1487866e+09 | AL7: 1.3054393e+09 | AM7: 3.9163179e+09 | AN7: 1.1487866e+09 | AO7: 2.6108786e+09 | AP7: 1.5143096e+09 | AQ7: 1.8095597e+08 | AR7: 5.0667673e+08 | AS7: 3.6849001e+08 | AT7: 3.2970159e+08 | AU7: 1.3571698e+08 | AV7: 3.8905534e+08 | AW7: 1.0860758e+09 | AX7: 5.0667673e+08 | AY7: 2.2108947e+08 | AZ7: 1.2029868e+09 | BA7: 4.1616842e+08 | BB7: 2.6010526e+08 | BC7: 1.0883813e+09 | BD7: 97539474 | BE7: 7.355295e+09 | BF7: 1.1972813e+09
A8: 2031 | B8: 1.6699761e+09 | C8: 1.7055075e+09 | D8: 1.5266517e+10 | E8: 1.0659422e+09 | F8: 5.6542737e+09 | G8: 1.8476331e+09 | H8: 2.0608216e+09 | I8: 2.7714497e+09 | J8: 9.7000739e+09 | K8: 1.6237853e+10 | L8: 7.1062813e+08 | M8: 6.7509672e+08 | N8: 4.370363e+09 | O8: 6.3601217e+09 | P8: 1.0845711e+10 | Q8: 8.8828516e+08 | R8: 6.7509672e+08 | S8: 6.82203e+09 | T8: 3.2419244e+09 | U8: 2.6293241e+09 | V8: 3.1267638e+09 | W8: 1.4923191e+09 | X8: 2.1318844e+09 | Y8: 7.4615953e+08 | Z8: 6.1114019e+09 | AA8: 3.6597348e+09 | AB8: 4.0505803e+09 | AC8: 2.9491067e+09 | AD8: 1.5775944e+10 | AE8: 3.7509583e+11 | AF8: 2.1343584e+11 | AG8: 4.9513028e+09 | AH8: 1.5620181e+10 | AI8: 8.3700595e+09 | AJ8: 6.3659607e+09 | AK8: 1.2967698e+09 | AL8: 1.473602e+09 | AM8: 4.4208061e+09 | AN8: 1.2967698e+09 | AO8: 2.947204e+09 | AP8: 1.7093783e+09 | AQ8: 2.0165385e+08 | AR8: 5.6463079e+08 | AS8: 4.1336869e+08 | AT8: 3.6985619e+08 | AU8: 1.5124039e+08 | AV8: 4.3355578e+08 | AW8: 1.2183498e+09 | AX8: 5.6463079e+08 | AY8: 2.4737152e+08 | AZ8: 1.3459921e+09 | BA8: 4.656405e+08 | BB8: 2.9102531e+08 | BC8: 1.2043399e+09 | BD8: 1.0913449e+08 | BE8: 8.2064362e+09 | BF8: 1.314662e+09
A9: 2032 | B9: 1.7123175e+09 | C9: 1.7487498e+09 | D9: 1.6035099e+10 | E9: 1.0929686e+09 | F9: 5.8371214e+09 | G9: 1.894479e+09 | H9: 2.1130727e+09 | I9: 2.8417184e+09 | J9: 9.9460145e+09 | K9: 1.6649555e+10 | L9: 7.2864575e+08 | M9: 6.9221347e+08 | N9: 4.4811714e+09 | O9: 6.5213795e+09 | P9: 1.1391731e+10 | Q9: 9.1080719e+08 | R9: 6.9221347e+08 | S9: 6.9949992e+09 | T9: 3.4051369e+09 | U9: 2.6959893e+09 | V9: 3.2060413e+09 | W9: 1.5301561e+09 | X9: 2.1859373e+09 | Y9: 7.6507804e+08 | Z9: 6.2663535e+09 | AA9: 3.7525256e+09 | AB9: 4.1532808e+09 | AC9: 3.0238799e+09 | AD9: 1.6175936e+10 | AE9: 3.9569468e+11 | AF9: 2.2941101e+11 | AG9: 5.2005727e+09 | AH9: 1.6406569e+10 | AI9: 8.7914444e+09 | AJ9: 6.6864507e+09 | AK9: 1.3620548e+09 | AL9: 1.5477895e+09 | AM9: 4.6433685e+09 | AN9: 1.3620548e+09 | AO9: 3.095579e+09 | AP9: 1.7954358e+09 | AQ9: 2.0946229e+08 | AR9: 5.864944e+08 | AS9: 4.3185019e+08 | AT9: 3.8639228e+08 | AU9: 1.5709671e+08 | AV9: 4.5034391e+08 | AW9: 1.2728216e+09 | AX9: 5.864944e+08 | AY9: 2.5784995e+08 | AZ9: 1.4030071e+09 | BA9: 4.8536461e+08 | BB9: 3.0335288e+08 | BC9: 1.2432858e+09 | BD9: 1.1375733e+08 | BE9: 8.533102e+09 | BF9: 1.3479946e+09
A10: 2033 | B10: 1.688342e+09 | C10: 1.7242641e+09 | D10: 1.6093328e+10 | E10: 1.0776651e+09 | F10: 5.7842919e+09 | G10: 1.8679528e+09 | H10: 2.0834858e+09 | I10: 2.8019292e+09 | J10: 9.8067522e+09 | K10: 1.6416431e+10 | L10: 7.1844339e+08 | M10: 6.8252122e+08 | N10: 4.4184268e+09 | O10: 6.4300683e+09 | P10: 1.1433098e+10 | Q10: 8.9805423e+08 | R10: 6.8252122e+08 | S10: 6.8970565e+09 | T10: 3.417502e+09 | U10: 2.6582405e+09 | V10: 3.1611509e+09 | W10: 1.5087311e+09 | X10: 2.1553302e+09 | Y10: 7.5436556e+08 | Z10: 6.1786131e+09 | AA10: 3.6999834e+09 | AB10: 4.0951273e+09 | AC10: 2.9815401e+09 | AD10: 1.5949443e+10 | AE10: 3.9839823e+11 | AF10: 2.341601e+11 | AG10: 5.2194576e+09 | AH10: 1.6466146e+10 | AI10: 8.8233688e+09 | AJ10: 6.7107312e+09 | AK10: 1.3670008e+09 | AL10: 1.55341e+09 | AM10: 4.66023e+09 | AN10: 1.3670008e+09 | AO10: 3.10682e+09 | AP10: 1.8019556e+09 | AQ10: 2.0851121e+08 | AR10: 5.8383139e+08 | AS10: 4.3171009e+08 | AT10: 3.8626692e+08 | AU10: 1.5638341e+08 | AV10: 4.482991e+08 | AW10: 1.2724087e+09 | AX10: 5.8383139e+08 | AY10: 2.5733995e+08 | AZ10: 1.4002321e+09 | BA10: 4.8440461e+08 | BB10: 3.0275288e+08 | BC10: 1.2320333e+09 | BD10: 1.1353233e+08 | BE10: 8.5008792e+09 | BF10: 1.3291203e+09
A11: 2034 | B11: 1.6031981e+09 | C11: 1.6373087e+09 | D11: 1.5448157e+10 | E11: 1.0233179e+09 | F11: 5.5093779e+09 | G11: 1.7737511e+09 | H11: 1.9784146e+09 | I11: 2.6606266e+09 | J11: 9.3121931e+09 | K11: 1.5588543e+10 | L11: 6.8221195e+08 | M11: 6.4810135e+08 | N11: 4.1956035e+09 | O11: 6.1057969e+09 | P11: 1.0974752e+10 | Q11: 8.5276493e+08 | R11: 6.4810135e+08 | S11: 6.5492347e+09 | T11: 3.2804966e+09 | U11: 2.5241842e+09 | V11: 3.0017326e+09 | W11: 1.4326451e+09 | X11: 2.0466358e+09 | Y11: 7.1632255e+08 | Z11: 5.8670228e+09 | AA11: 3.5133915e+09 | AB11: 3.8886081e+09 | AC11: 2.8311796e+09 | AD11: 1.5145105e+10 | AE11: 3.831752e+11 | AF11: 2.2712073e+11 | AG11: 5.010213e+09 | AH11: 1.5806029e+10 | AI11: 8.4696457e+09 | AJ11: 6.4417024e+09 | AK11: 1.3121986e+09 | AL11: 1.4911348e+09 | AM11: 4.4734044e+09 | AN11: 1.3121986e+09 | AO11: 2.9822696e+09 | AP11: 1.7297164e+09 | AQ11: 1.9915258e+08 | AR11: 5.5762724e+08 | AS11: 4.1340118e+08 | AT11: 3.6988527e+08 | AU11: 1.4936444e+08 | AV11: 4.2817806e+08 | AW11: 1.2184456e+09 | AX11: 5.5762724e+08 | AY11: 2.4617652e+08 | AZ11: 1.3394899e+09 | BA11: 4.633911e+08 | BB11: 2.8961944e+08 | BC11: 1.1734776e+09 | BD11: 1.0860729e+08 | BE11: 8.1231442e+09 | BF11: 1.2620921e+09
A12: 2035 | B12: 1.4617041e+09 | C12: 1.4928042e+09 | D12: 1.4129211e+10 | E12: 9.3300261e+08 | F12: 5.0275865e+09 | G12: 1.6172045e+09 | H12: 1.803805e+09 | I12: 2.4258068e+09 | J12: 8.4903237e+09 | K12: 1.421274e+10 | L12: 6.2200174e+08 | M12: 5.9090165e+08 | N12: 3.8253107e+09 | O12: 5.5669156e+09 | P12: 1.0037741e+10 | Q12: 7.7750217e+08 | R12: 5.9090165e+08 | S12: 5.9712167e+09 | T12: 3.0004116e+09 | U12: 2.3014064e+09 | V12: 2.7368076e+09 | W12: 1.3062037e+09 | X12: 1.8660052e+09 | Y12: 6.5310183e+08 | Z12: 5.349215e+09 | AA12: 3.203309e+09 | AB12: 3.5454099e+09 | AC12: 2.5813072e+09 | AD12: 1.3808439e+10 | AE12: 3.5066055e+11 | AF12: 2.0836351e+11 | AG12: 4.5824469e+09 | AH12: 1.4456529e+10 | AI12: 7.7465173e+09 | AJ12: 5.8917174e+09 | AK12: 1.2001647e+09 | AL12: 1.3638235e+09 | AM12: 4.0914704e+09 | AN12: 1.2001647e+09 | AO12: 2.7276469e+09 | AP12: 1.5820352e+09 | AQ12: 1.8188343e+08 | AR12: 5.092736e+08 | AS12: 3.778384e+08 | AT12: 3.3806594e+08 | AU12: 1.3641257e+08 | AV12: 3.9104937e+08 | AW12: 1.113629e+09 | AX12: 5.092736e+08 | AY12: 2.2493276e+08 | AZ12: 1.2238988e+09 | BA12: 4.2340284e+08 | BB12: 2.6462678e+08 | BC12: 1.0708578e+09 | BD12: 99235041 | BE12: 7.4197739e+09 | BF12: 1.1507032e+09
A14: Solar Capacity (MW) | BH14: Total Solar Capacity (GW)
A16: 2028 | B16: =B5/Output!B4*Output!B22 -> 0 | C16: =C5/Output!C4*Output!C22 -> 16.517143 | D16: =D5/Output!D4*Output!D22 -> 180.91231 | E16: =E5/Output!E4*Output!E22 -> 22.24447 | F16: =F5/Output!F4*Output!F22 -> 48.59574 | G16: =G5/Output!G4*Output!G22 -> 12.382964 | H16: =H5/Output!H4*Output!H22 -> 0 | I16: =I5/Output!I4*Output!I22 -> 0 | ... BF16: =BF5/Output!BF4*Output!BF22 -> 8.7221043 | BH16: =SUM(B16:AI16,AK16:AM16,AP16,AR16:AS16,AU16,AW16:BF16)/1000 -> 19.739164
A17: 2029 | B17: =B6/Output!B5*Output!B23 -> 0 | C17: =C6/Output!C5*Output!C23 -> 49.878046 | D17: =D6/Output!D5*Output!D23 -> 482.90877 | E17: =E6/Output!E5*Output!E23 -> 62.933453 | F17: =F6/Output!F5*Output!F23 -> 129.02119 | G17: =G6/Output!G5*Output!G23 -> 38.378603 | H17: =H6/Output!H5*Output!H23 -> 0 | I17: =I6/Output!I5*Output!I23 -> 0 | ... BF17: =BF6/Output!BF5*Output!BF23 -> 0 | BH17: =SUM(B17:AI17,AK17:AM17,AP17,AR17:AS17,AU17,AW17:BF17)/1000 -> 53.425639
A18: 2030 | B18: =B7/Output!B6*Output!B24 -> 0 | C18: =C7/Output!C6*Output!C24 -> 99.888146 | D18: =D7/Output!D6*Output!D24 -> 886.24597 | E18: =E7/Output!E6*Output!E24 -> 124.3105 | F18: =F7/Output!F6*Output!F24 -> 234.76022 | G18: =G7/Output!G6*Output!G24 -> 79.028225 | H18: =H7/Output!H6*Output!H24 -> 0 | I18: =I7/Output!I6*Output!I24 -> 0 | ... BF18: =BF7/Output!BF6*Output!BF24 -> 0 | BH18: =SUM(B18:AI18,AK18:AM18,AP18,AR18:AS18,AU18,AW18:BF18)/1000 -> 100.67473
A19: 2031 | B19: =B8/Output!B7*Output!B25 -> 0 | C19: =C8/Output!C7*Output!C25 -> 140.20055 | D19: =D8/Output!D7*Output!D25 -> 1309.1983 | E19: =E8/Output!E7*Output!E25 -> 182.25698 | F19: =F8/Output!F7*Output!F25 -> 341.59358 | G19: =G8/Output!G7*Output!G25 -> 114.735 | H19: =H8/Output!H7*Output!H25 -> 0 | I19: =I8/Output!I7*Output!I25 -> 0 | ... BF19: =BF8/Output!BF7*Output!BF25 -> 0 | BH19: =SUM(B19:AI19,AK19:AM19,AP19,AR19:AS19,AU19,AW19:BF19)/1000 -> 151.97226
A20: 2032 | B20: =B9/Output!B8*Output!B26 -> 0 | C20: =C9/Output!C8*Output!C26 -> 175.36816 | D20: =D9/Output!D8*Output!D26 -> 1750.2331 | E20: =E9/Output!E8*Output!E26 -> 223.77269 | F20: =F9/Output!F8*Output!F26 -> 435.87946 | G20: =G9/Output!G8*Output!G26 -> 139.3861 | H20: =H9/Output!H8*Output!H26 -> 0 | I20: =I9/Output!I8*Output!I26 -> 0 | ... BF20: =BF9/Output!BF8*Output!BF26 -> 0 | BH20: =SUM(B20:AI20,AK20:AM20,AP20,AR20:AS20,AU20,AW20:BF20)/1000 -> 199.18186
A21: 2033 | B21: =B10/Output!B9*Output!B27 -> 0 | C21: =C10/Output!C9*Output!C27 -> 202.94115 | D21: =D10/Output!D9*Output!D27 -> 2151.2781 | E21: =E10/Output!E9*Output!E27 -> 254.64447 | F21: =F10/Output!F9*Output!F27 -> 512.50994 | G21: =G10/Output!G9*Output!G27 -> 150.5997 | H21: =H10/Output!H9*Output!H27 -> 0 | I21: =I10/Output!I9*Output!I27 -> 0 | ... BF21: =BF10/Output!BF9*Output!BF27 -> 0 | BH21: =SUM(B21:AI21,AK21:AM21,AP21,AR21:AS21,AU21,AW21:BF21)/1000 -> 239.97201
A22: 2034 | B22: =B11/Output!B10*Output!B28 -> 37.528335 | C22: =C11/Output!C10*Output!C28 -> 222.0707 | D22: =D11/Output!D10*Output!D28 -> 2334.7611 | E22: =E11/Output!E10*Output!E28 -> 271.08283 | F22: =F11/Output!F10*Output!F28 -> 563.07762 | G22: =G11/Output!G10*Output!G28 -> 151.44957 | H22: =H11/Output!H10*Output!H28 -> 0 | I22: =I11/Output!I10*Output!I28 -> 0 | ... BF22: =BF11/Output!BF10*Output!BF28 -> 0 | BH22: =SUM(B22:AI22,AK22:AM22,AP22,AR22:AS22,AU22,AW22:BF22)/1000 -> 274.35501
A23: 2035 | B23: =B12/Output!B11*Output!B29 -> 154.19401 | C23: =C12/Output!C11*Output!C29 -> 221.56983 | D23: =D12/Output!D11*Output!D29 -> 2352.3336 | E23: =E12/Output!E11*Output!E29 -> 271.77359 | F23: =F12/Output!F11*Output!F29 -> 580.89602 | G23: =G12/Output!G11*Output!G29 -> 141.99791 | H23: =H12/Output!H11*Output!H29 -> 0 | I23: =I12/Output!I11*Output!I29 -> 205.42985 | ... BF23: =BF12/Output!BF11*Output!BF29 -> 0 | BH23: =SUM(B23:AI23,AK23:AM23,AP23,AR23:AS23,AU23,AW23:BF23)/1000 -> 286.27134
A25: Wind Capacity (MW) | BH25: Total Wind Capacity (GW)
A27: 2028 | B27: =B5/Output!B4*Output!B13 -> 34.443004 | C27: =C5/Output!C4*Output!C13 -> 13.464831 | D27: =D5/Output!D4*Output!D13 -> 57.226461 | E27: =E5/Output!E4*Output!E13 -> 8.2818182 | F27: =F5/Output!F4*Output!F13 -> 36.167763 | G27: =G5/Output!G4*Output!G13 -> 13.818322 | H27: =H5/Output!H4*Output!H13 -> 16.521793 | I27: =I5/Output!I4*Output!I13 -> 64.851219 | ... BF27: =BF5/Output!BF4*Output!BF13 -> 9.520246 | BH27: =SUM(B27:AI27,AK27:AM27,AP27,AR27:AS27,AU27,AW27:BF27)/1000 -> 3.3678126
A28: 2029 | B28: =B6/Output!B5*Output!B14 -> 88.880243 | C28: =C6/Output!C5*Output!C14 -> 33.280069 | D28: =D6/Output!D5*Output!D14 -> 149.94828 | E28: =E6/Output!E5*Output!E14 -> 19.746084 | F28: =F6/Output!F5*Output!F14 -> 92.376665 | G28: =G6/Output!G5*Output!G14 -> 32.21949 | H28: =H6/Output!H5*Output!H14 -> 42.475658 | I28: =I6/Output!I5*Output!I14 -> 167.08487 | ... BF28: =BF6/Output!BF5*Output!BF14 -> 28.585423 | BH28: =SUM(B28:AI28,AK28:AM28,AP28,AR28:AS28,AU28,AW28:BF28)/1000 -> 8.7256491
A29: 2030 | B29: =B7/Output!B6*Output!B15 -> 162.93698 | C29: =C7/Output!C6*Output!C15 -> 56.898718 | D29: =D7/Output!D6*Output!D15 -> 273.92971 | E29: =E7/Output!E6*Output!E15 -> 37.3485 | F29: =F7/Output!F6*Output!F15 -> 162.47453 | G29: =G7/Output!G6*Output!G15 -> 55.666869 | H29: =H7/Output!H6*Output!H15 -> 75.068165 | I29: =I7/Output!I6*Output!I15 -> 299.76407 | ... BF29: =BF7/Output!BF6*Output!BF15 -> 50.518415 | BH29: =SUM(B29:AI29,AK29:AM29,AP29,AR29:AS29,AU29,AW29:BF29)/1000 -> 16.33312
A30: 2031 | B30: =B8/Output!B7*Output!B16 -> 256.4379 | C30: =C8/Output!C7*Output!C16 -> 87.276093 | D30: =D8/Output!D7*Output!D16 -> 453.93453 | E30: =E8/Output!E7*Output!E16 -> 61.833746 | F30: =F8/Output!F7*Output!F16 -> 241.80695 | G30: =G8/Output!G7*Output!G16 -> 94.428014 | H30: =H8/Output!H7*Output!H16 -> 109.91716 | I30: =I8/Output!I7*Output!I16 -> 454.03988 | ... BF30: =BF8/Output!BF7*Output!BF16 -> 74.028759 | BH30: =SUM(B30:AI30,AK30:AM30,AP30,AR30:AS30,AU30,AW30:BF30)/1000 -> 26.454144
A31: 2032 | B31: =B9/Output!B8*Output!B17 -> 368.0423 | C31: =C9/Output!C8*Output!C17 -> 121.39434 | D31: =D9/Output!D8*Output!D17 -> 672.39342 | E31: =E9/Output!E8*Output!E17 -> 83.463756 | F31: =F9/Output!F8*Output!F17 -> 314.23948 | G31: =G9/Output!G8*Output!G17 -> 134.52059 | H31: =H9/Output!H8*Output!H17 -> 143.44978 | I31: =I9/Output!I8*Output!I17 -> 615.26102 | ... BF31: =BF9/Output!BF8*Output!BF17 -> 97.653217 | BH31: =SUM(B31:AI31,AK31:AM31,AP31,AR31:AS31,AU31,AW31:BF31)/1000 -> 36.39098
A32: 2033 | B32: =B10/Output!B9*Output!B18 -> 451.26148 | C32: =C10/Output!C9*Output!C18 -> 160.2192 | D32: =D10/Output!D9*Output!D18 -> 908.03627 | E32: =E10/Output!E9*Output!E18 -> 103.71642 | F32: =F10/Output!F9*Output!F18 -> 378.57386 | G32: =G10/Output!G9*Output!G18 -> 171.60388 | H32: =H10/Output!H9*Output!H18 -> 177.58505 | I32: =I10/Output!I9*Output!I18 -> 788.69579 | ... BF32: =BF10/Output!BF9*Output!BF18 -> 122.48587 | BH32: =SUM(B32:AI32,AK32:AM32,AP32,AR32:AS32,AU32,AW32:BF32)/1000 -> 46.733721
A33: 2034 | B33: =B11/Output!B10*Output!B19 -> 482.25423 | C33: =C11/Output!C10*Output!C19 -> 202.11449 | D33: =D11/Output!D10*Output!D19 -> 1072.0621 | E33: =E11/Output!E10*Output!E19 -> 118.99598 | F33: =F11/Output!F10*Output!F19 -> 435.94049 | G33: =G11/Output!G10*Output!G19 -> 204.35349 | H33: =H11/Output!H10*Output!H19 -> 209.37018 | I33: =I11/Output!I10*Output!I19 -> 938.20076 | ... BF33: =BF11/Output!BF10*Output!BF19 -> 146.6988 | BH33: =SUM(B33:AI33,AK33:AM33,AP33,AR33:AS33,AU33,AW33:BF33)/1000 -> 56.828389
A34: 2035 | B34: =B12/Output!B11*Output!B20 -> 421.91439 | C34: =C12/Output!C11*Output!C20 -> 217.0211 | D34: =D12/Output!D11*Output!D20 -> 1166.7165 | E34: =E12/Output!E11*Output!E20 -> 129.14721 | F34: =F12/Output!F11*Output!F20 -> 490.18229 | G34: =G12/Output!G11*Output!G20 -> 224.0355 | H34: =H12/Output!H11*Output!H20 -> 236.9417 | I34: =I12/Output!I11*Output!I20 -> 923.80206 | ... BF34: =BF12/Output!BF11*Output!BF20 -> 169.04296 | BH34: =SUM(B34:AI34,AK34:AM34,AP34,AR34:AS34,AU34,AW34:BF34)/1000 -> 62.070815
A36: DAC Capacity (ktCO2/yr) | BH36: Total DAC Capacity (ktCO2/yr)
A38: 2028 | B38: =B5/Output!B4*Output!B31*0.0114 -> 0 | C38: =C5/Output!C4*Output!C31*0.0114 -> 0 | D38: =D5/Output!D4*Output!D31*0.0114 -> 0 | E38: =E5/Output!E4*Output!E31*0.0114 -> 0 | F38: =F5/Output!F4*Output!F31*0.0114 -> 0 | G38: =G5/Output!G4*Output!G31*0.0114 -> 0 | H38: =H5/Output!H4*Output!H31*0.0114 -> 0 | I38: =I5/Output!I4*Output!I31*0.0114 -> 0 | ... BF38: =BF5/Output!BF4*Output!BF31*0.0114 -> 0 | BH38: =SUM(B38:AI38,AK38:AM38,AP38,AR38:AS38,AU38,AW38:BF38) -> 88.524253
A39: 2029 | B39: =B6/Output!B5*Output!B32*0.0114 -> 0 | C39: =C6/Output!C5*Output!C32*0.0114 -> 0 | D39: =D6/Output!D5*Output!D32*0.0114 -> 0 | E39: =E6/Output!E5*Output!E32*0.0114 -> 0 | F39: =F6/Output!F5*Output!F32*0.0114 -> 0 | G39: =G6/Output!G5*Output!G32*0.0114 -> 0 | H39: =H6/Output!H5*Output!H32*0.0114 -> 0 | I39: =I6/Output!I5*Output!I32*0.0114 -> 0 | ... BF39: =BF6/Output!BF5*Output!BF32*0.0114 -> 0 | BH39: =SUM(B39:AI39,AK39:AM39,AP39,AR39:AS39,AU39,AW39:BF39) -> 154.88101
A40: 2030 | B40: =B7/Output!B6*Output!B33*0.0114 -> 0 | C40: =C7/Output!C6*Output!C33*0.0114 -> 0 | D40: =D7/Output!D6*Output!D33*0.0114 -> 0 | E40: =E7/Output!E6*Output!E33*0.0114 -> 0 | F40: =F7/Output!F6*Output!F33*0.0114 -> 0 | G40: =G7/Output!G6*Output!G33*0.0114 -> 0 | H40: =H7/Output!H6*Output!H33*0.0114 -> 0 | I40: =I7/Output!I6*Output!I33*0.0114 -> 0 | ... BF40: =BF7/Output!BF6*Output!BF33*0.0114 -> 0 | BH40: =SUM(B40:AI40,AK40:AM40,AP40,AR40:AS40,AU40,AW40:BF40) -> 0.23985077
A41: 2031 | B41: =B8/Output!B7*Output!B34*0.0114 -> 0 | C41: =C8/Output!C7*Output!C34*0.0114 -> 0 | D41: =D8/Output!D7*Output!D34*0.0114 -> 0 | E41: =E8/Output!E7*Output!E34*0.0114 -> 0 | F41: =F8/Output!F7*Output!F34*0.0114 -> 0 | G41: =G8/Output!G7*Output!G34*0.0114 -> 0 | H41: =H8/Output!H7*Output!H34*0.0114 -> 0 | I41: =I8/Output!I7*Output!I34*0.0114 -> 0 | ... BF41: =BF8/Output!BF7*Output!BF34*0.0114 -> 0 | BH41: =SUM(B41:AI41,AK41:AM41,AP41,AR41:AS41,AU41,AW41:BF41) -> 0.42350299
A42: 2032 | B42: =B9/Output!B8*Output!B35*0.0114 -> 0 | C42: =C9/Output!C8*Output!C35*0.0114 -> 0 | D42: =D9/Output!D8*Output!D35*0.0114 -> 0 | E42: =E9/Output!E8*Output!E35*0.0114 -> 0 | F42: =F9/Output!F8*Output!F35*0.0114 -> 0 | G42: =G9/Output!G8*Output!G35*0.0114 -> 0 | H42: =H9/Output!H8*Output!H35*0.0114 -> 0 | I42: =I9/Output!I8*Output!I35*0.0114 -> 0 | ... BF42: =BF9/Output!BF8*Output!BF35*0.0114 -> 0 | BH42: =SUM(B42:AI42,AK42:AM42,AP42,AR42:AS42,AU42,AW42:BF42) -> 0.44415802
A43: 2033 | B43: =B10/Output!B9*Output!B36*0.0114 -> 0 | C43: =C10/Output!C9*Output!C36*0.0114 -> 0 | D43: =D10/Output!D9*Output!D36*0.0114 -> 0 | E43: =E10/Output!E9*Output!E36*0.0114 -> 0 | F43: =F10/Output!F9*Output!F36*0.0114 -> 0 | G43: =G10/Output!G9*Output!G36*0.0114 -> 0 | H43: =H10/Output!H9*Output!H36*0.0114 -> 0 | I43: =I10/Output!I9*Output!I36*0.0114 -> 0 | ... BF43: =BF10/Output!BF9*Output!BF36*0.0114 -> 0 | BH43: =SUM(B43:AI43,AK43:AM43,AP43,AR43:AS43,AU43,AW43:BF43) -> 0.44528454
A44: 2034 | B44: =B11/Output!B10*Output!B37*0.0114 -> 0 | C44: =C11/Output!C10*Output!C37*0.0114 -> 0 | D44: =D11/Output!D10*Output!D37*0.0114 -> 0 | E44: =E11/Output!E10*Output!E37*0.0114 -> 0 | F44: =F11/Output!F10*Output!F37*0.0114 -> 0 | G44: =G11/Output!G10*Output!G37*0.0114 -> 0 | H44: =H11/Output!H10*Output!H37*0.0114 -> 0 | I44: =I11/Output!I10*Output!I37*0.0114 -> 0 | ... BF44: =BF11/Output!BF10*Output!BF37*0.0114 -> 0 | BH44: =SUM(B44:AI44,AK44:AM44,AP44,AR44:AS44,AU44,AW44:BF44) -> 0.64248875
A45: 2035 | B45: =B12/Output!B11*Output!B38*0.0114 -> 0 | C45: =C12/Output!C11*Output!C38*0.0114 -> 0 | D45: =D12/Output!D11*Output!D38*0.0114 -> 0 | E45: =E12/Output!E11*Output!E38*0.0114 -> 0 | F45: =F12/Output!F11*Output!F38*0.0114 -> 0 | G45: =G12/Output!G11*Output!G38*0.0114 -> 0 | H45: =H12/Output!H11*Output!H38*0.0114 -> 0 | I45: =I12/Output!I11*Output!I38*0.0114 -> 0 | ... BF45: =BF12/Output!BF11*Output!BF38*0.0114 -> 0 | BH45: =SUM(B45:AI45,AK45:AM45,AP45,AR45:AS45,AU45,AW45:BF45) -> 0.59894829
A47: Battery Storage Capacity (MWh) | BH47: Total Battery Storage Capacity (GWh)
A49: 2028 | B49: =B5/Output!B4*Output!B40 -> 0 | C49: =C5/Output!C4*Output!C40 -> 0 | D49: =D5/Output!D4*Output!D40 -> 0 | E49: =E5/Output!E4*Output!E40 -> 0 | F49: =F5/Output!F4*Output!F40 -> 0 | G49: =G5/Output!G4*Output!G40 -> 0 | H49: =H5/Output!H4*Output!H40 -> 0 | I49: =I5/Output!I4*Output!I40 -> 0 | ... BF49: =BF5/Output!BF4*Output!BF40 -> 0 | BH49: =SUM(B49:AI49,AK49:AM49,AP49,AR49:AS49,AU49,AW49:BF49)/1000 -> 121.13426
A50: 2029 | B50: =B6/Output!B5*Output!B41 -> 0 | C50: =C6/Output!C5*Output!C41 -> 0 | D50: =D6/Output!D5*Output!D41 -> 0 | E50: =E6/Output!E5*Output!E41 -> 0 | F50: =F6/Output!F5*Output!F41 -> 0 | G50: =G6/Output!G5*Output!G41 -> 0 | H50: =H6/Output!H5*Output!H41 -> 0 | I50: =I6/Output!I5*Output!I41 -> 0 | ... BF50: =BF6/Output!BF5*Output!BF41 -> 0 | BH50: =SUM(B50:AI50,AK50:AM50,AP50,AR50:AS50,AU50,AW50:BF50)/1000 -> 211.65244
A51: 2030 | B51: =B7/Output!B6*Output!B42 -> 0 | C51: =C7/Output!C6*Output!C42 -> 0 | D51: =D7/Output!D6*Output!D42 -> 0 | E51: =E7/Output!E6*Output!E42 -> 0 | F51: =F7/Output!F6*Output!F42 -> 0 | G51: =G7/Output!G6*Output!G42 -> 0 | H51: =H7/Output!H6*Output!H42 -> 0 | I51: =I7/Output!I6*Output!I42 -> 0 | ... BF51: =BF7/Output!BF6*Output!BF42 -> 0 | BH51: =SUM(B51:AI51,AK51:AM51,AP51,AR51:AS51,AU51,AW51:BF51)/1000 -> 4.030767
A52: 2031 | B52: =B8/Output!B7*Output!B43 -> 0 | C52: =C8/Output!C7*Output!C43 -> 0 | D52: =D8/Output!D7*Output!D43 -> 0 | E52: =E8/Output!E7*Output!E43 -> 67.0648 | F52: =F8/Output!F7*Output!F43 -> 0 | G52: =G8/Output!G7*Output!G43 -> 0 | H52: =H8/Output!H7*Output!H43 -> 0 | I52: =I8/Output!I7*Output!I43 -> 0 | ... BF52: =BF8/Output!BF7*Output!BF43 -> 0 | BH52: =SUM(B52:AI52,AK52:AM52,AP52,AR52:AS52,AU52,AW52:BF52)/1000 -> 24.442376
A53: 2032 | B53: =B9/Output!B8*Output!B44 -> 0 | C53: =C9/Output!C8*Output!C44 -> 0 | D53: =D9/Output!D8*Output!D44 -> 0 | E53: =E9/Output!E8*Output!E44 -> 206.29559 | F53: =F9/Output!F8*Output!F44 -> 0 | G53: =G9/Output!G8*Output!G44 -> 96.863171 | H53: =H9/Output!H8*Output!H44 -> 0 | I53: =I9/Output!I8*Output!I44 -> 0 | ... BF53: =BF9/Output!BF8*Output!BF44 -> 0 | BH53: =SUM(B53:AI53,AK53:AM53,AP53,AR53:AS53,AU53,AW53:BF53)/1000 -> 62.426052
A54: 2033 | B54: =B10/Output!B9*Output!B45 -> 238.8803 | C54: =C10/Output!C9*Output!C45 -> 0 | D54: =D10/Output!D9*Output!D45 -> 422.6701 | E54: =E10/Output!E9*Output!E45 -> 351.72473 | F54: =F10/Output!F9*Output!F45 -> 0 | G54: =G10/Output!G9*Output!G45 -> 257.13399 | H54: =H10/Output!H9*Output!H45 -> 0 | I54: =I10/Output!I9*Output!I45 -> 0 | ... BF54: =BF10/Output!BF9*Output!BF45 -> 0 | BH54: =SUM(B54:AI54,AK54:AM54,AP54,AR54:AS54,AU54,AW54:BF54)/1000 -> 106.53201
A55: 2034 | B55: =B11/Output!B10*Output!B46 -> 585.98643 | C55: =C11/Output!C10*Output!C46 -> 0 | D55: =D11/Output!D10*Output!D46 -> 1812.2407 | E55: =E11/Output!E10*Output!E46 -> 494.94472 | F55: =F11/Output!F10*Output!F46 -> 0 | G55: =G11/Output!G10*Output!G46 -> 415.08322 | H55: =H11/Output!H10*Output!H46 -> 0 | I55: =I11/Output!I10*Output!I46 -> 179.43002 | ... BF55: =BF11/Output!BF10*Output!BF46 -> 0 | BH55: =SUM(B55:AI55,AK55:AM55,AP55,AR55:AS55,AU55,AW55:BF55)/1000 -> 149.77779
A56: 2035 | B56: =B12/Output!B11*Output!B47 -> 979.49286 | C56: =C12/Output!C11*Output!C47 -> 182.77304 | D56: =D12/Output!D11*Output!D47 -> 3240.8104 | E56: =E12/Output!E11*Output!E47 -> 616.35815 | F56: =F12/Output!F11*Output!F47 -> 0 | G56: =G12/Output!G11*Output!G47 -> 613.78717 | H56: =H12/Output!H11*Output!H47 -> 0 | I56: =I12/Output!I11*Output!I47 -> 512.8893 | ... BF56: =BF12/Output!BF11*Output!BF47 -> 0 | BH56: =SUM(B56:AI56,AK56:AM56,AP56,AR56:AS56,AU56,AW56:BF56)/1000 -> 228.65743
A58: Total cost of energy ($bn) | BH58: Total cost of energy ($bn)
A60: 2028 | B60: =B5*Output!B49/10^9 -> 0.33309903 | C60: =C5*Output!C49/10^9 -> 0.33846524 | D60: =D5*Output!D49/10^9 -> 2.0979019 | E60: =E5*Output!E49/10^9 -> 0.090586662 | F60: =F5*Output!F49/10^9 -> 0.4070974 | G60: =G5*Output!G49/10^9 -> 0.36756338 | H60: =H5*Output!H49/10^9 -> 0.42936959 | I60: =I5*Output!I49/10^9 -> 0.29729363 | ... BF60: =BF5*Output!BF49/10^9 -> 0.045531127 | BH60: =SUM(B60:AI60,AK60:AM60,AP60,AR60:AS60,AU60,AW60:BF60) -> 77.79854
A61: 2029 | B61: =B6*Output!B50/10^9 -> 0.3915007 | C61: =C6*Output!C50/10^9 -> 0.39590215 | D61: =D6*Output!D50/10^9 -> 2.5385036 | E61: =E6*Output!E50/10^9 -> 0.10933865 | F61: =F6*Output!F50/10^9 -> 0.49488817 | G61: =G6*Output!G50/10^9 -> 0.43146484 | H61: =H6*Output!H50/10^9 -> 0.49848519 | I61: =I6*Output!I50/10^9 -> 0.35689047 | ... BF61: =BF6*Output!BF50/10^9 -> 0.054018564 | BH61: =SUM(B61:AI61,AK61:AM61,AP61,AR61:AS61,AU61,AW61:BF61) -> 100.1182
A62: 2030 | B62: =B7*Output!B51/10^9 -> 0.41856778 | C62: =C7*Output!C51/10^9 -> 0.42042952 | D62: =D7*Output!D51/10^9 -> 2.7919553 | E62: =E7*Output!E51/10^9 -> 0.12147532 | F62: =F7*Output!F51/10^9 -> 0.54806486 | G62: =G7*Output!G51/10^9 -> 0.46111957 | H62: =H7*Output!H51/10^9 -> 0.52414328 | I62: =I7*Output!I51/10^9 -> 0.39075541 | ... BF62: =BF7*Output!BF51/10^9 -> 0.059397199 | BH62: =SUM(B62:AI62,AK62:AM62,AP62,AR62:AS62,AU62,AW62:BF62) -> 95.212703
A63: 2031 | B63: =B8*Output!B52/10^9 -> 0.41479026 | C63: =C8*Output!C52/10^9 -> 0.41022499 | D63: =D8*Output!D52/10^9 -> 2.8230804 | E63: =E8*Output!E52/10^9 -> 0.12691294 | F63: =F8*Output!F52/10^9 -> 0.55998792 | G63: =G8*Output!G52/10^9 -> 0.45403251 | H63: =H8*Output!H52/10^9 -> 0.50618125 | I63: =I8*Output!I52/10^9 -> 0.39824238 | ... BF63: =BF8*Output!BF52/10^9 -> 0.06057155 | BH63: =SUM(B63:AI63,AK63:AM63,AP63,AR63:AS63,AU63,AW63:BF63) -> 99.995416
A64: 2032 | B64: =B9*Output!B53/10^9 -> 0.38299193 | C64: =C9*Output!C53/10^9 -> 0.36859073 | D64: =D9*Output!D53/10^9 -> 2.6292591 | E64: =E9*Output!E53/10^9 -> 0.12377493 | F64: =F9*Output!F53/10^9 -> 0.52850343 | G64: =G9*Output!G53/10^9 -> 0.41321586 | H64: =H9*Output!H53/10^9 -> 0.4482128 | I64: =I9*Output!I53/10^9 -> 0.37963451 | ... BF64: =BF9*Output!BF53/10^9 -> 0.057696011 | BH64: =SUM(B64:AI64,AK64:AM64,AP64,AR64:AS64,AU64,AW64:BF64) -> 97.403914
A65: 2033 | B65: =B10*Output!B54/10^9 -> 0.33961424 | C65: =C10*Output!C54/10^9 -> 0.31304951 | D65: =D10*Output!D54/10^9 -> 2.3162015 | E65: =E10*Output!E54/10^9 -> 0.11552669 | F65: =F10*Output!F54/10^9 -> 0.47325521 | G65: =G10*Output!G54/10^9 -> 0.35551352 | H65: =H10*Output!H54/10^9 -> 0.37290972 | I65: =I10*Output!I54/10^9 -> 0.35073836 | ... BF65: =BF10*Output!BF54/10^9 -> 0.05318819 | BH65: =SUM(B65:AI65,AK65:AM65,AP65,AR65:AS65,AU65,AW65:BF65) -> 90.190687
A66: 2034 | B66: =B11*Output!B55/10^9 -> 0.2886872 | C66: =C11*Output!C55/10^9 -> 0.25086341 | D66: =D11*Output!D55/10^9 -> 1.9167972 | E66: =E11*Output!E55/10^9 -> 0.10323942 | F66: =F11*Output!F55/10^9 -> 0.40270939 | G66: =G11*Output!G55/10^9 -> 0.28794134 | H66: =H11*Output!H55/10^9 -> 0.2894096 | I66: =I11*Output!I55/10^9 -> 0.31716741 | ... BF66: =BF11*Output!BF55/10^9 -> 0.047736531 | BH66: =SUM(B66:AI66,AK66:AM66,AP66,AR66:AS66,AU66,AW66:BF66) -> 79.761688
A67: 2035 | B67: =B12*Output!B56/10^9 -> 0.23360787 | C67: =C12*Output!C56/10^9 -> 0.18809713 | D67: =D12*Output!D56/10^9 -> 1.4706578 | E67: =E12*Output!E56/10^9 -> 0.088283685 | F67: =F12*Output!F56/10^9 -> 0.32563526 | G67: =G12*Output!G56/10^9 -> 0.21796183 | H67: =H12*Output!H56/10^9 -> 0.2060809 | I67: =I12*Output!I56/10^9 -> 0.28092129 | ... BF67: =BF12*Output!BF56/10^9 -> 0.042030692 | BH67: =SUM(B67:AI67,AK67:AM67,AP67,AR67:AS67,AU67,AW67:BF67) -> 67.129397
B68: =SUM(B60:B67) -> 2.802859 | C68: =SUM(C60:C67) -> 2.6856227 | D68: =SUM(D60:D67) -> 18.584357 | E68: =SUM(E60:E67) -> 0.8791383 | F68: =SUM(F60:F67) -> 3.7401417 | G68: =SUM(G60:G67) -> 2.9888129 | H68: =SUM(H60:H67) -> 3.2747923 | I68: =SUM(I60:I67) -> 2.7716435 | ... BF68: =SUM(BF60:BF67) -> 0.42016986
A69: Battery Interface Capacity (MW) | BH69: Total Battery Interface Capacity (GW)
A71: 2028 | B71: =B5/Output!B4*Output!B58 -> 0 | C71: =C5/Output!C4*Output!C58 -> 0 | D71: =D5/Output!D4*Output!D58 -> 0 | E71: =E5/Output!E4*Output!E58 -> 0 | F71: =F5/Output!F4*Output!F58 -> 0 | G71: =G5/Output!G4*Output!G58 -> 0 | H71: =H5/Output!H4*Output!H58 -> 0 | I71: =I5/Output!I4*Output!I58 -> 0 | ... BF71: =BF5/Output!BF4*Output!BF58 -> 0 | BH71: =SUM(B71:AI71,AK71:AM71,AP71,AR71:AS71,AU71,AW71:BF71)/1000 -> 121.13269
A72: 2029 | B72: =B6/Output!B5*Output!B59 -> 0 | C72: =C6/Output!C5*Output!C59 -> 0 | D72: =D6/Output!D5*Output!D59 -> 0 | E72: =E6/Output!E5*Output!E59 -> 0 | F72: =F6/Output!F5*Output!F59 -> 0 | G72: =G6/Output!G5*Output!G59 -> 0 | H72: =H6/Output!H5*Output!H59 -> 0 | I72: =I6/Output!I5*Output!I59 -> 0 | ... BF72: =BF6/Output!BF5*Output!BF59 -> 0 | BH72: =SUM(B72:AI72,AK72:AM72,AP72,AR72:AS72,AU72,AW72:BF72)/1000 -> 211.64531
A73: 2030 | B73: =B7/Output!B6*Output!B60 -> 0 | C73: =C7/Output!C6*Output!C60 -> 0 | D73: =D7/Output!D6*Output!D60 -> 0 | E73: =E7/Output!E6*Output!E60 -> 0 | F73: =F7/Output!F6*Output!F60 -> 0 | G73: =G7/Output!G6*Output!G60 -> 0 | H73: =H7/Output!H6*Output!H60 -> 0 | I73: =I7/Output!I6*Output!I60 -> 0 | ... BF73: =BF7/Output!BF6*Output!BF60 -> 0 | BH73: =SUM(B73:AI73,AK73:AM73,AP73,AR73:AS73,AU73,AW73:BF73)/1000 -> 1.0099723
A74: 2031 | B74: =B8/Output!B7*Output!B61 -> 0 | C74: =C8/Output!C7*Output!C61 -> 0 | D74: =D8/Output!D7*Output!D61 -> 0 | E74: =E8/Output!E7*Output!E61 -> 18.423958 | F74: =F8/Output!F7*Output!F61 -> 0 | G74: =G8/Output!G7*Output!G61 -> 0 | H74: =H8/Output!H7*Output!H61 -> 0 | I74: =I8/Output!I7*Output!I61 -> 0 | ... BF74: =BF8/Output!BF7*Output!BF61 -> 0 | BH74: =SUM(B74:AI74,AK74:AM74,AP74,AR74:AS74,AU74,AW74:BF74)/1000 -> 6.4491586
A75: 2032 | B75: =B9/Output!B8*Output!B62 -> 0 | C75: =C9/Output!C8*Output!C62 -> 0 | D75: =D9/Output!D8*Output!D62 -> 0 | E75: =E9/Output!E8*Output!E62 -> 47.929341 | F75: =F9/Output!F8*Output!F62 -> 0 | G75: =G9/Output!G8*Output!G62 -> 26.782667 | H75: =H9/Output!H8*Output!H62 -> 0 | I75: =I9/Output!I8*Output!I62 -> 0 | ... BF75: =BF9/Output!BF8*Output!BF62 -> 0 | BH75: =SUM(B75:AI75,AK75:AM75,AP75,AR75:AS75,AU75,AW75:BF75)/1000 -> 14.737988
A76: 2033 | B76: =B10/Output!B9*Output!B63 -> 47.722976 | C76: =C10/Output!C9*Output!C63 -> 0 | D76: =D10/Output!D9*Output!D63 -> 122.34891 | E76: =E10/Output!E9*Output!E63 -> 73.249853 | F76: =F10/Output!F9*Output!F63 -> 0 | G76: =G10/Output!G9*Output!G63 -> 60.19874 | H76: =H10/Output!H9*Output!H63 -> 0 | I76: =I10/Output!I9*Output!I63 -> 0 | ... BF76: =BF10/Output!BF9*Output!BF63 -> 0 | BH76: =SUM(B76:AI76,AK76:AM76,AP76,AR76:AS76,AU76,AW76:BF76)/1000 -> 22.813273
A77: 2034 | B77: =B11/Output!B10*Output!B64 -> 102.45941 | C77: =C11/Output!C10*Output!C64 -> 0 | D77: =D11/Output!D10*Output!D64 -> 426.93146 | E77: =E11/Output!E10*Output!E64 -> 94.77789 | F77: =F11/Output!F10*Output!F64 -> 0 | G77: =G11/Output!G10*Output!G64 -> 85.521096 | H77: =H11/Output!H10*Output!H64 -> 0 | I77: =I11/Output!I10*Output!I64 -> 38.325282 | ... BF77: =BF11/Output!BF10*Output!BF64 -> 0 | BH77: =SUM(B77:AI77,AK77:AM77,AP77,AR77:AS77,AU77,AW77:BF77)/1000 -> 30.191023
A78: 2035 | B78: =B12/Output!B11*Output!B65 -> 165.72674 | C78: =C12/Output!C11*Output!C65 -> 39.571649 | D78: =D12/Output!D11*Output!D65 -> 666.86478 | E78: =E12/Output!E11*Output!E65 -> 109.14492 | F78: =F12/Output!F11*Output!F65 -> 0 | G78: =G12/Output!G11*Output!G65 -> 113.75098 | H78: =H12/Output!H11*Output!H65 -> 0 | I78: =I12/Output!I11*Output!I65 -> 95.525632 | ... BF78: =BF12/Output!BF11*Output!BF65 -> 0 | BH78: =SUM(B78:AI78,AK78:AM78,AP78,AR78:AS78,AU78,AW78:BF78)/1000 -> 46.603865
A80: Heat Pump Capacity (MW) | BH80: Total Heat Pump Capacity (GW)
A82: 2028 | B82: =B5/Output!B4*Output!B67 -> 0 | C82: =C5/Output!C4*Output!C67 -> 0 | D82: =D5/Output!D4*Output!D67 -> 0 | E82: =E5/Output!E4*Output!E67 -> 0 | F82: =F5/Output!F4*Output!F67 -> 0 | G82: =G5/Output!G4*Output!G67 -> 0 | H82: =H5/Output!H4*Output!H67 -> 0 | I82: =I5/Output!I4*Output!I67 -> 0 | ... BF82: =BF5/Output!BF4*Output!BF67 -> 0 | BH82: =SUM(B82:AI82,AK82:AM82,AP82,AR82:AS82,AU82,AW82:BF82)/1000 -> 58.277353
A83: 2029 | B83: =B6/Output!B5*Output!B68 -> 0 | C83: =C6/Output!C5*Output!C68 -> 0 | D83: =D6/Output!D5*Output!D68 -> 0 | E83: =E6/Output!E5*Output!E68 -> 0 | F83: =F6/Output!F5*Output!F68 -> 0 | G83: =G6/Output!G5*Output!G68 -> 0 | H83: =H6/Output!H5*Output!H68 -> 0 | I83: =I6/Output!I5*Output!I68 -> 0 | ... BF83: =BF6/Output!BF5*Output!BF68 -> 0 | BH83: =SUM(B83:AI83,AK83:AM83,AP83,AR83:AS83,AU83,AW83:BF83)/1000 -> 101.97988
A84: 2030 | B84: =B7/Output!B6*Output!B69 -> 0 | C84: =C7/Output!C6*Output!C69 -> 0 | D84: =D7/Output!D6*Output!D69 -> 0 | E84: =E7/Output!E6*Output!E69 -> 0 | F84: =F7/Output!F6*Output!F69 -> 0 | G84: =G7/Output!G6*Output!G69 -> 0 | H84: =H7/Output!H6*Output!H69 -> 0 | I84: =I7/Output!I6*Output!I69 -> 0 | ... BF84: =BF7/Output!BF6*Output!BF69 -> 0 | BH84: =SUM(B84:AI84,AK84:AM84,AP84,AR84:AS84,AU84,AW84:BF84)/1000 -> 0.12081709
A85: 2031 | B85: =B8/Output!B7*Output!B70 -> 0 | C85: =C8/Output!C7*Output!C70 -> 0 | D85: =D8/Output!D7*Output!D70 -> 0 | E85: =E8/Output!E7*Output!E70 -> 0 | F85: =F8/Output!F7*Output!F70 -> 0 | G85: =G8/Output!G7*Output!G70 -> 0 | H85: =H8/Output!H7*Output!H70 -> 0 | I85: =I8/Output!I7*Output!I70 -> 0 | ... BF85: =BF8/Output!BF7*Output!BF70 -> 0 | BH85: =SUM(B85:AI85,AK85:AM85,AP85,AR85:AS85,AU85,AW85:BF85)/1000 -> 0.17009288
A86: 2032 | B86: =B9/Output!B8*Output!B71 -> 0 | C86: =C9/Output!C8*Output!C71 -> 0 | D86: =D9/Output!D8*Output!D71 -> 0 | E86: =E9/Output!E8*Output!E71 -> 0 | F86: =F9/Output!F8*Output!F71 -> 0 | G86: =G9/Output!G8*Output!G71 -> 0 | H86: =H9/Output!H8*Output!H71 -> 0 | I86: =I9/Output!I8*Output!I71 -> 0 | ... BF86: =BF9/Output!BF8*Output!BF71 -> 0 | BH86: =SUM(B86:AI86,AK86:AM86,AP86,AR86:AS86,AU86,AW86:BF86)/1000 -> 0.2173768
A87: 2033 | B87: =B10/Output!B9*Output!B72 -> 0 | C87: =C10/Output!C9*Output!C72 -> 0 | D87: =D10/Output!D9*Output!D72 -> 0 | E87: =E10/Output!E9*Output!E72 -> 0 | F87: =F10/Output!F9*Output!F72 -> 0 | G87: =G10/Output!G9*Output!G72 -> 0 | H87: =H10/Output!H9*Output!H72 -> 0 | I87: =I10/Output!I9*Output!I72 -> 0 | ... BF87: =BF10/Output!BF9*Output!BF72 -> 0 | BH87: =SUM(B87:AI87,AK87:AM87,AP87,AR87:AS87,AU87,AW87:BF87)/1000 -> 0.25350247
A88: 2034 | B88: =B11/Output!B10*Output!B73 -> 0 | C88: =C11/Output!C10*Output!C73 -> 0 | D88: =D11/Output!D10*Output!D73 -> 0 | E88: =E11/Output!E10*Output!E73 -> 0 | F88: =F11/Output!F10*Output!F73 -> 0 | G88: =G11/Output!G10*Output!G73 -> 0 | H88: =H11/Output!H10*Output!H73 -> 0 | I88: =I11/Output!I10*Output!I73 -> 0 | ... BF88: =BF11/Output!BF10*Output!BF73 -> 0 | BH88: =SUM(B88:AI88,AK88:AM88,AP88,AR88:AS88,AU88,AW88:BF88)/1000 -> 0.28580379
A89: 2035 | B89: =B12/Output!B11*Output!B74 -> 0 | C89: =C12/Output!C11*Output!C74 -> 0 | D89: =D12/Output!D11*Output!D74 -> 0 | E89: =E12/Output!E11*Output!E74 -> 0 | F89: =F12/Output!F11*Output!F74 -> 0 | G89: =G12/Output!G11*Output!G74 -> 0 | H89: =H12/Output!H11*Output!H74 -> 0 | I89: =I12/Output!I11*Output!I74 -> 0 | ... BF89: =BF12/Output!BF11*Output!BF74 -> 0 | BH89: =SUM(B89:AI89,AK89:AM89,AP89,AR89:AS89,AU89,AW89:BF89)/1000 -> 0.28331645
A91: Emissions avoided (kgCO2) | BH91: Total avoided emissions (GtCO2)
A93: 2028 | B93: =B5/Output!B4*Output!B76 -> 5228245.7 | C93: =C5/Output!C4*Output!C76 -> 7521284.7 | D93: =D5/Output!D4*Output!D76 -> 4.0181825e+08 | E93: =E5/Output!E4*Output!E76 -> 16663958 | F93: =F5/Output!F4*Output!F76 -> 39544130 | G93: =G5/Output!G4*Output!G76 -> 48506089 | H93: =H5/Output!H4*Output!H76 -> 8997840.6 | I93: =I5/Output!I4*Output!I76 -> 5402219.6 | ... BF93: =BF5/Output!BF4*Output!BF76 -> 14891137 | BH93: =SUM(B93:AI93,AK93:AM93,AP93,AR93:AS93,AU93,AW93:BF93)/10^9 -> 14.726668
A94: 2029 | B94: =B6/Output!B5*Output!B77 -> 12592338 | C94: =C6/Output!C5*Output!C77 -> 18268770 | D94: =D6/Output!D5*Output!D77 -> 1.0504922e+09 | E94: =E6/Output!E5*Output!E77 -> 42518815 | F94: =F6/Output!F5*Output!F77 -> 1.0261404e+08 | G94: =G6/Output!G5*Output!G77 -> 1.2474605e+08 | H94: =H6/Output!H5*Output!H77 -> 22446518 | I94: =I6/Output!I5*Output!I77 -> 11495660 | ... BF94: =BF6/Output!BF5*Output!BF77 -> 36096762 | BH94: =SUM(B94:AI94,AK94:AM94,AP94,AR94:AS94,AU94,AW94:BF94)/10^9 -> 38.639125
A95: 2030 | B95: =B7/Output!B6*Output!B78 -> 21054026 | C95: =C7/Output!C6*Output!C78 -> 30626017 | D95: =D7/Output!D6*Output!D78 -> 1.88907e+09 | E95: =E7/Output!E6*Output!E78 -> 74507336 | F95: =F7/Output!F6*Output!F78 -> 1.8318049e+08 | G95: =G7/Output!G6*Output!G78 -> 2.2050877e+08 | H95: =H7/Output!H6*Output!H78 -> 38593411 | I95: =I7/Output!I6*Output!I78 -> 17269758 | ... BF95: =BF7/Output!BF6*Output!BF78 -> 59642821 | BH95: =SUM(B95:AI95,AK95:AM95,AP95,AR95:AS95,AU95,AW95:BF95)/10^9 -> 69.704533
A96: 2031 | B96: =B8/Output!B7*Output!B79 -> 27702042 | C96: =C8/Output!C7*Output!C79 -> 43115537 | D96: =D8/Output!D7*Output!D79 -> 2.7305063e+09 | E96: =E8/Output!E7*Output!E79 -> 1.0332797e+08 | F96: =F8/Output!F7*Output!F79 -> 2.6503802e+08 | G96: =G8/Output!G7*Output!G79 -> 3.0747755e+08 | H96: =H8/Output!H7*Output!H79 -> 51447931 | I96: =I8/Output!I7*Output!I79 -> 13481247 | ... BF96: =BF8/Output!BF7*Output!BF79 -> 74872991 | BH96: =SUM(B96:AI96,AK96:AM96,AP96,AR96:AS96,AU96,AW96:BF96)/10^9 -> 101.86501
A97: 2032 | B97: =B9/Output!B8*Output!B80 -> 35753743 | C97: =C9/Output!C8*Output!C80 -> 55519961 | D97: =D9/Output!D8*Output!D80 -> 3.4418631e+09 | E97: =E9/Output!E8*Output!E80 -> 1.255308e+08 | F97: =F9/Output!F8*Output!F80 -> 3.3775861e+08 | G97: =G9/Output!G8*Output!G80 -> 3.7653881e+08 | H97: =H9/Output!H8*Output!H80 -> 61863968 | I97: =I9/Output!I8*Output!I80 -> 16416797 | ... BF97: =BF9/Output!BF8*Output!BF80 -> 95550889 | BH97: =SUM(B97:AI97,AK97:AM97,AP97,AR97:AS97,AU97,AW97:BF97)/10^9 -> 130.68271
A98: 2033 | B98: =B10/Output!B9*Output!B81 -> 42593088 | C98: =C10/Output!C9*Output!C81 -> 65992297 | D98: =D10/Output!D9*Output!D81 -> 3.9752574e+09 | E98: =E10/Output!E9*Output!E81 -> 1.4075899e+08 | F98: =F10/Output!F9*Output!F81 -> 3.971699e+08 | G98: =G10/Output!G9*Output!G81 -> 4.2524893e+08 | H98: =H10/Output!H9*Output!H81 -> 68716665 | I98: =I10/Output!I9*Output!I81 -> 18482821 | ... BF98: =BF10/Output!BF9*Output!BF81 -> 1.125844e+08 | BH98: =SUM(B98:AI98,AK98:AM98,AP98,AR98:AS98,AU98,AW98:BF98)/10^9 -> 153.35965
A99: 2034 | B99: =B11/Output!B10*Output!B82 -> 47501383 | C99: =C11/Output!C10*Output!C82 -> 73435940 | D99: =D11/Output!D10*Output!D82 -> 4.2648516e+09 | E99: =E11/Output!E10*Output!E82 -> 1.4776955e+08 | F99: =F11/Output!F10*Output!F82 -> 4.3698439e+08 | G99: =G11/Output!G10*Output!G82 -> 4.4924945e+08 | H99: =H11/Output!H10*Output!H82 -> 71519177 | I99: =I11/Output!I10*Output!I82 -> 19513555 | ... BF99: =BF11/Output!BF10*Output!BF82 -> 1.2418445e+08 | BH99: =SUM(B99:AI99,AK99:AM99,AP99,AR99:AS99,AU99,AW99:BF99)/10^9 -> 166.86937
A100: 2035 | B100: =B12/Output!B11*Output!B83 -> 49819305 | C100: =C12/Output!C11*Output!C83 -> 76854517 | D100: =D12/Output!D11*Output!D83 -> 4.2666086e+09 | E100: =E12/Output!E11*Output!E83 -> 1.4591443e+08 | F100: =F12/Output!F11*Output!F83 -> 4.5179221e+08 | G100: =G12/Output!G11*Output!G83 -> 4.4601592e+08 | H100: =H12/Output!H11*Output!H83 -> 70069994 | I100: =I12/Output!I11*Output!I83 -> 19408389 | ... BF100: =BF12/Output!BF11*Output!BF83 -> 1.2878135e+08 | BH100: =SUM(B100:AI100,AK100:AM100,AP100,AR100:AS100,AU100,AW100:BF100)/10^9 -> 168.94144
A102: Carbon Captured (kgCO2) | BH102: Total carbon captured (GtCO2)
A104: 2028 | B104: =B5/Output!B4*Output!B85 -> 0 | C104: =C5/Output!C4*Output!C85 -> 0 | D104: =D5/Output!D4*Output!D85 -> 0 | E104: =E5/Output!E4*Output!E85 -> 0 | F104: =F5/Output!F4*Output!F85 -> 0 | G104: =G5/Output!G4*Output!G85 -> 0 | H104: =H5/Output!H4*Output!H85 -> 0 | I104: =I5/Output!I4*Output!I85 -> 0 | ... BF104: =BF5/Output!BF4*Output!BF85 -> 0 | BH104: =SUM(B104:AI104,AK104:AM104,AP104,AR104:AS104,AU104,AW104:BF104)/10^9 -> 0.35970974
A105: 2029 | B105: =B6/Output!B5*Output!B86 -> 0 | C105: =C6/Output!C5*Output!C86 -> 0 | D105: =D6/Output!D5*Output!D86 -> 0 | E105: =E6/Output!E5*Output!E86 -> 0 | F105: =F6/Output!F5*Output!F86 -> 0 | G105: =G6/Output!G5*Output!G86 -> 0 | H105: =H6/Output!H5*Output!H86 -> 0 | I105: =I6/Output!I5*Output!I86 -> 0 | ... BF105: =BF6/Output!BF5*Output!BF86 -> 0 | BH105: =SUM(B105:AI105,AK105:AM105,AP105,AR105:AS105,AU105,AW105:BF105)/10^9 -> 0.92156494
A106: 2030 | B106: =B7/Output!B6*Output!B87 -> 0 | C106: =C7/Output!C6*Output!C87 -> 0 | D106: =D7/Output!D6*Output!D87 -> 0 | E106: =E7/Output!E6*Output!E87 -> 0 | F106: =F7/Output!F6*Output!F87 -> 0 | G106: =G7/Output!G6*Output!G87 -> 0 | H106: =H7/Output!H6*Output!H87 -> 0 | I106: =I7/Output!I6*Output!I87 -> 0 | ... BF106: =BF7/Output!BF6*Output!BF87 -> 0 | BH106: =SUM(B106:AI106,AK106:AM106,AP106,AR106:AS106,AU106,AW106:BF106)/10^9 -> 1.4323299
A107: 2031 | B107: =B8/Output!B7*Output!B88 -> 0 | C107: =C8/Output!C7*Output!C88 -> 0 | D107: =D8/Output!D7*Output!D88 -> 0 | E107: =E8/Output!E7*Output!E88 -> 0 | F107: =F8/Output!F7*Output!F88 -> 0 | G107: =G8/Output!G7*Output!G88 -> 0 | H107: =H8/Output!H7*Output!H88 -> 0 | I107: =I8/Output!I7*Output!I88 -> 0 | ... BF107: =BF8/Output!BF7*Output!BF88 -> 0 | BH107: =SUM(B107:AI107,AK107:AM107,AP107,AR107:AS107,AU107,AW107:BF107)/10^9 -> 1.9491936
A108: 2032 | B108: =B9/Output!B8*Output!B89 -> 0 | C108: =C9/Output!C8*Output!C89 -> 0 | D108: =D9/Output!D8*Output!D89 -> 0 | E108: =E9/Output!E8*Output!E89 -> 0 | F108: =F9/Output!F8*Output!F89 -> 0 | G108: =G9/Output!G8*Output!G89 -> 0 | H108: =H9/Output!H8*Output!H89 -> 0 | I108: =I9/Output!I8*Output!I89 -> 0 | ... BF108: =BF9/Output!BF8*Output!BF89 -> 0 | BH108: =SUM(B108:AI108,AK108:AM108,AP108,AR108:AS108,AU108,AW108:BF108)/10^9 -> 2.4887298
A109: 2033 | B109: =B10/Output!B9*Output!B90 -> 0 | C109: =C10/Output!C9*Output!C90 -> 0 | D109: =D10/Output!D9*Output!D90 -> 0 | E109: =E10/Output!E9*Output!E90 -> 0 | F109: =F10/Output!F9*Output!F90 -> 0 | G109: =G10/Output!G9*Output!G90 -> 0 | H109: =H10/Output!H9*Output!H90 -> 0 | I109: =I10/Output!I9*Output!I90 -> 0 | ... BF109: =BF10/Output!BF9*Output!BF90 -> 0 | BH109: =SUM(B109:AI109,AK109:AM109,AP109,AR109:AS109,AU109,AW109:BF109)/10^9 -> 2.9182441
A110: 2034 | B110: =B11/Output!B10*Output!B91 -> 0 | C110: =C11/Output!C10*Output!C91 -> 0 | D110: =D11/Output!D10*Output!D91 -> 0 | E110: =E11/Output!E10*Output!E91 -> 0 | F110: =F11/Output!F10*Output!F91 -> 0 | G110: =G11/Output!G10*Output!G91 -> 0 | H110: =H11/Output!H10*Output!H91 -> 0 | I110: =I11/Output!I10*Output!I91 -> 0 | ... BF110: =BF11/Output!BF10*Output!BF91 -> 0 | BH110: =SUM(B110:AI110,AK110:AM110,AP110,AR110:AS110,AU110,AW110:BF110)/10^9 -> 3.1850971
A111: 2035 | B111: =B12/Output!B11*Output!B92 -> 0 | C111: =C12/Output!C11*Output!C92 -> 0 | D111: =D12/Output!D11*Output!D92 -> 0 | E111: =E12/Output!E11*Output!E92 -> 0 | F111: =F12/Output!F11*Output!F92 -> 0 | G111: =G12/Output!G11*Output!G92 -> 0 | H111: =H12/Output!H11*Output!H92 -> 0 | I111: =I12/Output!I11*Output!I92 -> 0 | ... BF111: =BF12/Output!BF11*Output!BF92 -> 0 | BH111: =SUM(B111:AI111,AK111:AM111,AP111,AR111:AS111,AU111,AW111:BF111)/10^9 -> 3.2472626
A113: Solar Power Supplied (kWh) | BH113: Total solar power supplied (TWh)
A115: 2028 | B115: =B5/Output!B4*Output!B94 -> 0 | C115: =C5/Output!C4*Output!C94 -> 17421309 | D115: =D5/Output!D4*Output!D94 -> 3.982354e+08 | E115: =E5/Output!E4*Output!E94 -> 26270225 | F115: =F5/Output!F4*Output!F94 -> 1.1525748e+08 | G115: =G5/Output!G4*Output!G94 -> 32645670 | H115: =H5/Output!H4*Output!H94 -> 0 | I115: =I5/Output!I4*Output!I94 -> 0 | ... BF115: =BF5/Output!BF4*Output!BF94 -> 10648932 | BH115: =SUM(B115:AI115,AK115:AM115,AP115,AR115:AS115,AU115,AW115:BF115)/10^9 -> 21.78716
A116: 2029 | B116: =B6/Output!B5*Output!B95 -> 0 | C116: =C6/Output!C5*Output!C95 -> 52609676 | D116: =D6/Output!D5*Output!D95 -> 1.0629892e+09 | E116: =E6/Output!E5*Output!E95 -> 74322564 | F116: =F6/Output!F5*Output!F95 -> 3.0600195e+08 | G116: =G6/Output!G5*Output!G95 -> 1.0117187e+08 | H116: =H6/Output!H5*Output!H95 -> 0 | I116: =I6/Output!I5*Output!I95 -> 0 | ... BF116: =BF6/Output!BF5*Output!BF95 -> 0 | BH116: =SUM(B116:AI116,AK116:AM116,AP116,AR116:AS116,AU116,AW116:BF116)/10^9 -> 59.157734
A117: 2030 | B117: =B7/Output!B6*Output!B96 -> 0 | C117: =C7/Output!C6*Output!C96 -> 1.0536181e+08 | D117: =D7/Output!D6*Output!D96 -> 1.9507842e+09 | E117: =E7/Output!E6*Output!E96 -> 1.4210072e+08 | F117: =F7/Output!F6*Output!F96 -> 5.5680801e+08 | G117: =G7/Output!G6*Output!G96 -> 2.0646095e+08 | H117: =H7/Output!H6*Output!H96 -> 0 | I117: =I7/Output!I6*Output!I96 -> 0 | ... BF117: =BF7/Output!BF6*Output!BF96 -> 0 | BH117: =SUM(B117:AI117,AK117:AM117,AP117,AR117:AS117,AU117,AW117:BF117)/10^9 -> 110.64711
A118: 2031 | B118: =B8/Output!B7*Output!B97 -> 0 | C118: =C8/Output!C7*Output!C97 -> 1.4788152e+08 | D118: =D8/Output!D7*Output!D97 -> 2.8580848e+09 | E118: =E8/Output!E7*Output!E97 -> 2.0263615e+08 | F118: =F8/Output!F7*Output!F97 -> 8.1017489e+08 | G118: =G8/Output!G7*Output!G97 -> 2.8484473e+08 | H118: =H8/Output!H7*Output!H97 -> 0 | I118: =I8/Output!I7*Output!I97 -> 0 | ... BF118: =BF8/Output!BF7*Output!BF97 -> 0 | BH118: =SUM(B118:AI118,AK118:AM118,AP118,AR118:AS118,AU118,AW118:BF118)/10^9 -> 166.11917
A119: 2032 | B119: =B9/Output!B8*Output!B98 -> 0 | C119: =C9/Output!C8*Output!C98 -> 1.8497548e+08 | D119: =D9/Output!D8*Output!D98 -> 3.6657079e+09 | E119: =E9/Output!E8*Output!E98 -> 2.5302175e+08 | F119: =F9/Output!F8*Output!F98 -> 1.0338061e+09 | G119: =G9/Output!G8*Output!G98 -> 3.4267817e+08 | H119: =H9/Output!H8*Output!H98 -> 0 | I119: =I9/Output!I8*Output!I98 -> 0 | ... BF119: =BF9/Output!BF8*Output!BF98 -> 0 | BH119: =SUM(B119:AI119,AK119:AM119,AP119,AR119:AS119,AU119,AW119:BF119)/10^9 -> 218.04816
A120: 2033 | B120: =B10/Output!B9*Output!B99 -> 0 | C120: =C10/Output!C9*Output!C99 -> 2.1342527e+08 | D120: =D10/Output!D9*Output!D99 -> 4.3135231e+09 | E120: =E10/Output!E9*Output!E99 -> 2.9147005e+08 | F120: =F10/Output!F9*Output!F99 -> 1.2155601e+09 | G120: =G10/Output!G9*Output!G99 -> 3.7838993e+08 | H120: =H10/Output!H9*Output!H99 -> 0 | I120: =I10/Output!I9*Output!I99 -> 0 | ... BF120: =BF10/Output!BF9*Output!BF99 -> 0 | BH120: =SUM(B120:AI120,AK120:AM120,AP120,AR120:AS120,AU120,AW120:BF120)/10^9 -> 262.16506
A121: 2034 | B121: =B11/Output!B10*Output!B100 -> 30498667 | C121: =C11/Output!C10*Output!C100 -> 2.3037373e+08 | D121: =D11/Output!D10*Output!D100 -> 4.7212252e+09 | E121: =E11/Output!E10*Output!E100 -> 3.1416133e+08 | F121: =F11/Output!F10*Output!F100 -> 1.3355139e+09 | G121: =G11/Output!G10*Output!G100 -> 3.8865149e+08 | H121: =H11/Output!H10*Output!H100 -> 0 | I121: =I11/Output!I10*Output!I100 -> 0 | ... BF121: =BF11/Output!BF10*Output!BF100 -> 0 | BH121: =SUM(B121:AI121,AK121:AM121,AP121,AR121:AS121,AU121,AW121:BF121)/10^9 -> 292.68216
...

Sheet Peak 2035-Nominal-Medium
A1: Country | B1: Austria | C1: Belgium | D1: Australia | E1: Bulgaria | F1: Canada | G1: Czech Republic | H1: Denmark | I1: Finland | J1: France | K1: Germany | L1: Greece | M1: Hungary | N1: Ireland | O1: Italy | P1: Japan | Q1: Latvia | R1: Lithuania | S1: Netherlands | T1: New Zealand | U1: Norway | V1: Poland | W1: Portugal | X1: Romania | Y1: Slovenia | Z1: Spain | AA1: Sweden | AB1: Switzerland | AC1: Turkey | AD1: United Kingdom | AE1: US | AF1: China | AG1: South Korea | AH1: India | AI1: Indonesia | AJ1: Malaysia | AK1: Pakistan | AL1: Philippines | AM1: Singapore | AN1: Taiwan | AO1: Thailand | AP1: Vietnam | AQ1: Iran | AR1: Israel | AS1: Kenya | AT1: Nigeria | AU1: Oman | AV1: Saudi Arabia | AW1: South Africa | AX1: UAE | AY1: Argentina | AZ1: Brazil | BA1: Chile | BB1: Colombia | BC1: Mexico | BD1: Peru | BE1: Russia | BF1: Ukraine
A3: Year
A5: 2028 | B5: 1.0041388e+09 | C5: 1.0255034e+09 | D5: 8.4236583e+09 | E5: 6.4093964e+08 | F5: 3.3198677e+09 | G5: 1.110962e+09 | H5: 1.23915e+09 | I5: 1.6664431e+09 | J5: 5.8325507e+09 | K5: 9.7636471e+09 | L5: 4.2729309e+08 | M5: 4.0592844e+08 | N5: 2.6278525e+09 | O5: 3.8242732e+09 | P5: 5.984375e+09 | Q5: 5.3411636e+08 | R5: 4.0592844e+08 | S5: 4.1020137e+09 | T5: 1.7888077e+09 | U5: 1.5809844e+09 | V5: 1.8800896e+09 | W5: 8.9731549e+08 | X5: 1.2818793e+09 | Y5: 4.4865775e+08 | Z5: 3.6747206e+09 | AA5: 2.2005594e+09 | AB5: 2.4355706e+09 | AC5: 1.7732663e+09 | AD5: 9.4859066e+09 | AE5: 2.0369138e+11 | AF5: 1.0801266e+11 | AG5: 2.7319973e+09 | AH5: 8.618801e+09 | AI5: 4.6183764e+09 | AJ5: 3.5125679e+09 | AK5: 7.155231e+08 | AL5: 8.1309443e+08 | AM5: 2.4392833e+09 | AN5: 7.155231e+08 | AO5: 1.6261889e+09 | AP5: 9.4318954e+08 | AQ5: 1.1583471e+08 | AR5: 3.2433719e+08 | AS5: 2.325919e+08 | AT5: 2.0810855e+08 | AU5: 86876032 | AV5: 2.4904462e+08 | AW5: 6.8553403e+08 | AX5: 3.2433719e+08 | AY5: 1.403254e+08 | AZ5: 7.6353528e+08 | BA5: 2.6414193e+08 | BB5: 1.6508871e+08 | BC5: 7.0711984e+08 | BD5: 61908266 | BE5: 4.6964069e+09 | BF5: 7.9049222e+08
A6: 2029 | B6: 1.2908581e+09 | C6: 1.3183231e+09 | D6: 1.1140898e+10 | E6: 8.2395196e+08 | F6: 4.3013782e+09 | G6: 1.4281834e+09 | H6: 1.5929738e+09 | I6: 2.1422751e+09 | J6: 7.4979628e+09 | K6: 1.2551535e+10 | L6: 5.493013e+08 | M6: 5.2183624e+08 | N6: 3.378203e+09 | O6: 4.9162467e+09 | P6: 7.9147693e+09 | Q6: 6.8662663e+08 | R6: 5.2183624e+08 | S6: 5.2732925e+09 | T6: 2.3658278e+09 | U6: 2.0324148e+09 | V6: 2.4169257e+09 | W6: 1.1535327e+09 | X6: 1.6479039e+09 | Y6: 5.7676637e+08 | Z6: 4.7239912e+09 | AA6: 2.8289017e+09 | AB6: 3.1310174e+09 | AC6: 2.2796004e+09 | AD6: 1.2194489e+10 | AE6: 2.7083136e+11 | AF6: 1.4704678e+11 | AG6: 3.6132642e+09 | AH6: 1.1398988e+10 | AI6: 6.1081372e+09 | AJ6: 4.6456254e+09 | AK6: 9.4633111e+08 | AL6: 1.0753763e+09 | AM6: 3.2261288e+09 | AN6: 9.4633111e+08 | AO6: 2.1507525e+09 | AP6: 1.2474365e+09 | AQ6: 1.5116994e+08 | AR6: 4.2327584e+08 | AS6: 3.056279e+08 | AT6: 2.7345654e+08 | AU6: 1.1337746e+08 | AV6: 3.2501538e+08 | AW6: 9.0079803e+08 | AX6: 4.2327584e+08 | AY6: 1.8389293e+08 | AZ6: 1.0005939e+09 | BA6: 3.461514e+08 | BB6: 2.1634462e+08 | BC6: 9.1617803e+08 | BD6: 81129233 | BE6: 6.1366104e+09 | BF6: 1.0162074e+09
A7: 2030 | B7: 1.5208708e+09 | C7: 1.5532297e+09 | D7: 1.3524351e+10 | E7: 9.7076858e+08 | F7: 5.1098581e+09 | G7: 1.6826655e+09 | H7: 1.8768193e+09 | I7: 2.5239983e+09 | J7: 8.8339941e+09 | K7: 1.4788041e+10 | L7: 6.4717906e+08 | M7: 6.148201e+08 | N7: 3.9801512e+09 | O7: 5.7922526e+09 | P7: 9.6080333e+09 | Q7: 8.0897382e+08 | R7: 6.148201e+08 | S7: 6.2129189e+09 | T7: 2.8719665e+09 | U7: 2.3945625e+09 | V7: 2.8475878e+09 | W7: 1.359076e+09 | X7: 1.9415372e+09 | Y7: 6.7953801e+08 | Z7: 5.5657399e+09 | AA7: 3.3329721e+09 | AB7: 3.6889206e+09 | AC7: 2.6857931e+09 | AD7: 1.4367375e+10 | AE7: 3.3061019e+11 | AF7: 1.8399751e+11 | AG7: 4.3862761e+09 | AH7: 1.3837657e+10 | AI7: 7.4148953e+09 | AJ7: 5.6394978e+09 | AK7: 1.1487866e+09 | AL7: 1.3054393e+09 | AM7: 3.9163179e+09 | AN7: 1.1487866e+09 | AO7: 2.6108786e+09 | AP7: 1.5143096e+09 | AQ7: 1.8095597e+08 | AR7: 5.0667673e+08 | AS7: 3.6849001e+08 | AT7: 3.2970159e+08 | AU7: 1.3571698e+08 | AV7: 3.8905534e+08 | AW7: 1.0860758e+09 | AX7: 5.0667673e+08 | AY7: 2.2108947e+08 | AZ7: 1.2029868e+09 | BA7: 4.1616842e+08 | BB7: 2.6010526e+08 | BC7: 1.0883813e+09 | BD7: 97539474 | BE7: 7.355295e+09 | BF7: 1.1972813e+09
A8: 2031 | B8: 1.6951907e+09 | C8: 1.7312586e+09 | D8: 1.5509e+10 | E8: 1.0820366e+09 | F8: 5.7408709e+09 | G8: 1.8755302e+09 | H8: 2.0919375e+09 | I8: 2.8132952e+09 | J8: 9.8465333e+09 | K8: 1.6483025e+10 | L8: 7.2135775e+08 | M8: 6.8528987e+08 | N8: 4.4363502e+09 | O8: 6.4561519e+09 | P8: 1.1017977e+10 | Q8: 9.0169719e+08 | R8: 6.8528987e+08 | S8: 6.9250344e+09 | T8: 3.2934171e+09 | U8: 2.6690237e+09 | V8: 3.1739741e+09 | W8: 1.5148513e+09 | X8: 2.1640733e+09 | Y8: 7.5742564e+08 | Z8: 6.2036767e+09 | AA8: 3.7149924e+09 | AB8: 4.1117392e+09 | AC8: 2.9936347e+09 | AD8: 1.6014142e+10 | AE8: 3.8110853e+11 | AF8: 2.1699571e+11 | AG8: 5.0299461e+09 | AH8: 1.5868282e+10 | AI8: 8.503004e+09 | AJ8: 6.4670735e+09 | AK8: 1.3173668e+09 | AL8: 1.4970078e+09 | AM8: 4.4910233e+09 | AN8: 1.3173668e+09 | AO8: 2.9940155e+09 | AP8: 1.736529e+09 | AQ8: 2.0478254e+08 | AR8: 5.7339111e+08 | AS8: 4.1986027e+08 | AT8: 3.7566445e+08 | AU8: 1.535869e+08 | AV8: 4.4028246e+08 | AW8: 1.2374829e+09 | AX8: 5.7339111e+08 | AY8: 2.5123787e+08 | AZ8: 1.3670296e+09 | BA8: 4.7291834e+08 | BB8: 2.9557396e+08 | BC8: 1.2227848e+09 | BD8: 1.1084024e+08 | BE8: 8.33404e+09 | BF8: 1.3345118e+09
A9: 2032 | B9: 1.806635e+09 | C9: 1.845074e+09 | D9: 1.6945181e+10 | E9: 1.1531713e+09 | F9: 6.161364e+09 | G9: 1.9988302e+09 | H9: 2.2294645e+09 | I9: 2.9982453e+09 | J9: 1.0493859e+10 | K9: 1.7566643e+10 | L9: 7.6878085e+08 | M9: 7.3034181e+08 | N9: 4.7280023e+09 | O9: 6.8805886e+09 | P9: 1.2038275e+10 | Q9: 9.6097607e+08 | R9: 7.3034181e+08 | S9: 7.3802962e+09 | T9: 3.5983975e+09 | U9: 2.8444892e+09 | V9: 3.3826358e+09 | W9: 1.6144398e+09 | X9: 2.3063426e+09 | Y9: 8.072199e+08 | Z9: 6.6115153e+09 | AA9: 3.9592214e+09 | AB9: 4.3820509e+09 | AC9: 3.1904405e+09 | AD9: 1.7066935e+10 | AE9: 4.1827427e+11 | AF9: 2.4281066e+11 | AG9: 5.4957344e+09 | AH9: 1.7337734e+10 | AI9: 9.2904081e+09 | AJ9: 7.0659442e+09 | AK9: 1.439359e+09 | AL9: 1.6356352e+09 | AM9: 4.9069057e+09 | AN9: 1.439359e+09 | AO9: 3.2712705e+09 | AP9: 1.8973369e+09 | AQ9: 2.2118708e+08 | AR9: 6.1932382e+08 | AS9: 4.5619668e+08 | AT9: 4.0817598e+08 | AU9: 1.6589031e+08 | AV9: 4.7555222e+08 | AW9: 1.3445797e+09 | AX9: 6.1932382e+08 | AY9: 2.7234614e+08 | AZ9: 1.4818834e+09 | BA9: 5.1265155e+08 | BB9: 3.2040722e+08 | BC9: 1.3123483e+09 | BD9: 1.2015271e+08 | BE9: 9.011368e+09 | BF9: 1.4222446e+09
A10: 2033 | B10: 1.9007358e+09 | C10: 1.941177e+09 | D10: 1.8144721e+10 | E10: 1.2132356e+09 | F10: 6.5146601e+09 | G10: 2.1029417e+09 | H10: 2.3455889e+09 | I10: 3.1544126e+09 | J10: 1.1040444e+10 | K10: 1.8481623e+10 | L10: 8.0882375e+08 | M10: 7.6838256e+08 | N10: 4.974266e+09 | O10: 7.2389725e+09 | P10: 1.2890458e+10 | Q10: 1.0110297e+09 | R10: 7.6838256e+08 | S10: 7.764708e+09 | T10: 3.8531262e+09 | U10: 2.9926479e+09 | V10: 3.5588245e+09 | W10: 1.6985299e+09 | X10: 2.4264712e+09 | Y10: 8.4926493e+08 | Z10: 6.9558842e+09 | AA10: 4.1654423e+09 | AB10: 4.6102954e+09 | AC10: 3.3566186e+09 | AD10: 1.7955887e+10 | AE10: 4.493027e+11 | AF10: 2.6438931e+11 | AG10: 5.8847745e+09 | AH10: 1.8565062e+10 | AI10: 9.9480712e+09 | AJ10: 7.5661387e+09 | AK10: 1.5412505e+09 | AL10: 1.751421e+09 | AM10: 5.254263e+09 | AN10: 1.5412505e+09 | AO10: 3.502842e+09 | AP10: 2.0316483e+09 | AQ10: 2.3492831e+08 | AR10: 6.5779928e+08 | AS10: 4.8657754e+08 | AT10: 4.3535885e+08 | AU10: 1.7619624e+08 | AV10: 5.0509587e+08 | AW10: 1.4341233e+09 | AX10: 6.5779928e+08 | AY10: 2.900058e+08 | AZ10: 1.5779727e+09 | BA10: 5.4589327e+08 | BB10: 3.411833e+08 | BC10: 1.3875991e+09 | BD10: 1.2794374e+08 | BE10: 9.578504e+09 | BF10: 1.4963239e+09
A11: 2034 | B11: 1.991519e+09 | C11: 2.0338917e+09 | D11: 1.9200579e+10 | E11: 1.2711823e+09 | F11: 6.8449034e+09 | G11: 2.2033827e+09 | H11: 2.4576191e+09 | I11: 3.305074e+09 | J11: 1.1567759e+10 | K11: 1.9364344e+10 | L11: 8.4745487e+08 | M11: 8.0508213e+08 | N11: 5.2118475e+09 | O11: 7.5847211e+09 | P11: 1.3640566e+10 | Q11: 1.0593186e+09 | R11: 8.0508213e+08 | S11: 8.1355668e+09 | T11: 4.0773431e+09 | U11: 3.135583e+09 | V11: 3.7288014e+09 | W11: 1.7796552e+09 | X11: 2.5423646e+09 | Y11: 8.8982762e+08 | Z11: 7.2881119e+09 | AA11: 4.3643926e+09 | AB11: 4.8304928e+09 | AC11: 3.5169377e+09 | AD11: 1.8813498e+10 | AE11: 4.7629796e+11 | AF11: 2.8244084e+11 | AG11: 6.227215e+09 | AH11: 1.9645381e+10 | AI11: 1.0526959e+10 | AJ11: 8.0064192e+09 | AK11: 1.6309373e+09 | AL11: 1.8533378e+09 | AM11: 5.5600134e+09 | AN11: 1.6309373e+09 | AO11: 3.7066756e+09 | AP11: 2.1498718e+09 | AQ11: 2.4746409e+08 | AR11: 6.9289946e+08 | AS11: 5.1375426e+08 | AT11: 4.5967487e+08 | AU11: 1.8559807e+08 | AV11: 5.320478e+08 | AW11: 1.5142231e+09 | AX11: 6.9289946e+08 | AY11: 3.0591996e+08 | AZ11: 1.6645645e+09 | BA11: 5.7584934e+08 | BB11: 3.5990583e+08 | BC11: 1.4579397e+09 | BD11: 1.3496469e+08 | BE11: 1.0093942e+10 | BF11: 1.5677915e+09
A12: 2035 | B12: 2.0836836e+09 | C12: 2.1280173e+09 | D12: 2.0141427e+10 | E12: 1.3300108e+09 | F12: 7.1669086e+09 | G12: 2.3053521e+09 | H12: 2.5713542e+09 | I12: 3.4580281e+09 | J12: 1.2103098e+10 | K12: 2.0260498e+10 | L12: 8.8667387e+08 | M12: 8.4234018e+08 | N12: 5.4530443e+09 | O12: 7.9357311e+09 | P12: 1.4308967e+10 | Q12: 1.1083423e+09 | R12: 8.4234018e+08 | S12: 8.5120691e+09 | T12: 4.2771369e+09 | U12: 3.2806933e+09 | V12: 3.901365e+09 | W12: 1.8620151e+09 | X12: 2.6600216e+09 | Y12: 9.3100756e+08 | Z12: 7.6253953e+09 | AA12: 4.5663704e+09 | AB12: 5.0540411e+09 | AC12: 3.6796966e+09 | AD12: 1.968416e+10 | AE12: 4.9987247e+11 | AF12: 2.9702567e+11 | AG12: 6.5323546e+09 | AH12: 2.0608023e+10 | AI12: 1.104279e+10 | AJ12: 8.3987416e+09 | AK12: 1.7108548e+09 | AL12: 1.9441531e+09 | AM12: 5.8324594e+09 | AN12: 1.7108548e+09 | AO12: 3.8883063e+09 | AP12: 2.2552176e+09 | AQ12: 2.5927786e+08 | AR12: 7.2597802e+08 | AS12: 5.3861495e+08 | AT12: 4.8191864e+08 | AU12: 1.944584e+08 | AV12: 5.5744741e+08 | AW12: 1.5874967e+09 | AX12: 7.2597802e+08 | AY12: 3.2064541e+08 | AZ12: 1.7446882e+09 | BA12: 6.0356782e+08 | BB12: 3.7722989e+08 | BC12: 1.5265257e+09 | BD12: 1.4146121e+08 | BE12: 1.0577012e+10 | BF12: 1.6403467e+09
A14: Solar Capacity (MW) | BH14: Total Solar Capacity (GW)
A16: 2028 | B16: =B5/Output!B4*Output!B22 -> 0 | C16: =C5/Output!C4*Output!C22 -> 16.517143 | D16: =D5/Output!D4*Output!D22 -> 180.91231 | E16: =E5/Output!E4*Output!E22 -> 22.24447 | F16: =F5/Output!F4*Output!F22 -> 48.59574 | G16: =G5/Output!G4*Output!G22 -> 12.382964 | H16: =H5/Output!H4*Output!H22 -> 0 | I16: =I5/Output!I4*Output!I22 -> 0 | ... BF16: =BF5/Output!BF4*Output!BF22 -> 8.7221043 | BH16: =SUM(B16:AI16,AK16:AM16,AP16,AR16:AS16,AU16,AW16:BF16)/1000 -> 19.739164
A17: 2029 | B17: =B6/Output!B5*Output!B23 -> 0 | C17: =C6/Output!C5*Output!C23 -> 49.878046 | D17: =D6/Output!D5*Output!D23 -> 482.90877 | E17: =E6/Output!E5*Output!E23 -> 62.933453 | F17: =F6/Output!F5*Output!F23 -> 129.02119 | G17: =G6/Output!G5*Output!G23 -> 38.378603 | H17: =H6/Output!H5*Output!H23 -> 0 | I17: =I6/Output!I5*Output!I23 -> 0 | ... BF17: =BF6/Output!BF5*Output!BF23 -> 0 | BH17: =SUM(B17:AI17,AK17:AM17,AP17,AR17:AS17,AU17,AW17:BF17)/1000 -> 53.425639
A18: 2030 | B18: =B7/Output!B6*Output!B24 -> 0 | C18: =C7/Output!C6*Output!C24 -> 99.888146 | D18: =D7/Output!D6*Output!D24 -> 886.24597 | E18: =E7/Output!E6*Output!E24 -> 124.3105 | F18: =F7/Output!F6*Output!F24 -> 234.76022 | G18: =G7/Output!G6*Output!G24 -> 79.028225 | H18: =H7/Output!H6*Output!H24 -> 0 | I18: =I7/Output!I6*Output!I24 -> 0 | ... BF18: =BF7/Output!BF6*Output!BF24 -> 0 | BH18: =SUM(B18:AI18,AK18:AM18,AP18,AR18:AS18,AU18,AW18:BF18)/1000 -> 100.67473
A19: 2031 | B19: =B8/Output!B7*Output!B25 -> 0 | C19: =C8/Output!C7*Output!C25 -> 142.31741 | D19: =D8/Output!D7*Output!D25 -> 1329.9927 | E19: =E8/Output!E7*Output!E25 -> 185.00884 | F19: =F8/Output!F7*Output!F25 -> 346.82521 | G19: =G8/Output!G7*Output!G25 -> 116.46736 | H19: =H8/Output!H7*Output!H25 -> 0 | I19: =I8/Output!I7*Output!I25 -> 0 | ... BF19: =BF8/Output!BF7*Output!BF25 -> 0 | BH19: =SUM(B19:AI19,AK19:AM19,AP19,AR19:AS19,AU19,AW19:BF19)/1000 -> 154.41988
A20: 2032 | B20: =B9/Output!B8*Output!B26 -> 0 | C20: =C9/Output!C8*Output!C26 -> 185.02775 | D20: =D9/Output!D8*Output!D26 -> 1849.5687 | E20: =E9/Output!E8*Output!E26 -> 236.09849 | F20: =F9/Output!F8*Output!F26 -> 460.09185 | G20: =G9/Output!G8*Output!G26 -> 147.06374 | H20: =H9/Output!H8*Output!H26 -> 0 | I20: =I9/Output!I8*Output!I26 -> 0 | ... BF20: =BF9/Output!BF8*Output!BF26 -> 0 | BH20: =SUM(B20:AI20,AK20:AM20,AP20,AR20:AS20,AU20,AW20:BF20)/1000 -> 210.57982
A21: 2033 | B21: =B10/Output!B9*Output!B27 -> 0 | C21: =C10/Output!C9*Output!C27 -> 228.47119 | D21: =D10/Output!D9*Output!D27 -> 2425.4985 | E21: =E10/Output!E9*Output!E27 -> 286.67881 | F21: =F10/Output!F9*Output!F27 -> 577.2233 | G21: =G10/Output!G9*Output!G27 -> 169.54519 | H21: =H10/Output!H9*Output!H27 -> 0 | I21: =I10/Output!I9*Output!I27 -> 0 | ... BF21: =BF10/Output!BF9*Output!BF27 -> 0 | BH21: =SUM(B21:AI21,AK21:AM21,AP21,AR21:AS21,AU21,AW21:BF21)/1000 -> 270.6726
A22: 2034 | B22: =B11/Output!B10*Output!B28 -> 46.618314 | C22: =C11/Output!C10*Output!C28 -> 275.85987 | D22: =D11/Output!D10*Output!D28 -> 2901.8845 | E22: =E11/Output!E10*Output!E28 -> 336.74354 | F22: =F11/Output!F10*Output!F28 -> 699.57297 | G22: =G11/Output!G10*Output!G28 -> 188.13314 | H22: =H11/Output!H10*Output!H28 -> 0 | I22: =I11/Output!I10*Output!I28 -> 0 | ... BF22: =BF11/Output!BF10*Output!BF28 -> 0 | BH22: =SUM(B22:AI22,AK22:AM22,AP22,AR22:AS22,AU22,AW22:BF22)/1000 -> 341.04918
A23: 2035 | B23: =B12/Output!B11*Output!B29 -> 219.80613 | C23: =C12/Output!C11*Output!C29 -> 315.85149 | D23: =D12/Output!D11*Output!D29 -> 3353.2908 | E23: =E12/Output!E11*Output!E29 -> 387.41779 | F23: =F12/Output!F11*Output!F29 -> 828.07698 | G23: =G12/Output!G11*Output!G29 -> 202.4204 | H23: =H12/Output!H11*Output!H29 -> 0 | I23: =I12/Output!I11*Output!I29 -> 292.84368 | ... BF23: =BF12/Output!BF11*Output!BF29 -> 0 | BH23: =SUM(B23:AI23,AK23:AM23,AP23,AR23:AS23,AU23,AW23:BF23)/1000 -> 408.08457
A25: Wind Capacity (MW) | BH25: Total Wind Capacity (GW)
A27: 2028 | B27: =B5/Output!B4*Output!B13 -> 34.443004 | C27: =C5/Output!C4*Output!C13 -> 13.464831 | D27: =D5/Output!D4*Output!D13 -> 57.226461 | E27: =E5/Output!E4*Output!E13 -> 8.2818182 | F27: =F5/Output!F4*Output!F13 -> 36.167763 | G27: =G5/Output!G4*Output!G13 -> 13.818322 | H27: =H5/Output!H4*Output!H13 -> 16.521793 | I27: =I5/Output!I4*Output!I13 -> 64.851219 | ... BF27: =BF5/Output!BF4*Output!BF13 -> 9.520246 | BH27: =SUM(B27:AI27,AK27:AM27,AP27,AR27:AS27,AU27,AW27:BF27)/1000 -> 3.3678126
A28: 2029 | B28: =B6/Output!B5*Output!B14 -> 88.880243 | C28: =C6/Output!C5*Output!C14 -> 33.280069 | D28: =D6/Output!D5*Output!D14 -> 149.94828 | E28: =E6/Output!E5*Output!E14 -> 19.746084 | F28: =F6/Output!F5*Output!F14 -> 92.376665 | G28: =G6/Output!G5*Output!G14 -> 32.21949 | H28: =H6/Output!H5*Output!H14 -> 42.475658 | I28: =I6/Output!I5*Output!I14 -> 167.08487 | ... BF28: =BF6/Output!BF5*Output!BF14 -> 28.585423 | BH28: =SUM(B28:AI28,AK28:AM28,AP28,AR28:AS28,AU28,AW28:BF28)/1000 -> 8.7256491
A29: 2030 | B29: =B7/Output!B6*Output!B15 -> 162.93698 | C29: =C7/Output!C6*Output!C15 -> 56.898718 | D29: =D7/Output!D6*Output!D15 -> 273.92971 | E29: =E7/Output!E6*Output!E15 -> 37.3485 | F29: =F7/Output!F6*Output!F15 -> 162.47453 | G29: =G7/Output!G6*Output!G15 -> 55.666869 | H29: =H7/Output!H6*Output!H15 -> 75.068165 | I29: =I7/Output!I6*Output!I15 -> 299.76407 | ... BF29: =BF7/Output!BF6*Output!BF15 -> 50.518415 | BH29: =SUM(B29:AI29,AK29:AM29,AP29,AR29:AS29,AU29,AW29:BF29)/1000 -> 16.33312
A30: 2031 | B30: =B8/Output!B7*Output!B16 -> 260.3098 | C30: =C8/Output!C7*Output!C16 -> 88.593857 | D30: =D8/Output!D7*Output!D16 -> 461.14453 | E30: =E8/Output!E7*Output!E16 -> 62.767361 | F30: =F8/Output!F7*Output!F16 -> 245.51031 | G30: =G8/Output!G7*Output!G16 -> 95.853764 | H30: =H8/Output!H7*Output!H16 -> 111.57678 | I30: =I8/Output!I7*Output!I16 -> 460.89534 | ... BF30: =BF8/Output!BF7*Output!BF16 -> 75.146504 | BH30: =SUM(B30:AI30,AK30:AM30,AP30,AR30:AS30,AU30,AW30:BF30)/1000 -> 26.877225
A31: 2032 | B31: =B9/Output!B8*Output!B17 -> 388.31473 | C31: =C9/Output!C8*Output!C17 -> 128.08096 | D31: =D9/Output!D8*Output!D17 -> 710.55552 | E31: =E9/Output!E8*Output!E17 -> 88.061088 | F31: =F9/Output!F8*Output!F17 -> 331.69497 | G31: =G9/Output!G8*Output!G17 -> 141.93022 | H31: =H9/Output!H8*Output!H17 -> 151.35125 | I31: =I9/Output!I8*Output!I17 -> 649.15069 | ... BF31: =BF9/Output!BF8*Output!BF17 -> 103.03213 | BH31: =SUM(B31:AI31,AK31:AM31,AP31,AR31:AS31,AU31,AW31:BF31)/1000 -> 38.46534
A32: 2033 | B32: =B10/Output!B9*Output!B18 -> 508.03029 | C32: =C10/Output!C9*Output!C18 -> 180.37481 | D32: =D10/Output!D9*Output!D18 -> 1023.7824 | E32: =E10/Output!E9*Output!E18 -> 116.76397 | F32: =F10/Output!F9*Output!F18 -> 426.37544 | G32: =G10/Output!G9*Output!G18 -> 193.19169 | H32: =H10/Output!H9*Output!H18 -> 199.9253 | I32: =I10/Output!I9*Output!I18 -> 887.91392 | ... BF32: =BF10/Output!BF9*Output!BF18 -> 137.89463 | BH32: =SUM(B32:AI32,AK32:AM32,AP32,AR32:AS32,AU32,AW32:BF32)/1000 -> 52.702365
A33: 2034 | B33: =B11/Output!B10*Output!B19 -> 599.06412 | C33: =C11/Output!C10*Output!C19 -> 251.06994 | D33: =D11/Output!D10*Output!D19 -> 1332.4705 | E33: =E11/Output!E10*Output!E19 -> 147.81876 | F33: =F11/Output!F10*Output!F19 -> 541.6166 | G33: =G11/Output!G10*Output!G19 -> 253.85126 | H33: =H11/Output!H10*Output!H19 -> 260.08307 | I33: =I11/Output!I10*Output!I19 -> 1165.4484 | ... BF33: =BF11/Output!BF10*Output!BF19 -> 182.23165 | BH33: =SUM(B33:AI33,AK33:AM33,AP33,AR33:AS33,AU33,AW33:BF33)/1000 -> 70.637888
A34: 2035 | B34: =B12/Output!B11*Output!B20 -> 601.44602 | C34: =C12/Output!C11*Output!C20 -> 309.3672 | D34: =D12/Output!D11*Output!D20 -> 1663.1739 | E34: =E12/Output!E11*Output!E20 -> 184.10151 | F34: =F12/Output!F11*Output!F20 -> 698.76305 | G34: =G12/Output!G11*Output!G20 -> 319.36634 | H34: =H12/Output!H11*Output!H20 -> 337.76435 | I34: =I12/Output!I11*Output!I20 -> 1316.8953 | ... BF34: =BF12/Output!BF11*Output!BF20 -> 240.97356 | BH34: =SUM(B34:AI34,AK34:AM34,AP34,AR34:AS34,AU34,AW34:BF34)/1000 -> 88.482983
A36: DAC Capacity (ktCO2/yr) | BH36: Total DAC Capacity (ktCO2/yr)
A38: 2028 | B38: =B5/Output!B4*Output!B31*0.0114 -> 0 | C38: =C5/Output!C4*Output!C31*0.0114 -> 0 | D38: =D5/Output!D4*Output!D31*0.0114 -> 0 | E38: =E5/Output!E4*Output!E31*0.0114 -> 0 | F38: =F5/Output!F4*Output!F31*0.0114 -> 0 | G38: =G5/Output!G4*Output!G31*0.0114 -> 0 | H38: =H5/Output!H4*Output!H31*0.0114 -> 0 | I38: =I5/Output!I4*Output!I31*0.0114 -> 0 | ... BF38: =BF5/Output!BF4*Output!BF31*0.0114 -> 0 | BH38: =SUM(B38:AI38,AK38:AM38,AP38,AR38:AS38,AU38,AW38:BF38) -> 88.524253
A39: 2029 | B39: =B6/Output!B5*Output!B32*0.0114 -> 0 | C39: =C6/Output!C5*Output!C32*0.0114 -> 0 | D39: =D6/Output!D5*Output!D32*0.0114 -> 0 | E39: =E6/Output!E5*Output!E32*0.0114 -> 0 | F39: =F6/Output!F5*Output!F32*0.0114 -> 0 | G39: =G6/Output!G5*Output!G32*0.0114 -> 0 | H39: =H6/Output!H5*Output!H32*0.0114 -> 0 | I39: =I6/Output!I5*Output!I32*0.0114 -> 0 | ... BF39: =BF6/Output!BF5*Output!BF32*0.0114 -> 0 | BH39: =SUM(B39:AI39,AK39:AM39,AP39,AR39:AS39,AU39,AW39:BF39) -> 154.88101
A40: 2030 | B40: =B7/Output!B6*Output!B33*0.0114 -> 0 | C40: =C7/Output!C6*Output!C33*0.0114 -> 0 | D40: =D7/Output!D6*Output!D33*0.0114 -> 0 | E40: =E7/Output!E6*Output!E33*0.0114 -> 0 | F40: =F7/Output!F6*Output!F33*0.0114 -> 0 | G40: =G7/Output!G6*Output!G33*0.0114 -> 0 | H40: =H7/Output!H6*Output!H33*0.0114 -> 0 | I40: =I7/Output!I6*Output!I33*0.0114 -> 0 | ... BF40: =BF7/Output!BF6*Output!BF33*0.0114 -> 0 | BH40: =SUM(B40:AI40,AK40:AM40,AP40,AR40:AS40,AU40,AW40:BF40) -> 0.23985077
A41: 2031 | B41: =B8/Output!B7*Output!B34*0.0114 -> 0 | C41: =C8/Output!C7*Output!C34*0.0114 -> 0 | D41: =D8/Output!D7*Output!D34*0.0114 -> 0 | E41: =E8/Output!E7*Output!E34*0.0114 -> 0 | F41: =F8/Output!F7*Output!F34*0.0114 -> 0 | G41: =G8/Output!G7*Output!G34*0.0114 -> 0 | H41: =H8/Output!H7*Output!H34*0.0114 -> 0 | I41: =I8/Output!I7*Output!I34*0.0114 -> 0 | ... BF41: =BF8/Output!BF7*Output!BF34*0.0114 -> 0 | BH41: =SUM(B41:AI41,AK41:AM41,AP41,AR41:AS41,AU41,AW41:BF41) -> 0.43020854
A42: 2032 | B42: =B9/Output!B8*Output!B35*0.0114 -> 0 | C42: =C9/Output!C8*Output!C35*0.0114 -> 0 | D42: =D9/Output!D8*Output!D35*0.0114 -> 0 | E42: =E9/Output!E8*Output!E35*0.0114 -> 0 | F42: =F9/Output!F8*Output!F35*0.0114 -> 0 | G42: =G9/Output!G8*Output!G35*0.0114 -> 0 | H42: =H9/Output!H8*Output!H35*0.0114 -> 0 | I42: =I9/Output!I8*Output!I35*0.0114 -> 0 | ... BF42: =BF9/Output!BF8*Output!BF35*0.0114 -> 0 | BH42: =SUM(B42:AI42,AK42:AM42,AP42,AR42:AS42,AU42,AW42:BF42) -> 0.46932006
A43: 2033 | B43: =B10/Output!B9*Output!B36*0.0114 -> 0 | C43: =C10/Output!C9*Output!C36*0.0114 -> 0 | D43: =D10/Output!D9*Output!D36*0.0114 -> 0 | E43: =E10/Output!E9*Output!E36*0.0114 -> 0 | F43: =F10/Output!F9*Output!F36*0.0114 -> 0 | G43: =G10/Output!G9*Output!G36*0.0114 -> 0 | H43: =H10/Output!H9*Output!H36*0.0114 -> 0 | I43: =I10/Output!I9*Output!I36*0.0114 -> 0 | ... BF43: =BF10/Output!BF9*Output!BF36*0.0114 -> 0 | BH43: =SUM(B43:AI43,AK43:AM43,AP43,AR43:AS43,AU43,AW43:BF43) -> 0.50199844
A44: 2034 | B44: =B11/Output!B10*Output!B37*0.0114 -> 0 | C44: =C11/Output!C10*Output!C37*0.0114 -> 0 | D44: =D11/Output!D10*Output!D37*0.0114 -> 0 | E44: =E11/Output!E10*Output!E37*0.0114 -> 0 | F44: =F11/Output!F10*Output!F37*0.0114 -> 0 | G44: =G11/Output!G10*Output!G37*0.0114 -> 0 | H44: =H11/Output!H10*Output!H37*0.0114 -> 0 | I44: =I11/Output!I10*Output!I37*0.0114 -> 0 | ... BF44: =BF11/Output!BF10*Output!BF37*0.0114 -> 0 | BH44: =SUM(B44:AI44,AK44:AM44,AP44,AR44:AS44,AU44,AW44:BF44) -> 0.79853289
A45: 2035 | B45: =B12/Output!B11*Output!B38*0.0114 -> 0 | C45: =C12/Output!C11*Output!C38*0.0114 -> 0 | D45: =D12/Output!D11*Output!D38*0.0114 -> 0 | E45: =E12/Output!E11*Output!E38*0.0114 -> 0 | F45: =F12/Output!F11*Output!F38*0.0114 -> 0 | G45: =G12/Output!G11*Output!G38*0.0114 -> 0 | H45: =H12/Output!H11*Output!H38*0.0114 -> 0 | I45: =I12/Output!I11*Output!I38*0.0114 -> 0 | ... BF45: =BF12/Output!BF11*Output!BF38*0.0114 -> 0 | BH45: =SUM(B45:AI45,AK45:AM45,AP45,AR45:AS45,AU45,AW45:BF45) -> 0.8538108
A47: Battery Storage Capacity (MWh) | BH47: Total Battery Storage Capacity (GWh)
A49: 2028 | B49: =B5/Output!B4*Output!B40 -> 0 | C49: =C5/Output!C4*Output!C40 -> 0 | D49: =D5/Output!D4*Output!D40 -> 0 | E49: =E5/Output!E4*Output!E40 -> 0 | F49: =F5/Output!F4*Output!F40 -> 0 | G49: =G5/Output!G4*Output!G40 -> 0 | H49: =H5/Output!H4*Output!H40 -> 0 | I49: =I5/Output!I4*Output!I40 -> 0 | ... BF49: =BF5/Output!BF4*Output!BF40 -> 0 | BH49: =SUM(B49:AI49,AK49:AM49,AP49,AR49:AS49,AU49,AW49:BF49)/1000 -> 121.13426
A50: 2029 | B50: =B6/Output!B5*Output!B41 -> 0 | C50: =C6/Output!C5*Output!C41 -> 0 | D50: =D6/Output!D5*Output!D41 -> 0 | E50: =E6/Output!E5*Output!E41 -> 0 | F50: =F6/Output!F5*Output!F41 -> 0 | G50: =G6/Output!G5*Output!G41 -> 0 | H50: =H6/Output!H5*Output!H41 -> 0 | I50: =I6/Output!I5*Output!I41 -> 0 | ... BF50: =BF6/Output!BF5*Output!BF41 -> 0 | BH50: =SUM(B50:AI50,AK50:AM50,AP50,AR50:AS50,AU50,AW50:BF50)/1000 -> 211.65244
A51: 2030 | B51: =B7/Output!B6*Output!B42 -> 0 | C51: =C7/Output!C6*Output!C42 -> 0 | D51: =D7/Output!D6*Output!D42 -> 0 | E51: =E7/Output!E6*Output!E42 -> 0 | F51: =F7/Output!F6*Output!F42 -> 0 | G51: =G7/Output!G6*Output!G42 -> 0 | H51: =H7/Output!H6*Output!H42 -> 0 | I51: =I7/Output!I6*Output!I42 -> 0 | ... BF51: =BF7/Output!BF6*Output!BF42 -> 0 | BH51: =SUM(B51:AI51,AK51:AM51,AP51,AR51:AS51,AU51,AW51:BF51)/1000 -> 4.030767
A52: 2031 | B52: =B8/Output!B7*Output!B43 -> 0 | C52: =C8/Output!C7*Output!C43 -> 0 | D52: =D8/Output!D7*Output!D43 -> 0 | E52: =E8/Output!E7*Output!E43 -> 68.077398 | F52: =F8/Output!F7*Output!F43 -> 0 | G52: =G8/Output!G7*Output!G43 -> 0 | H52: =H8/Output!H7*Output!H43 -> 0 | I52: =I8/Output!I7*Output!I43 -> 0 | ... BF52: =BF8/Output!BF7*Output!BF43 -> 0 | BH52: =SUM(B52:AI52,AK52:AM52,AP52,AR52:AS52,AU52,AW52:BF52)/1000 -> 24.834696
A53: 2032 | B53: =B9/Output!B8*Output!B44 -> 0 | C53: =C9/Output!C8*Output!C44 -> 0 | D53: =D9/Output!D8*Output!D44 -> 0 | E53: =E9/Output!E8*Output!E44 -> 217.65871 | F53: =F9/Output!F8*Output!F44 -> 0 | G53: =G9/Output!G8*Output!G44 -> 102.19857 | H53: =H9/Output!H8*Output!H44 -> 0 | I53: =I9/Output!I8*Output!I44 -> 0 | ... BF53: =BF9/Output!BF8*Output!BF44 -> 0 | BH53: =SUM(B53:AI53,AK53:AM53,AP53,AR53:AS53,AU53,AW53:BF53)/1000 -> 66.010705
A54: 2033 | B54: =B10/Output!B9*Output!B45 -> 268.93151 | C54: =C10/Output!C9*Output!C45 -> 0 | D54: =D10/Output!D9*Output!D45 -> 476.54727 | E54: =E10/Output!E9*Output!E45 -> 395.97179 | F54: =F10/Output!F9*Output!F45 -> 0 | G54: =G10/Output!G9*Output!G45 -> 289.48151 | H54: =H10/Output!H9*Output!H45 -> 0 | I54: =I10/Output!I9*Output!I45 -> 0 | ... BF54: =BF10/Output!BF9*Output!BF45 -> 0 | BH54: =SUM(B54:AI54,AK54:AM54,AP54,AR54:AS54,AU54,AW54:BF54)/1000 -> 120.19162
A55: 2034 | B55: =B11/Output!B10*Output!B46 -> 727.92196 | C55: =C11/Output!C10*Output!C46 -> 0 | D55: =D11/Output!D10*Output!D46 -> 2252.4417 | E55: =E11/Output!E10*Output!E46 -> 614.82845 | F55: =F11/Output!F10*Output!F46 -> 0 | G55: =G11/Output!G10*Output!G46 -> 515.62319 | H55: =H11/Output!H10*Output!H46 -> 0 | I55: =I11/Output!I10*Output!I46 -> 222.89091 | ... BF55: =BF11/Output!BF10*Output!BF46 -> 0 | BH55: =SUM(B55:AI55,AK55:AM55,AP55,AR55:AS55,AU55,AW55:BF55)/1000 -> 186.2076
A56: 2035 | B56: =B12/Output!B11*Output!B47 -> 1396.2834 | C56: =C12/Output!C11*Output!C47 -> 260.54602 | D56: =D12/Output!D11*Output!D47 -> 4619.8294 | E56: =E12/Output!E11*Output!E47 -> 878.62884 | F56: =F12/Output!F11*Output!F47 -> 0 | G56: =G12/Output!G11*Output!G47 -> 874.96386 | H56: =H12/Output!H11*Output!H47 -> 0 | I56: =I12/Output!I11*Output!I47 -> 731.13227 | ... BF56: =BF12/Output!BF11*Output!BF47 -> 0 | BH56: =SUM(B56:AI56,AK56:AM56,AP56,AR56:AS56,AU56,AW56:BF56)/1000 -> 325.95499
A58: Total cost of energy ($bn) | BH58: Total cost of energy ($bn)
A60: 2028 | B60: =B5*Output!B49/10^9 -> 0.33309903 | C60: =C5*Output!C49/10^9 -> 0.33846524 | D60: =D5*Output!D49/10^9 -> 2.0979019 | E60: =E5*Output!E49/10^9 -> 0.090586662 | F60: =F5*Output!F49/10^9 -> 0.4070974 | G60: =G5*Output!G49/10^9 -> 0.36756338 | H60: =H5*Output!H49/10^9 -> 0.42936959 | I60: =I5*Output!I49/10^9 -> 0.29729363 | ... BF60: =BF5*Output!BF49/10^9 -> 0.045531127 | BH60: =SUM(B60:AI60,AK60:AM60,AP60,AR60:AS60,AU60,AW60:BF60) -> 77.79854
A61: 2029 | B61: =B6*Output!B50/10^9 -> 0.3915007 | C61: =C6*Output!C50/10^9 -> 0.39590215 | D61: =D6*Output!D50/10^9 -> 2.5385036 | E61: =E6*Output!E50/10^9 -> 0.10933865 | F61: =F6*Output!F50/10^9 -> 0.49488817 | G61: =G6*Output!G50/10^9 -> 0.43146484 | H61: =H6*Output!H50/10^9 -> 0.49848519 | I61: =I6*Output!I50/10^9 -> 0.35689047 | ... BF61: =BF6*Output!BF50/10^9 -> 0.054018564 | BH61: =SUM(B61:AI61,AK61:AM61,AP61,AR61:AS61,AU61,AW61:BF61) -> 100.1182
A62: 2030 | B62: =B7*Output!B51/10^9 -> 0.41856778 | C62: =C7*Output!C51/10^9 -> 0.42042952 | D62: =D7*Output!D51/10^9 -> 2.7919553 | E62: =E7*Output!E51/10^9 -> 0.12147532 | F62: =F7*Output!F51/10^9 -> 0.54806486 | G62: =G7*Output!G51/10^9 -> 0.46111957 | H62: =H7*Output!H51/10^9 -> 0.52414328 | I62: =I7*Output!I51/10^9 -> 0.39075541 | ... BF62: =BF7*Output!BF51/10^9 -> 0.059397199 | BH62: =SUM(B62:AI62,AK62:AM62,AP62,AR62:AS62,AU62,AW62:BF62) -> 95.212703
A63: 2031 | B63: =B8*Output!B52/10^9 -> 0.4210531 | C63: =C8*Output!C52/10^9 -> 0.41641889 | D63: =D8*Output!D52/10^9 -> 2.8679204 | E63: =E8*Output!E52/10^9 -> 0.12882917 | F63: =F8*Output!F52/10^9 -> 0.56856433 | G63: =G8*Output!G52/10^9 -> 0.46088786 | H63: =H8*Output!H52/10^9 -> 0.51382398 | I63: =I8*Output!I52/10^9 -> 0.40425536 | ... BF63: =BF8*Output!BF52/10^9 -> 0.061486107 | BH63: =SUM(B63:AI63,AK63:AM63,AP63,AR63:AS63,AU63,AW63:BF63) -> 101.58581
A64: 2032 | B64: =B9*Output!B53/10^9 -> 0.4040878 | C64: =C9*Output!C53/10^9 -> 0.38889336 | D64: =D9*Output!D53/10^9 -> 2.7784843 | E64: =E9*Output!E53/10^9 -> 0.13059268 | F64: =F9*Output!F53/10^9 -> 0.55786093 | G64: =G9*Output!G53/10^9 -> 0.43597652 | H64: =H9*Output!H53/10^9 -> 0.47290115 | I64: =I9*Output!I53/10^9 -> 0.40054546 | ... BF64: =BF9*Output!BF53/10^9 -> 0.060874009 | BH64: =SUM(B64:AI64,AK64:AM64,AP64,AR64:AS64,AU64,AW64:BF64) -> 102.94033
A65: 2033 | B65: =B10*Output!B54/10^9 -> 0.3823378 | C65: =C10*Output!C54/10^9 -> 0.35243122 | D65: =D10*Output!D54/10^9 -> 2.6114445 | E65: =E10*Output!E54/10^9 -> 0.13005997 | F65: =F10*Output!F54/10^9 -> 0.53301197 | G65: =G10*Output!G54/10^9 -> 0.40023721 | H65: =H10*Output!H54/10^9 -> 0.41982185 | I65: =I10*Output!I54/10^9 -> 0.39486134 | ... BF65: =BF10*Output!BF54/10^9 -> 0.059879277 | BH65: =SUM(B65:AI65,AK65:AM65,AP65,AR65:AS65,AU65,AW65:BF65) -> 101.69865
A66: 2034 | B66: =B11*Output!B55/10^9 -> 0.35861197 | C66: =C11*Output!C55/10^9 -> 0.31162665 | D66: =D11*Output!D55/10^9 -> 2.3823954 | E66: =E11*Output!E55/10^9 -> 0.12824571 | F66: =F11*Output!F55/10^9 -> 0.50032997 | G66: =G11*Output!G55/10^9 -> 0.35768545 | H66: =H11*Output!H55/10^9 -> 0.35950935 | I66: =I11*Output!I55/10^9 -> 0.39399057 | ... BF66: =BF11*Output!BF55/10^9 -> 0.059299102 | BH66: =SUM(B66:AI66,AK66:AM66,AP66,AR66:AS66,AU66,AW66:BF66) -> 99.141851
A67: 2035 | B67: =B12*Output!B56/10^9 -> 0.33301192 | C67: =C12*Output!C56/10^9 -> 0.26813559 | D67: =D12*Output!D56/10^9 -> 2.0964473 | E67: =E12*Output!E56/10^9 -> 0.12584987 | F67: =F12*Output!F56/10^9 -> 0.46419851 | G67: =G12*Output!G56/10^9 -> 0.31070823 | H67: =H12*Output!H56/10^9 -> 0.29377177 | I67: =I12*Output!I56/10^9 -> 0.40045799 | ... BF67: =BF12*Output!BF56/10^9 -> 0.059915454 | BH67: =SUM(B67:AI67,AK67:AM67,AP67,AR67:AS67,AU67,AW67:BF67) -> 95.694077
B68: =SUM(B60:B67) -> 3.0422701 | C68: =SUM(C60:C67) -> 2.8923026 | D68: =SUM(D60:D67) -> 20.165053 | E68: =SUM(E60:E67) -> 0.96497803 | F68: =SUM(F60:F67) -> 4.0740161 | G68: =SUM(G60:G67) -> 3.2256431 | H68: =SUM(H60:H67) -> 3.5118262 | I68: =SUM(I60:I67) -> 3.0390502 | ... BF68: =SUM(BF60:BF67) -> 0.46040084
A69: Battery Interface Capacity (MW) | BH69: Total Battery Interface Capacity (GW)
A71: 2028 | B71: =B5/Output!B4*Output!B58 -> 0 | C71: =C5/Output!C4*Output!C58 -> 0 | D71: =D5/Output!D4*Output!D58 -> 0 | E71: =E5/Output!E4*Output!E58 -> 0 | F71: =F5/Output!F4*Output!F58 -> 0 | G71: =G5/Output!G4*Output!G58 -> 0 | H71: =H5/Output!H4*Output!H58 -> 0 | I71: =I5/Output!I4*Output!I58 -> 0 | ... BF71: =BF5/Output!BF4*Output!BF58 -> 0 | BH71: =SUM(B71:AI71,AK71:AM71,AP71,AR71:AS71,AU71,AW71:BF71)/1000 -> 121.13269
A72: 2029 | B72: =B6/Output!B5*Output!B59 -> 0 | C72: =C6/Output!C5*Output!C59 -> 0 | D72: =D6/Output!D5*Output!D59 -> 0 | E72: =E6/Output!E5*Output!E59 -> 0 | F72: =F6/Output!F5*Output!F59 -> 0 | G72: =G6/Output!G5*Output!G59 -> 0 | H72: =H6/Output!H5*Output!H59 -> 0 | I72: =I6/Output!I5*Output!I59 -> 0 | ... BF72: =BF6/Output!BF5*Output!BF59 -> 0 | BH72: =SUM(B72:AI72,AK72:AM72,AP72,AR72:AS72,AU72,AW72:BF72)/1000 -> 211.64531
A73: 2030 | B73: =B7/Output!B6*Output!B60 -> 0 | C73: =C7/Output!C6*Output!C60 -> 0 | D73: =D7/Output!D6*Output!D60 -> 0 | E73: =E7/Output!E6*Output!E60 -> 0 | F73: =F7/Output!F6*Output!F60 -> 0 | G73: =G7/Output!G6*Output!G60 -> 0 | H73: =H7/Output!H6*Output!H60 -> 0 | I73: =I7/Output!I6*Output!I60 -> 0 | ... BF73: =BF7/Output!BF6*Output!BF60 -> 0 | BH73: =SUM(B73:AI73,AK73:AM73,AP73,AR73:AS73,AU73,AW73:BF73)/1000 -> 1.0099723
A74: 2031 | B74: =B8/Output!B7*Output!B61 -> 0 | C74: =C8/Output!C7*Output!C61 -> 0 | D74: =D8/Output!D7*Output!D61 -> 0 | E74: =E8/Output!E7*Output!E61 -> 18.702138 | F74: =F8/Output!F7*Output!F61 -> 0 | G74: =G8/Output!G7*Output!G61 -> 0 | H74: =H8/Output!H7*Output!H61 -> 0 | I74: =I8/Output!I7*Output!I61 -> 0 | ... BF74: =BF8/Output!BF7*Output!BF61 -> 0 | BH74: =SUM(B74:AI74,AK74:AM74,AP74,AR74:AS74,AU74,AW74:BF74)/1000 -> 6.5533919
A75: 2032 | B75: =B9/Output!B8*Output!B62 -> 0 | C75: =C9/Output!C8*Output!C62 -> 0 | D75: =D9/Output!D8*Output!D62 -> 0 | E75: =E9/Output!E8*Output!E62 -> 50.569374 | F75: =F9/Output!F8*Output!F62 -> 0 | G75: =G9/Output!G8*Output!G62 -> 28.257904 | H75: =H9/Output!H8*Output!H62 -> 0 | I75: =I9/Output!I8*Output!I62 -> 0 | ... BF75: =BF9/Output!BF8*Output!BF62 -> 0 | BH75: =SUM(B75:AI75,AK75:AM75,AP75,AR75:AS75,AU75,AW75:BF75)/1000 -> 15.586421
A76: 2033 | B76: =B10/Output!B9*Output!B63 -> 53.726539 | C76: =C10/Output!C9*Output!C63 -> 0 | D76: =D10/Output!D9*Output!D63 -> 137.94455 | E76: =E10/Output!E9*Output!E63 -> 82.464703 | F76: =F10/Output!F9*Output!F63 -> 0 | G76: =G10/Output!G9*Output!G63 -> 67.771757 | H76: =H10/Output!H9*Output!H63 -> 0 | I76: =I10/Output!I9*Output!I63 -> 0 | ... BF76: =BF10/Output!BF9*Output!BF63 -> 0 | BH76: =SUM(B76:AI76,AK76:AM76,AP76,AR76:AS76,AU76,AW76:BF76)/1000 -> 25.7407
A77: 2034 | B77: =B11/Output!B10*Output!B64 -> 127.27676 | C77: =C11/Output!C10*Output!C64 -> 0 | D77: =D11/Output!D10*Output!D64 -> 530.63492 | E77: =E11/Output!E10*Output!E64 -> 117.73465 | F77: =F11/Output!F10*Output!F64 -> 0 | G77: =G11/Output!G10*Output!G64 -> 106.23571 | H77: =H11/Output!H10*Output!H64 -> 0 | I77: =I11/Output!I10*Output!I64 -> 47.608294 | ... BF77: =BF11/Output!BF10*Output!BF64 -> 0 | BH77: =SUM(B77:AI77,AK77:AM77,AP77,AR77:AS77,AU77,AW77:BF77)/1000 -> 37.535216
A78: 2035 | B78: =B12/Output!B11*Output!B65 -> 236.24624 | C78: =C12/Output!C11*Output!C65 -> 56.410047 | D78: =D12/Output!D11*Output!D65 -> 950.62689 | E78: =E12/Output!E11*Output!E65 -> 155.58791 | F78: =F12/Output!F11*Output!F65 -> 0 | G78: =G12/Output!G11*Output!G65 -> 162.15392 | H78: =H12/Output!H11*Output!H65 -> 0 | I78: =I12/Output!I11*Output!I65 -> 136.17338 | ... BF78: =BF12/Output!BF11*Output!BF65 -> 0 | BH78: =SUM(B78:AI78,AK78:AM78,AP78,AR78:AS78,AU78,AW78:BF78)/1000 -> 66.434588
A80: Heat Pump Capacity (MW) | BH80: Total Heat Pump Capacity (GW)
A82: 2028 | B82: =B5/Output!B4*Output!B67 -> 0 | C82: =C5/Output!C4*Output!C67 -> 0 | D82: =D5/Output!D4*Output!D67 -> 0 | E82: =E5/Output!E4*Output!E67 -> 0 | F82: =F5/Output!F4*Output!F67 -> 0 | G82: =G5/Output!G4*Output!G67 -> 0 | H82: =H5/Output!H4*Output!H67 -> 0 | I82: =I5/Output!I4*Output!I67 -> 0 | ... BF82: =BF5/Output!BF4*Output!BF67 -> 0 | BH82: =SUM(B82:AI82,AK82:AM82,AP82,AR82:AS82,AU82,AW82:BF82)/1000 -> 58.277353
A83: 2029 | B83: =B6/Output!B5*Output!B68 -> 0 | C83: =C6/Output!C5*Output!C68 -> 0 | D83: =D6/Output!D5*Output!D68 -> 0 | E83: =E6/Output!E5*Output!E68 -> 0 | F83: =F6/Output!F5*Output!F68 -> 0 | G83: =G6/Output!G5*Output!G68 -> 0 | H83: =H6/Output!H5*Output!H68 -> 0 | I83: =I6/Output!I5*Output!I68 -> 0 | ... BF83: =BF6/Output!BF5*Output!BF68 -> 0 | BH83: =SUM(B83:AI83,AK83:AM83,AP83,AR83:AS83,AU83,AW83:BF83)/1000 -> 101.97988
A84: 2030 | B84: =B7/Output!B6*Output!B69 -> 0 | C84: =C7/Output!C6*Output!C69 -> 0 | D84: =D7/Output!D6*Output!D69 -> 0 | E84: =E7/Output!E6*Output!E69 -> 0 | F84: =F7/Output!F6*Output!F69 -> 0 | G84: =G7/Output!G6*Output!G69 -> 0 | H84: =H7/Output!H6*Output!H69 -> 0 | I84: =I7/Output!I6*Output!I69 -> 0 | ... BF84: =BF7/Output!BF6*Output!BF69 -> 0 | BH84: =SUM(B84:AI84,AK84:AM84,AP84,AR84:AS84,AU84,AW84:BF84)/1000 -> 0.12081709
A85: 2031 | B85: =B8/Output!B7*Output!B70 -> 0 | C85: =C8/Output!C7*Output!C70 -> 0 | D85: =D8/Output!D7*Output!D70 -> 0 | E85: =E8/Output!E7*Output!E70 -> 0 | F85: =F8/Output!F7*Output!F70 -> 0 | G85: =G8/Output!G7*Output!G70 -> 0 | H85: =H8/Output!H7*Output!H70 -> 0 | I85: =I8/Output!I7*Output!I70 -> 0 | ... BF85: =BF8/Output!BF7*Output!BF70 -> 0 | BH85: =SUM(B85:AI85,AK85:AM85,AP85,AR85:AS85,AU85,AW85:BF85)/1000 -> 0.1727869
A86: 2032 | B86: =B9/Output!B8*Output!B71 -> 0 | C86: =C9/Output!C8*Output!C71 -> 0 | D86: =D9/Output!D8*Output!D71 -> 0 | E86: =E9/Output!E8*Output!E71 -> 0 | F86: =F9/Output!F8*Output!F71 -> 0 | G86: =G9/Output!G8*Output!G71 -> 0 | H86: =H9/Output!H8*Output!H71 -> 0 | I86: =I9/Output!I8*Output!I71 -> 0 | ... BF86: =BF9/Output!BF8*Output!BF71 -> 0 | BH86: =SUM(B86:AI86,AK86:AM86,AP86,AR86:AS86,AU86,AW86:BF86)/1000 -> 0.22969332
A87: 2033 | B87: =B10/Output!B9*Output!B72 -> 0 | C87: =C10/Output!C9*Output!C72 -> 0 | D87: =D10/Output!D9*Output!D72 -> 0 | E87: =E10/Output!E9*Output!E72 -> 0 | F87: =F10/Output!F9*Output!F72 -> 0 | G87: =G10/Output!G9*Output!G72 -> 0 | H87: =H10/Output!H9*Output!H72 -> 0 | I87: =I10/Output!I9*Output!I72 -> 0 | ... BF87: =BF10/Output!BF9*Output!BF72 -> 0 | BH87: =SUM(B87:AI87,AK87:AM87,AP87,AR87:AS87,AU87,AW87:BF87)/1000 -> 0.2857921
A88: 2034 | B88: =B11/Output!B10*Output!B73 -> 0 | C88: =C11/Output!C10*Output!C73 -> 0 | D88: =D11/Output!D10*Output!D73 -> 0 | E88: =E11/Output!E10*Output!E73 -> 0 | F88: =F11/Output!F10*Output!F73 -> 0 | G88: =G11/Output!G10*Output!G73 -> 0 | H88: =H11/Output!H10*Output!H73 -> 0 | I88: =I11/Output!I10*Output!I73 -> 0 | ... BF88: =BF11/Output!BF10*Output!BF73 -> 0 | BH88: =SUM(B88:AI88,AK88:AM88,AP88,AR88:AS88,AU88,AW88:BF88)/1000 -> 0.35521609
A89: 2035 | B89: =B12/Output!B11*Output!B74 -> 0 | C89: =C12/Output!C11*Output!C74 -> 0 | D89: =D12/Output!D11*Output!D74 -> 0 | E89: =E12/Output!E11*Output!E74 -> 0 | F89: =F12/Output!F11*Output!F74 -> 0 | G89: =G12/Output!G11*Output!G74 -> 0 | H89: =H12/Output!H11*Output!H74 -> 0 | I89: =I12/Output!I11*Output!I74 -> 0 | ... BF89: =BF12/Output!BF11*Output!BF74 -> 0 | BH89: =SUM(B89:AI89,AK89:AM89,AP89,AR89:AS89,AU89,AW89:BF89)/1000 -> 0.40387233
A91: Emissions avoided (kgCO2) | BH91: Total avoided emissions (GtCO2)
A93: 2028 | B93: =B5/Output!B4*Output!B76 -> 5228245.7 | C93: =C5/Output!C4*Output!C76 -> 7521284.7 | D93: =D5/Output!D4*Output!D76 -> 4.0181825e+08 | E93: =E5/Output!E4*Output!E76 -> 16663958 | F93: =F5/Output!F4*Output!F76 -> 39544130 | G93: =G5/Output!G4*Output!G76 -> 48506089 | H93: =H5/Output!H4*Output!H76 -> 8997840.6 | I93: =I5/Output!I4*Output!I76 -> 5402219.6 | ... BF93: =BF5/Output!BF4*Output!BF76 -> 14891137 | BH93: =SUM(B93:AI93,AK93:AM93,AP93,AR93:AS93,AU93,AW93:BF93)/10^9 -> 14.726668
A94: 2029 | B94: =B6/Output!B5*Output!B77 -> 12592338 | C94: =C6/Output!C5*Output!C77 -> 18268770 | D94: =D6/Output!D5*Output!D77 -> 1.0504922e+09 | E94: =E6/Output!E5*Output!E77 -> 42518815 | F94: =F6/Output!F5*Output!F77 -> 1.0261404e+08 | G94: =G6/Output!G5*Output!G77 -> 1.2474605e+08 | H94: =H6/Output!H5*Output!H77 -> 22446518 | I94: =I6/Output!I5*Output!I77 -> 11495660 | ... BF94: =BF6/Output!BF5*Output!BF77 -> 36096762 | BH94: =SUM(B94:AI94,AK94:AM94,AP94,AR94:AS94,AU94,AW94:BF94)/10^9 -> 38.639125
A95: 2030 | B95: =B7/Output!B6*Output!B78 -> 21054026 | C95: =C7/Output!C6*Output!C78 -> 30626017 | D95: =D7/Output!D6*Output!D78 -> 1.88907e+09 | E95: =E7/Output!E6*Output!E78 -> 74507336 | F95: =F7/Output!F6*Output!F78 -> 1.8318049e+08 | G95: =G7/Output!G6*Output!G78 -> 2.2050877e+08 | H95: =H7/Output!H6*Output!H78 -> 38593411 | I95: =I7/Output!I6*Output!I78 -> 17269758 | ... BF95: =BF7/Output!BF6*Output!BF78 -> 59642821 | BH95: =SUM(B95:AI95,AK95:AM95,AP95,AR95:AS95,AU95,AW95:BF95)/10^9 -> 69.704533
A96: 2031 | B96: =B8/Output!B7*Output!B79 -> 28120310 | C96: =C8/Output!C7*Output!C79 -> 43766530 | D96: =D8/Output!D7*Output!D79 -> 2.7738759e+09 | E96: =E8/Output!E7*Output!E79 -> 1.048881e+08 | F96: =F8/Output!F7*Output!F79 -> 2.6909717e+08 | G96: =G8/Output!G7*Output!G79 -> 3.1212009e+08 | H96: =H8/Output!H7*Output!H79 -> 52224732 | I96: =I8/Output!I7*Output!I79 -> 13684797 | ... BF96: =BF8/Output!BF7*Output!BF79 -> 76003483 | BH96: =SUM(B96:AI96,AK96:AM96,AP96,AR96:AS96,AU96,AW96:BF96)/10^9 -> 103.51474
A97: 2032 | B97: =B9/Output!B8*Output!B80 -> 37723123 | C97: =C9/Output!C8*Output!C80 -> 58578099 | D97: =D9/Output!D8*Output!D80 -> 3.6372082e+09 | E97: =E9/Output!E8*Output!E80 -> 1.3244526e+08 | F97: =F9/Output!F8*Output!F80 -> 3.5652055e+08 | G97: =G9/Output!G8*Output!G80 -> 3.9727924e+08 | H97: =H9/Output!H8*Output!H80 -> 65271545 | I97: =I9/Output!I8*Output!I80 -> 17321064 | ... BF97: =BF9/Output!BF8*Output!BF80 -> 1.00814e+08 | BH97: =SUM(B97:AI97,AK97:AM97,AP97,AR97:AS97,AU97,AW97:BF97)/10^9 -> 138.18482
A98: 2033 | B98: =B10/Output!B9*Output!B81 -> 47951310 | C98: =C10/Output!C9*Output!C81 -> 74294145 | D98: =D10/Output!D9*Output!D81 -> 4.4819779e+09 | E98: =E10/Output!E9*Output!E81 -> 1.584665e+08 | F98: =F10/Output!F9*Output!F81 -> 4.4731955e+08 | G98: =G10/Output!G9*Output!G81 -> 4.7874535e+08 | H98: =H10/Output!H9*Output!H81 -> 77361239 | I98: =I10/Output!I9*Output!I81 -> 20807965 | ... BF98: =BF10/Output!BF9*Output!BF81 -> 1.2674754e+08 | BH98: =SUM(B98:AI98,AK98:AM98,AP98,AR98:AS98,AU98,AW98:BF98)/10^9 -> 173.00656
A99: 2034 | B99: =B11/Output!B10*Output!B82 -> 59006998 | C99: =C11/Output!C10*Output!C82 -> 91223330 | D99: =D11/Output!D10*Output!D82 -> 5.3008021e+09 | E99: =E11/Output!E10*Output!E82 -> 1.8356176e+08 | F99: =F11/Output!F10*Output!F82 -> 5.4291355e+08 | G99: =G11/Output!G10*Output!G82 -> 5.5806504e+08 | H99: =H11/Output!H10*Output!H82 -> 88842295 | I99: =I11/Output!I10*Output!I82 -> 24240058 | ... BF99: =BF11/Output!BF10*Output!BF82 -> 1.5426397e+08 | BH99: =SUM(B99:AI99,AK99:AM99,AP99,AR99:AS99,AU99,AW99:BF99)/10^9 -> 207.44627
A100: 2035 | B100: =B12/Output!B11*Output!B83 -> 71018251 | C100: =C12/Output!C11*Output!C83 -> 1.095574e+08 | D100: =D12/Output!D11*Output!D83 -> 6.0821218e+09 | E100: =E12/Output!E11*Output!E83 -> 2.0800345e+08 | F100: =F12/Output!F11*Output!F83 -> 6.4403734e+08 | G100: =G12/Output!G11*Output!G83 -> 6.3580314e+08 | H100: =H12/Output!H11*Output!H83 -> 99885948 | I100: =I12/Output!I11*Output!I83 -> 27666983 | ... BF100: =BF12/Output!BF11*Output!BF83 -> 1.8357996e+08 | BH100: =SUM(B100:AI100,AK100:AM100,AP100,AR100:AS100,AU100,AW100:BF100)/10^9 -> 240.82885
A102: Carbon Captured (kgCO2) | BH102: Total carbon captured (GtCO2)
A104: 2028 | B104: =B5/Output!B4*Output!B85 -> 0 | C104: =C5/Output!C4*Output!C85 -> 0 | D104: =D5/Output!D4*Output!D85 -> 0 | E104: =E5/Output!E4*Output!E85 -> 0 | F104: =F5/Output!F4*Output!F85 -> 0 | G104: =G5/Output!G4*Output!G85 -> 0 | H104: =H5/Output!H4*Output!H85 -> 0 | I104: =I5/Output!I4*Output!I85 -> 0 | ... BF104: =BF5/Output!BF4*Output!BF85 -> 0 | BH104: =SUM(B104:AI104,AK104:AM104,AP104,AR104:AS104,AU104,AW104:BF104)/10^9 -> 0.35970974
A105: 2029 | B105: =B6/Output!B5*Output!B86 -> 0 | C105: =C6/Output!C5*Output!C86 -> 0 | D105: =D6/Output!D5*Output!D86 -> 0 | E105: =E6/Output!E5*Output!E86 -> 0 | F105: =F6/Output!F5*Output!F86 -> 0 | G105: =G6/Output!G5*Output!G86 -> 0 | H105: =H6/Output!H5*Output!H86 -> 0 | I105: =I6/Output!I5*Output!I86 -> 0 | ... BF105: =BF6/Output!BF5*Output!BF86 -> 0 | BH105: =SUM(B105:AI105,AK105:AM105,AP105,AR105:AS105,AU105,AW105:BF105)/10^9 -> 0.92156494
A106: 2030 | B106: =B7/Output!B6*Output!B87 -> 0 | C106: =C7/Output!C6*Output!C87 -> 0 | D106: =D7/Output!D6*Output!D87 -> 0 | E106: =E7/Output!E6*Output!E87 -> 0 | F106: =F7/Output!F6*Output!F87 -> 0 | G106: =G7/Output!G6*Output!G87 -> 0 | H106: =H7/Output!H6*Output!H87 -> 0 | I106: =I7/Output!I6*Output!I87 -> 0 | ... BF106: =BF7/Output!BF6*Output!BF87 -> 0 | BH106: =SUM(B106:AI106,AK106:AM106,AP106,AR106:AS106,AU106,AW106:BF106)/10^9 -> 1.4323299
A107: 2031 | B107: =B8/Output!B7*Output!B88 -> 0 | C107: =C8/Output!C7*Output!C88 -> 0 | D107: =D8/Output!D7*Output!D88 -> 0 | E107: =E8/Output!E7*Output!E88 -> 0 | F107: =F8/Output!F7*Output!F88 -> 0 | G107: =G8/Output!G7*Output!G88 -> 0 | H107: =H8/Output!H7*Output!H88 -> 0 | I107: =I8/Output!I7*Output!I88 -> 0 | ... BF107: =BF8/Output!BF7*Output!BF88 -> 0 | BH107: =SUM(B107:AI107,AK107:AM107,AP107,AR107:AS107,AU107,AW107:BF107)/10^9 -> 1.9800552
A108: 2032 | B108: =B9/Output!B8*Output!B89 -> 0 | C108: =C9/Output!C8*Output!C89 -> 0 | D108: =D9/Output!D8*Output!D89 -> 0 | E108: =E9/Output!E8*Output!E89 -> 0 | F108: =F9/Output!F8*Output!F89 -> 0 | G108: =G9/Output!G8*Output!G89 -> 0 | H108: =H9/Output!H8*Output!H89 -> 0 | I108: =I9/Output!I8*Output!I89 -> 0 | ... BF108: =BF9/Output!BF8*Output!BF89 -> 0 | BH108: =SUM(B108:AI108,AK108:AM108,AP108,AR108:AS108,AU108,AW108:BF108)/10^9 -> 2.6297136
A109: 2033 | B109: =B10/Output!B9*Output!B90 -> 0 | C109: =C10/Output!C9*Output!C90 -> 0 | D109: =D10/Output!D9*Output!D90 -> 0 | E109: =E10/Output!E9*Output!E90 -> 0 | F109: =F10/Output!F9*Output!F90 -> 0 | G109: =G10/Output!G9*Output!G90 -> 0 | H109: =H10/Output!H9*Output!H90 -> 0 | I109: =I10/Output!I9*Output!I90 -> 0 | ... BF109: =BF10/Output!BF9*Output!BF90 -> 0 | BH109: =SUM(B109:AI109,AK109:AM109,AP109,AR109:AS109,AU109,AW109:BF109)/10^9 -> 3.2899194
A110: 2034 | B110: =B11/Output!B10*Output!B91 -> 0 | C110: =C11/Output!C10*Output!C91 -> 0 | D110: =D11/Output!D10*Output!D91 -> 0 | E110: =E11/Output!E10*Output!E91 -> 0 | F110: =F11/Output!F10*Output!F91 -> 0 | G110: =G11/Output!G10*Output!G91 -> 0 | H110: =H11/Output!H10*Output!H91 -> 0 | I110: =I11/Output!I10*Output!I91 -> 0 | ... BF110: =BF11/Output!BF10*Output!BF91 -> 0 | BH110: =SUM(B110:AI110,AK110:AM110,AP110,AR110:AS110,AU110,AW110:BF110)/10^9 -> 3.9586321
A111: 2035 | B111: =B12/Output!B11*Output!B92 -> 0 | C111: =C12/Output!C11*Output!C92 -> 0 | D111: =D12/Output!D11*Output!D92 -> 0 | E111: =E12/Output!E11*Output!E92 -> 0 | F111: =F12/Output!F11*Output!F92 -> 0 | G111: =G12/Output!G11*Output!G92 -> 0 | H111: =H12/Output!H11*Output!H92 -> 0 | I111: =I12/Output!I11*Output!I92 -> 0 | ... BF111: =BF12/Output!BF11*Output!BF92 -> 0 | BH111: =SUM(B111:AI111,AK111:AM111,AP111,AR111:AS111,AU111,AW111:BF111)/10^9 -> 4.6290271
A113: Solar Power Supplied (kWh) | BH113: Total solar power supplied (TWh)
A115: 2028 | B115: =B5/Output!B4*Output!B94 -> 0 | C115: =C5/Output!C4*Output!C94 -> 17421309 | D115: =D5/Output!D4*Output!D94 -> 3.982354e+08 | E115: =E5/Output!E4*Output!E94 -> 26270225 | F115: =F5/Output!F4*Output!F94 -> 1.1525748e+08 | G115: =G5/Output!G4*Output!G94 -> 32645670 | H115: =H5/Output!H4*Output!H94 -> 0 | I115: =I5/Output!I4*Output!I94 -> 0 | ... BF115: =BF5/Output!BF4*Output!BF94 -> 10648932 | BH115: =SUM(B115:AI115,AK115:AM115,AP115,AR115:AS115,AU115,AW115:BF115)/10^9 -> 21.78716
A116: 2029 | B116: =B6/Output!B5*Output!B95 -> 0 | C116: =C6/Output!C5*Output!C95 -> 52609676 | D116: =D6/Output!D5*Output!D95 -> 1.0629892e+09 | E116: =E6/Output!E5*Output!E95 -> 74322564 | F116: =F6/Output!F5*Output!F95 -> 3.0600195e+08 | G116: =G6/Output!G5*Output!G95 -> 1.0117187e+08 | H116: =H6/Output!H5*Output!H95 -> 0 | I116: =I6/Output!I5*Output!I95 -> 0 | ... BF116: =BF6/Output!BF5*Output!BF95 -> 0 | BH116: =SUM(B116:AI116,AK116:AM116,AP116,AR116:AS116,AU116,AW116:BF116)/10^9 -> 59.157734
A117: 2030 | B117: =B7/Output!B6*Output!B96 -> 0 | C117: =C7/Output!C6*Output!C96 -> 1.0536181e+08 | D117: =D7/Output!D6*Output!D96 -> 1.9507842e+09 | E117: =E7/Output!E6*Output!E96 -> 1.4210072e+08 | F117: =F7/Output!F6*Output!F96 -> 5.5680801e+08 | G117: =G7/Output!G6*Output!G96 -> 2.0646095e+08 | H117: =H7/Output!H6*Output!H96 -> 0 | I117: =I7/Output!I6*Output!I96 -> 0 | ... BF117: =BF7/Output!BF6*Output!BF96 -> 0 | BH117: =SUM(B117:AI117,AK117:AM117,AP117,AR117:AS117,AU117,AW117:BF117)/10^9 -> 110.64711
A118: 2031 | B118: =B8/Output!B7*Output!B97 -> 0 | C118: =C8/Output!C7*Output!C97 -> 1.5011436e+08 | D118: =D8/Output!D7*Output!D97 -> 2.9034808e+09 | E118: =E8/Output!E7*Output!E97 -> 2.0569571e+08 | F118: =F8/Output!F7*Output!F97 -> 8.2258301e+08 | G118: =G8/Output!G7*Output!G97 -> 2.8914554e+08 | H118: =H8/Output!H7*Output!H97 -> 0 | I118: =I8/Output!I7*Output!I97 -> 0 | ... BF118: =BF8/Output!BF7*Output!BF97 -> 0 | BH118: =SUM(B118:AI118,AK118:AM118,AP118,AR118:AS118,AU118,AW118:BF118)/10^9 -> 168.80019
A119: 2032 | B119: =B9/Output!B8*Output!B98 -> 0 | C119: =C9/Output!C8*Output!C98 -> 1.9516426e+08 | D119: =D9/Output!D8*Output!D98 -> 3.8737574e+09 | E119: =E9/Output!E8*Output!E98 -> 2.6695864e+08 | F119: =F9/Output!F8*Output!F98 -> 1.0912323e+09 | G119: =G9/Output!G8*Output!G98 -> 3.6155349e+08 | H119: =H9/Output!H8*Output!H98 -> 0 | I119: =I9/Output!I8*Output!I98 -> 0 | ... BF119: =BF9/Output!BF8*Output!BF98 -> 0 | BH119: =SUM(B119:AI119,AK119:AM119,AP119,AR119:AS119,AU119,AW119:BF119)/10^9 -> 230.54138
A120: 2033 | B120: =B10/Output!B9*Output!B99 -> 0 | C120: =C10/Output!C9*Output!C99 -> 2.4027422e+08 | D120: =D10/Output!D9*Output!D99 -> 4.8633618e+09 | E120: =E10/Output!E9*Output!E99 -> 3.2813705e+08 | F120: =F10/Output!F9*Output!F99 -> 1.3690458e+09 | G120: =G10/Output!G9*Output!G99 -> 4.2599148e+08 | H120: =H10/Output!H9*Output!H99 -> 0 | I120: =I10/Output!I9*Output!I99 -> 0 | ... BF120: =BF10/Output!BF9*Output!BF99 -> 0 | BH120: =SUM(B120:AI120,AK120:AM120,AP120,AR120:AS120,AU120,AW120:BF120)/10^9 -> 295.72391
A121: 2034 | B121: =B11/Output!B10*Output!B100 -> 37885944 | C121: =C11/Output!C10*Output!C100 -> 2.8617403e+08 | D121: =D11/Output!D10*Output!D100 -> 5.8680308e+09 | E121: =E11/Output!E10*Output!E100 -> 3.9025636e+08 | F121: =F11/Output!F10*Output!F100 -> 1.6592551e+09 | G121: =G11/Output!G10*Output!G100 -> 4.8278926e+08 | H121: =H11/Output!H10*Output!H100 -> 0 | I121: =I11/Output!I10*Output!I100 -> 0 | ... BF121: =BF11/Output!BF10*Output!BF100 -> 0 | BH121: =SUM(B121:AI121,AK121:AM121,AP121,AR121:AS121,AU121,AW121:BF121)/10^9 -> 363.84086
...

Sheet Peak 2035-Slow-Medium
A1: Country | B1: Austria | C1: Belgium | D1: Australia | E1: Bulgaria | F1: Canada | G1: Czech Republic | H1: Denmark | I1: Finland | J1: France | K1: Germany | L1: Greece | M1: Hungary | N1: Ireland | O1: Italy | P1: Japan | Q1: Latvia | R1: Lithuania | S1: Netherlands | T1: New Zealand | U1: Norway | V1: Poland | W1: Portugal | X1: Romania | Y1: Slovenia | Z1: Spain | AA1: Sweden | AB1: Switzerland | AC1: Turkey | AD1: United Kingdom | AE1: US | AF1: China | AG1: South Korea | AH1: India | AI1: Indonesia | AJ1: Malaysia | AK1: Pakistan | AL1: Philippines | AM1: Singapore | AN1: Taiwan | AO1: Thailand | AP1: Vietnam | AQ1: Iran | AR1: Israel | AS1: Kenya | AT1: Nigeria | AU1: Oman | AV1: Saudi Arabia | AW1: South Africa | AX1: UAE | AY1: Argentina | AZ1: Brazil | BA1: Chile | BB1: Colombia | BC1: Mexico | BD1: Peru | BE1: Russia | BF1: Ukraine
A3: Year
A5: 2028 | B5: 1.0041388e+09 | C5: 1.0255034e+09 | D5: 8.4236583e+09 | E5: 6.4093964e+08 | F5: 3.3198677e+09 | G5: 1.110962e+09 | H5: 1.23915e+09 | I5: 1.6664431e+09 | J5: 5.8325507e+09 | K5: 9.7636471e+09 | L5: 4.2729309e+08 | M5: 4.0592844e+08 | N5: 2.6278525e+09 | O5: 3.8242732e+09 | P5: 5.984375e+09 | Q5: 5.3411636e+08 | R5: 4.0592844e+08 | S5: 4.1020137e+09 | T5: 1.7888077e+09 | U5: 1.5809844e+09 | V5: 1.8800896e+09 | W5: 8.9731549e+08 | X5: 1.2818793e+09 | Y5: 4.4865775e+08 | Z5: 3.6747206e+09 | AA5: 2.2005594e+09 | AB5: 2.4355706e+09 | AC5: 1.7732663e+09 | AD5: 9.4859066e+09 | AE5: 2.0369138e+11 | AF5: 1.0801266e+11 | AG5: 2.7319973e+09 | AH5: 8.618801e+09 | AI5: 4.6183764e+09 | AJ5: 3.5125679e+09 | AK5: 7.155231e+08 | AL5: 8.1309443e+08 | AM5: 2.4392833e+09 | AN5: 7.155231e+08 | AO5: 1.6261889e+09 | AP5: 9.4318954e+08 | AQ5: 1.1583471e+08 | AR5: 3.2433719e+08 | AS5: 2.325919e+08 | AT5: 2.0810855e+08 | AU5: 86876032 | AV5: 2.4904462e+08 | AW5: 6.8553403e+08 | AX5: 3.2433719e+08 | AY5: 1.403254e+08 | AZ5: 7.6353528e+08 | BA5: 2.6414193e+08 | BB5: 1.6508871e+08 | BC5: 7.0711984e+08 | BD5: 61908266 | BE5: 4.6964069e+09 | BF5: 7.9049222e+08
A6: 2029 | B6: 1.2908581e+09 | C6: 1.3183231e+09 | D6: 1.1140898e+10 | E6: 8.2395196e+08 | F6: 4.3013782e+09 | G6: 1.4281834e+09 | H6: 1.5929738e+09 | I6: 2.1422751e+09 | J6: 7.4979628e+09 | K6: 1.2551535e+10 | L6: 5.493013e+08 | M6: 5.2183624e+08 | N6: 3.378203e+09 | O6: 4.9162467e+09 | P6: 7.9147693e+09 | Q6: 6.8662663e+08 | R6: 5.2183624e+08 | S6: 5.2732925e+09 | T6: 2.3658278e+09 | U6: 2.0324148e+09 | V6: 2.4169257e+09 | W6: 1.1535327e+09 | X6: 1.6479039e+09 | Y6: 5.7676637e+08 | Z6: 4.7239912e+09 | AA6: 2.8289017e+09 | AB6: 3.1310174e+09 | AC6: 2.2796004e+09 | AD6: 1.2194489e+10 | AE6: 2.7083136e+11 | AF6: 1.4704678e+11 | AG6: 3.6132642e+09 | AH6: 1.1398988e+10 | AI6: 6.1081372e+09 | AJ6: 4.6456254e+09 | AK6: 9.4633111e+08 | AL6: 1.0753763e+09 | AM6: 3.2261288e+09 | AN6: 9.4633111e+08 | AO6: 2.1507525e+09 | AP6: 1.2474365e+09 | AQ6: 1.5116994e+08 | AR6: 4.2327584e+08 | AS6: 3.056279e+08 | AT6: 2.7345654e+08 | AU6: 1.1337746e+08 | AV6: 3.2501538e+08 | AW6: 9.0079803e+08 | AX6: 4.2327584e+08 | AY6: 1.8389293e+08 | AZ6: 1.0005939e+09 | BA6: 3.461514e+08 | BB6: 2.1634462e+08 | BC6: 9.1617803e+08 | BD6: 81129233 | BE6: 6.1366104e+09 | BF6: 1.0162074e+09
A7: 2030 | B7: 1.5208708e+09 | C7: 1.5532297e+09 | D7: 1.3524351e+10 | E7: 9.7076858e+08 | F7: 5.1098581e+09 | G7: 1.6826655e+09 | H7: 1.8768193e+09 | I7: 2.5239983e+09 | J7: 8.8339941e+09 | K7: 1.4788041e+10 | L7: 6.4717906e+08 | M7: 6.148201e+08 | N7: 3.9801512e+09 | O7: 5.7922526e+09 | P7: 9.6080333e+09 | Q7: 8.0897382e+08 | R7: 6.148201e+08 | S7: 6.2129189e+09 | T7: 2.8719665e+09 | U7: 2.3945625e+09 | V7: 2.8475878e+09 | W7: 1.359076e+09 | X7: 1.9415372e+09 | Y7: 6.7953801e+08 | Z7: 5.5657399e+09 | AA7: 3.3329721e+09 | AB7: 3.6889206e+09 | AC7: 2.6857931e+09 | AD7: 1.4367375e+10 | AE7: 3.3061019e+11 | AF7: 1.8399751e+11 | AG7: 4.3862761e+09 | AH7: 1.3837657e+10 | AI7: 7.4148953e+09 | AJ7: 5.6394978e+09 | AK7: 1.1487866e+09 | AL7: 1.3054393e+09 | AM7: 3.9163179e+09 | AN7: 1.1487866e+09 | AO7: 2.6108786e+09 | AP7: 1.5143096e+09 | AQ7: 1.8095597e+08 | AR7: 5.0667673e+08 | AS7: 3.6849001e+08 | AT7: 3.2970159e+08 | AU7: 1.3571698e+08 | AV7: 3.8905534e+08 | AW7: 1.0860758e+09 | AX7: 5.0667673e+08 | AY7: 2.2108947e+08 | AZ7: 1.2029868e+09 | BA7: 4.1616842e+08 | BB7: 2.6010526e+08 | BC7: 1.0883813e+09 | BD7: 97539474 | BE7: 7.355295e+09 | BF7: 1.1972813e+09
A8: 2031 | B8: 1.6980805e+09 | C8: 1.7342099e+09 | D8: 1.5536822e+10 | E8: 1.0838812e+09 | F8: 5.7507989e+09 | G8: 1.8787274e+09 | H8: 2.0955036e+09 | I8: 2.8180911e+09 | J8: 9.8633187e+09 | K8: 1.6511123e+10 | L8: 7.2258745e+08 | M8: 6.8645808e+08 | N8: 4.4439128e+09 | O8: 6.4671577e+09 | P8: 1.1037743e+10 | Q8: 9.0323432e+08 | R8: 6.8645808e+08 | S8: 6.9368396e+09 | T8: 3.2993252e+09 | U8: 2.6735736e+09 | V8: 3.1793848e+09 | W8: 1.5174337e+09 | X8: 2.1677624e+09 | Y8: 7.5871683e+08 | Z8: 6.2142521e+09 | AA8: 3.7213254e+09 | AB8: 4.1187485e+09 | AC8: 2.9987379e+09 | AD8: 1.6041441e+10 | AE8: 3.8179855e+11 | AF8: 2.1740456e+11 | AG8: 5.0389694e+09 | AH8: 1.5896749e+10 | AI8: 8.5182578e+09 | AJ8: 6.478675e+09 | AK8: 1.3197301e+09 | AL8: 1.4996933e+09 | AM8: 4.4990798e+09 | AN8: 1.3197301e+09 | AO8: 2.9993866e+09 | AP8: 1.7396442e+09 | AQ8: 2.0514134e+08 | AR8: 5.7439574e+08 | AS8: 4.2060492e+08 | AT8: 3.7633072e+08 | AU8: 1.53856e+08 | AV8: 4.4105387e+08 | AW8: 1.2396777e+09 | AX8: 5.7439574e+08 | AY8: 2.5168133e+08 | AZ8: 1.3694425e+09 | BA8: 4.7375309e+08 | BB8: 2.9609568e+08 | BC8: 1.2248994e+09 | BD8: 1.1103588e+08 | BE8: 8.3486742e+09 | BF8: 1.3367868e+09
A9: 2032 | B9: 1.8132514e+09 | C9: 1.8518313e+09 | D9: 1.7009083e+10 | E9: 1.1573945e+09 | F9: 6.1841159e+09 | G9: 2.0061505e+09 | H9: 2.2376294e+09 | I9: 3.0092258e+09 | J9: 1.053229e+10 | K9: 1.7630977e+10 | L9: 7.7159636e+08 | M9: 7.3301654e+08 | N9: 4.7453176e+09 | O9: 6.9057874e+09 | P9: 1.2083673e+10 | Q9: 9.6449545e+08 | R9: 7.3301654e+08 | S9: 7.4073251e+09 | T9: 3.6119675e+09 | U9: 2.8549065e+09 | V9: 3.395024e+09 | W9: 1.6203524e+09 | X9: 2.3147891e+09 | Y9: 8.1017618e+08 | Z9: 6.6357287e+09 | AA9: 3.9737213e+09 | AB9: 4.3980993e+09 | AC9: 3.2021249e+09 | AD9: 1.7129439e+10 | AE9: 4.1985997e+11 | AF9: 2.4375231e+11 | AG9: 5.5164594e+09 | AH9: 1.7403116e+10 | AI9: 9.3254433e+09 | AJ9: 7.0925907e+09 | AK9: 1.444787e+09 | AL9: 1.6418034e+09 | AM9: 4.9254102e+09 | AN9: 1.444787e+09 | AO9: 3.2836068e+09 | AP9: 1.9044919e+09 | AQ9: 2.2201e+08 | AR9: 6.21628e+08 | AS9: 4.5790584e+08 | AT9: 4.0970523e+08 | AU9: 1.665075e+08 | AV9: 4.773215e+08 | AW9: 1.3496172e+09 | AX9: 6.21628e+08 | AY9: 2.7336371e+08 | AZ9: 1.4874202e+09 | BA9: 5.1456698e+08 | BB9: 3.2160436e+08 | BC9: 1.3171944e+09 | BD9: 1.2060164e+08 | BE9: 9.0449371e+09 | BF9: 1.4274533e+09
A10: 2033 | B10: 1.9108501e+09 | C10: 1.9515065e+09 | D10: 1.824245e+10 | E10: 1.2196916e+09 | F10: 6.5494447e+09 | G10: 2.114132e+09 | H10: 2.3580704e+09 | I10: 3.1711981e+09 | J10: 1.1099193e+10 | K10: 1.8579968e+10 | L10: 8.1312771e+08 | M10: 7.7247132e+08 | N10: 5.0007354e+09 | O10: 7.277493e+09 | P10: 1.2959887e+10 | Q10: 1.0164096e+09 | R10: 7.7247132e+08 | S10: 7.806026e+09 | T10: 3.8738793e+09 | U10: 3.0085725e+09 | V10: 3.5777619e+09 | W10: 1.7075682e+09 | X10: 2.4393831e+09 | Y10: 8.5378409e+08 | Z10: 6.9928983e+09 | AA10: 4.1876077e+09 | AB10: 4.6348279e+09 | AC10: 3.37448e+09 | AD10: 1.8051435e+10 | AE10: 4.5172797e+11 | AF10: 2.6582998e+11 | AG10: 5.9164703e+09 | AH10: 1.8665055e+10 | AI10: 1.0001652e+10 | AJ10: 7.6068903e+09 | AK10: 1.5495517e+09 | AL10: 1.7608542e+09 | AM10: 5.2825627e+09 | AN10: 1.5495517e+09 | AO10: 3.5217085e+09 | AP10: 2.0425909e+09 | AQ10: 2.3618659e+08 | AR10: 6.6132245e+08 | AS10: 4.8919119e+08 | AT10: 4.3769738e+08 | AU10: 1.7713994e+08 | AV10: 5.0780117e+08 | AW10: 1.4418267e+09 | AX10: 6.6132245e+08 | AY10: 2.915618e+08 | AZ10: 1.5864392e+09 | BA10: 5.4882222e+08 | BB10: 3.4301389e+08 | BC10: 1.3950081e+09 | BD10: 1.2863021e+08 | BE10: 9.6298333e+09 | BF10: 1.5042863e+09
A11: 2034 | B11: 2.006964e+09 | C11: 2.0496654e+09 | D11: 1.9349842e+10 | E11: 1.2810409e+09 | F11: 6.898024e+09 | G11: 2.2204708e+09 | H11: 2.476679e+09 | I11: 3.3307063e+09 | J11: 1.1657472e+10 | K11: 1.9514523e+10 | L11: 8.5402725e+08 | M11: 8.1132589e+08 | N11: 5.2522676e+09 | O11: 7.6435439e+09 | P11: 1.3746606e+10 | Q11: 1.0675341e+09 | R11: 8.1132589e+08 | S11: 8.1986616e+09 | T11: 4.1090399e+09 | U11: 3.1599008e+09 | V11: 3.7577199e+09 | W11: 1.7934572e+09 | X11: 2.5620817e+09 | Y11: 8.9672861e+08 | Z11: 7.3446343e+09 | AA11: 4.3982403e+09 | AB11: 4.8679553e+09 | AC11: 3.5442131e+09 | AD11: 1.8959405e+10 | AE11: 4.8000224e+11 | AF11: 2.8464154e+11 | AG11: 6.2756245e+09 | AH11: 1.9798101e+10 | AI11: 1.0608794e+10 | AJ11: 8.0686601e+09 | AK11: 1.643616e+09 | AL11: 1.8677454e+09 | AM11: 5.6032362e+09 | AN11: 1.643616e+09 | AO11: 3.7354908e+09 | AP11: 2.1665847e+09 | AQ11: 2.4938573e+08 | AR11: 6.9828005e+08 | AS11: 5.17746e+08 | AT11: 4.6324642e+08 | AU11: 1.870393e+08 | AV11: 5.3617932e+08 | AW11: 1.5259882e+09 | AX11: 6.9828005e+08 | AY11: 3.0829635e+08 | AZ11: 1.6774948e+09 | BA11: 5.8032254e+08 | BB11: 3.6270159e+08 | BC11: 1.4692542e+09 | BD11: 1.3601309e+08 | BE11: 1.0172333e+10 | BF11: 1.5799504e+09
A12: 2035 | B12: 2.1089391e+09 | C12: 2.1538101e+09 | D12: 2.0385553e+10 | E12: 1.3461313e+09 | F12: 7.2537758e+09 | G12: 2.3332943e+09 | H12: 2.6025206e+09 | I12: 3.4999415e+09 | J12: 1.2249795e+10 | K12: 2.0506067e+10 | L12: 8.9742089e+08 | M12: 8.5254984e+08 | N12: 5.5191385e+09 | O12: 8.031917e+09 | P12: 1.44824e+10 | Q12: 1.1217761e+09 | R12: 8.5254984e+08 | S12: 8.6152405e+09 | T12: 4.3289784e+09 | U12: 3.3204573e+09 | V12: 3.9486519e+09 | W12: 1.8845839e+09 | X12: 2.6922627e+09 | Y12: 9.4229193e+08 | Z12: 7.7178196e+09 | AA12: 4.6217176e+09 | AB12: 5.1152991e+09 | AC12: 3.7242967e+09 | AD12: 1.9922744e+10 | AE12: 5.0593122e+11 | AF12: 3.006258e+11 | AG12: 6.6115306e+09 | AH12: 2.0857805e+10 | AI12: 1.1176635e+10 | AJ12: 8.5005394e+09 | AK12: 1.7315914e+09 | AL12: 1.9677174e+09 | AM12: 5.9031523e+09 | AN12: 1.7315914e+09 | AO12: 3.9354349e+09 | AP12: 2.2825522e+09 | AQ12: 2.6242047e+08 | AR12: 7.3477731e+08 | AS12: 5.4514329e+08 | AT12: 4.8775978e+08 | AU12: 1.9681535e+08 | AV12: 5.64204e+08 | AW12: 1.6067381e+09 | AX12: 7.3477731e+08 | AY12: 3.2453182e+08 | AZ12: 1.7658349e+09 | BA12: 6.1088343e+08 | BB12: 3.8180214e+08 | BC12: 1.5450281e+09 | BD12: 1.431758e+08 | BE12: 1.0705211e+10 | BF12: 1.6602286e+09
A14: Solar Capacity (MW) | BH14: Total Solar Capacity (GW)
A16: 2028 | B16: =B5/Output!B4*Output!B22 -> 0 | C16: =C5/Output!C4*Output!C22 -> 16.517143 | D16: =D5/Output!D4*Output!D22 -> 180.91231 | E16: =E5/Output!E4*Output!E22 -> 22.24447 | F16: =F5/Output!F4*Output!F22 -> 48.59574 | G16: =G5/Output!G4*Output!G22 -> 12.382964 | H16: =H5/Output!H4*Output!H22 -> 0 | I16: =I5/Output!I4*Output!I22 -> 0 | ... BF16: =BF5/Output!BF4*Output!BF22 -> 8.7221043 | BH16: =SUM(B16:AI16,AK16:AM16,AP16,AR16:AS16,AU16,AW16:BF16)/1000 -> 19.739164
A17: 2029 | B17: =B6/Output!B5*Output!B23 -> 0 | C17: =C6/Output!C5*Output!C23 -> 49.878046 | D17: =D6/Output!D5*Output!D23 -> 482.90877 | E17: =E6/Output!E5*Output!E23 -> 62.933453 | F17: =F6/Output!F5*Output!F23 -> 129.02119 | G17: =G6/Output!G5*Output!G23 -> 38.378603 | H17: =H6/Output!H5*Output!H23 -> 0 | I17: =I6/Output!I5*Output!I23 -> 0 | ... BF17: =BF6/Output!BF5*Output!BF23 -> 0 | BH17: =SUM(B17:AI17,AK17:AM17,AP17,AR17:AS17,AU17,AW17:BF17)/1000 -> 53.425639
A18: 2030 | B18: =B7/Output!B6*Output!B24 -> 0 | C18: =C7/Output!C6*Output!C24 -> 99.888146 | D18: =D7/Output!D6*Output!D24 -> 886.24597 | E18: =E7/Output!E6*Output!E24 -> 124.3105 | F18: =F7/Output!F6*Output!F24 -> 234.76022 | G18: =G7/Output!G6*Output!G24 -> 79.028225 | H18: =H7/Output!H6*Output!H24 -> 0 | I18: =I7/Output!I6*Output!I24 -> 0 | ... BF18: =BF7/Output!BF6*Output!BF24 -> 0 | BH18: =SUM(B18:AI18,AK18:AM18,AP18,AR18:AS18,AU18,AW18:BF18)/1000 -> 100.67473
A19: 2031 | B19: =B8/Output!B7*Output!B25 -> 0 | C19: =C8/Output!C7*Output!C25 -> 142.56002 | D19: =D8/Output!D7*Output!D25 -> 1332.3787 | E19: =E8/Output!E7*Output!E25 -> 185.32422 | F19: =F8/Output!F7*Output!F25 -> 347.42499 | G19: =G8/Output!G7*Output!G25 -> 116.6659 | H19: =H8/Output!H7*Output!H25 -> 0 | I19: =I8/Output!I7*Output!I25 -> 0 | ... BF19: =BF8/Output!BF7*Output!BF25 -> 0 | BH19: =SUM(B19:AI19,AK19:AM19,AP19,AR19:AS19,AU19,AW19:BF19)/1000 -> 154.7008
A20: 2032 | B20: =B9/Output!B8*Output!B26 -> 0 | C20: =C9/Output!C8*Output!C26 -> 185.70537 | D20: =D9/Output!D8*Output!D26 -> 1856.5436 | E20: =E9/Output!E8*Output!E26 -> 236.96315 | F20: =F9/Output!F8*Output!F26 -> 461.79082 | G20: =G9/Output!G8*Output!G26 -> 147.60233 | H20: =H9/Output!H8*Output!H26 -> 0 | I20: =I9/Output!I8*Output!I26 -> 0 | ... BF20: =BF9/Output!BF8*Output!BF26 -> 0 | BH20: =SUM(B20:AI20,AK20:AM20,AP20,AR20:AS20,AU20,AW20:BF20)/1000 -> 211.38033
A21: 2033 | B21: =B10/Output!B9*Output!B27 -> 0 | C21: =C10/Output!C9*Output!C27 -> 229.68695 | D21: =D10/Output!D9*Output!D27 -> 2438.5624 | E21: =E10/Output!E9*Output!E27 -> 288.2043 | F21: =F10/Output!F9*Output!F27 -> 580.30534 | G21: =G10/Output!G9*Output!G27 -> 170.44738 | H21: =H10/Output!H9*Output!H27 -> 0 | I21: =I10/Output!I9*Output!I27 -> 0 | ... BF21: =BF10/Output!BF9*Output!BF27 -> 0 | BH21: =SUM(B21:AI21,AK21:AM21,AP21,AR21:AS21,AU21,AW21:BF21)/1000 -> 272.13534
A22: 2034 | B22: =B11/Output!B10*Output!B28 -> 46.979859 | C22: =C11/Output!C10*Output!C28 -> 277.99928 | D22: =D11/Output!D10*Output!D28 -> 2924.4434 | E22: =E11/Output!E10*Output!E28 -> 339.35513 | F22: =F11/Output!F10*Output!F28 -> 705.00208 | G22: =G11/Output!G10*Output!G28 -> 189.59219 | H22: =H11/Output!H10*Output!H28 -> 0 | I22: =I11/Output!I10*Output!I28 -> 0 | ... BF22: =BF11/Output!BF10*Output!BF28 -> 0 | BH22: =SUM(B22:AI22,AK22:AM22,AP22,AR22:AS22,AU22,AW22:BF22)/1000 -> 343.70219
A23: 2035 | B23: =B12/Output!B11*Output!B29 -> 222.47031 | C23: =C12/Output!C11*Output!C29 -> 319.6798 | D23: =D12/Output!D11*Output!D29 -> 3393.9347 | E23: =E12/Output!E11*Output!E29 -> 392.11352 | F23: =F12/Output!F11*Output!F29 -> 838.11377 | G23: =G12/Output!G11*Output!G29 -> 204.87385 | H23: =H12/Output!H11*Output!H29 -> 0 | I23: =I12/Output!I11*Output!I29 -> 296.39313 | ... BF23: =BF12/Output!BF11*Output!BF29 -> 0 | BH23: =SUM(B23:AI23,AK23:AM23,AP23,AR23:AS23,AU23,AW23:BF23)/1000 -> 413.0308
A25: Wind Capacity (MW) | BH25: Total Wind Capacity (GW)
A27: 2028 | B27: =B5/Output!B4*Output!B13 -> 34.443004 | C27: =C5/Output!C4*Output!C13 -> 13.464831 | D27: =D5/Output!D4*Output!D13 -> 57.226461 | E27: =E5/Output!E4*Output!E13 -> 8.2818182 | F27: =F5/Output!F4*Output!F13 -> 36.167763 | G27: =G5/Output!G4*Output!G13 -> 13.818322 | H27: =H5/Output!H4*Output!H13 -> 16.521793 | I27: =I5/Output!I4*Output!I13 -> 64.851219 | ... BF27: =BF5/Output!BF4*Output!BF13 -> 9.520246 | BH27: =SUM(B27:AI27,AK27:AM27,AP27,AR27:AS27,AU27,AW27:BF27)/1000 -> 3.3678126
A28: 2029 | B28: =B6/Output!B5*Output!B14 -> 88.880243 | C28: =C6/Output!C5*Output!C14 -> 33.280069 | D28: =D6/Output!D5*Output!D14 -> 149.94828 | E28: =E6/Output!E5*Output!E14 -> 19.746084 | F28: =F6/Output!F5*Output!F14 -> 92.376665 | G28: =G6/Output!G5*Output!G14 -> 32.21949 | H28: =H6/Output!H5*Output!H14 -> 42.475658 | I28: =I6/Output!I5*Output!I14 -> 167.08487 | ... BF28: =BF6/Output!BF5*Output!BF14 -> 28.585423 | BH28: =SUM(B28:AI28,AK28:AM28,AP28,AR28:AS28,AU28,AW28:BF28)/1000 -> 8.7256491
A29: 2030 | B29: =B7/Output!B6*Output!B15 -> 162.93698 | C29: =C7/Output!C6*Output!C15 -> 56.898718 | D29: =D7/Output!D6*Output!D15 -> 273.92971 | E29: =E7/Output!E6*Output!E15 -> 37.3485 | F29: =F7/Output!F6*Output!F15 -> 162.47453 | G29: =G7/Output!G6*Output!G15 -> 55.666869 | H29: =H7/Output!H6*Output!H15 -> 75.068165 | I29: =I7/Output!I6*Output!I15 -> 299.76407 | ... BF29: =BF7/Output!BF6*Output!BF15 -> 50.518415 | BH29: =SUM(B29:AI29,AK29:AM29,AP29,AR29:AS29,AU29,AW29:BF29)/1000 -> 16.33312
A30: 2031 | B30: =B8/Output!B7*Output!B16 -> 260.75355 | C30: =C8/Output!C7*Output!C16 -> 88.744883 | D30: =D8/Output!D7*Output!D16 -> 461.97179 | E30: =E8/Output!E7*Output!E16 -> 62.874361 | F30: =F8/Output!F7*Output!F16 -> 245.93488 | G30: =G8/Output!G7*Output!G16 -> 96.017166 | H30: =H8/Output!H7*Output!H16 -> 111.76698 | I30: =I8/Output!I7*Output!I16 -> 461.68103 | ... BF30: =BF8/Output!BF7*Output!BF16 -> 75.274607 | BH30: =SUM(B30:AI30,AK30:AM30,AP30,AR30:AS30,AU30,AW30:BF30)/1000 -> 26.925775
A31: 2032 | B31: =B9/Output!B8*Output!B17 -> 389.73685 | C31: =C9/Output!C8*Output!C17 -> 128.55003 | D31: =D9/Output!D8*Output!D17 -> 713.2351 | E31: =E9/Output!E8*Output!E17 -> 88.383594 | F31: =F9/Output!F8*Output!F17 -> 332.91981 | G31: =G9/Output!G8*Output!G17 -> 142.45002 | H31: =H9/Output!H8*Output!H17 -> 151.90555 | I31: =I9/Output!I8*Output!I17 -> 651.52808 | ... BF31: =BF9/Output!BF8*Output!BF17 -> 103.40946 | BH31: =SUM(B31:AI31,AK31:AM31,AP31,AR31:AS31,AU31,AW31:BF31)/1000 -> 38.611011
A32: 2033 | B32: =B10/Output!B9*Output!B18 -> 510.73365 | C32: =C10/Output!C9*Output!C18 -> 181.33464 | D32: =D10/Output!D9*Output!D18 -> 1029.2965 | E32: =E10/Output!E9*Output!E18 -> 117.3853 | F32: =F10/Output!F9*Output!F18 -> 428.65204 | G32: =G10/Output!G9*Output!G18 -> 194.21971 | H32: =H10/Output!H9*Output!H18 -> 200.98915 | I32: =I10/Output!I9*Output!I18 -> 892.63874 | ... BF32: =BF10/Output!BF9*Output!BF18 -> 138.6284 | BH32: =SUM(B32:AI32,AK32:AM32,AP32,AR32:AS32,AU32,AW32:BF32)/1000 -> 52.986728
A33: 2034 | B33: =B11/Output!B10*Output!B19 -> 603.71012 | C33: =C11/Output!C10*Output!C19 -> 253.0171 | D33: =D11/Output!D10*Output!D19 -> 1342.829 | E33: =E11/Output!E10*Output!E19 -> 148.96515 | F33: =F11/Output!F10*Output!F19 -> 545.81988 | G33: =G11/Output!G10*Output!G19 -> 255.81999 | H33: =H11/Output!H10*Output!H19 -> 262.10013 | I33: =I11/Output!I10*Output!I19 -> 1174.4869 | ... BF33: =BF11/Output!BF10*Output!BF19 -> 183.64494 | BH33: =SUM(B33:AI33,AK33:AM33,AP33,AR33:AS33,AU33,AW33:BF33)/1000 -> 71.187206
A34: 2035 | B34: =B12/Output!B11*Output!B20 -> 608.7359 | C34: =C12/Output!C11*Output!C20 -> 313.11692 | D34: =D12/Output!D11*Output!D20 -> 1683.3325 | E34: =E12/Output!E11*Output!E20 -> 186.33293 | F34: =F12/Output!F11*Output!F20 -> 707.23248 | G34: =G12/Output!G11*Output!G20 -> 323.23725 | H34: =H12/Output!H11*Output!H20 -> 341.85825 | I34: =I12/Output!I11*Output!I20 -> 1332.8568 | ... BF34: =BF12/Output!BF11*Output!BF20 -> 243.8943 | BH34: =SUM(B34:AI34,AK34:AM34,AP34,AR34:AS34,AU34,AW34:BF34)/1000 -> 89.55545
A36: DAC Capacity (ktCO2/yr) | BH36: Total DAC Capacity (ktCO2/yr)
A38: 2028 | B38: =B5/Output!B4*Output!B31*0.0114 -> 0 | C38: =C5/Output!C4*Output!C31*0.0114 -> 0 | D38: =D5/Output!D4*Output!D31*0.0114 -> 0 | E38: =E5/Output!E4*Output!E31*0.0114 -> 0 | F38: =F5/Output!F4*Output!F31*0.0114 -> 0 | G38: =G5/Output!G4*Output!G31*0.0114 -> 0 | H38: =H5/Output!H4*Output!H31*0.0114 -> 0 | I38: =I5/Output!I4*Output!I31*0.0114 -> 0 | ... BF38: =BF5/Output!BF4*Output!BF31*0.0114 -> 0 | BH38: =SUM(B38:AI38,AK38:AM38,AP38,AR38:AS38,AU38,AW38:BF38) -> 88.524253
A39: 2029 | B39: =B6/Output!B5*Output!B32*0.0114 -> 0 | C39: =C6/Output!C5*Output!C32*0.0114 -> 0 | D39: =D6/Output!D5*Output!D32*0.0114 -> 0 | E39: =E6/Output!E5*Output!E32*0.0114 -> 0 | F39: =F6/Output!F5*Output!F32*0.0114 -> 0 | G39: =G6/Output!G5*Output!G32*0.0114 -> 0 | H39: =H6/Output!H5*Output!H32*0.0114 -> 0 | I39: =I6/Output!I5*Output!I32*0.0114 -> 0 | ... BF39: =BF6/Output!BF5*Output!BF32*0.0114 -> 0 | BH39: =SUM(B39:AI39,AK39:AM39,AP39,AR39:AS39,AU39,AW39:BF39) -> 154.88101
A40: 2030 | B40: =B7/Output!B6*Output!B33*0.0114 -> 0 | C40: =C7/Output!C6*Output!C33*0.0114 -> 0 | D40: =D7/Output!D6*Output!D33*0.0114 -> 0 | E40: =E7/Output!E6*Output!E33*0.0114 -> 0 | F40: =F7/Output!F6*Output!F33*0.0114 -> 0 | G40: =G7/Output!G6*Output!G33*0.0114 -> 0 | H40: =H7/Output!H6*Output!H33*0.0114 -> 0 | I40: =I7/Output!I6*Output!I33*0.0114 -> 0 | ... BF40: =BF7/Output!BF6*Output!BF33*0.0114 -> 0 | BH40: =SUM(B40:AI40,AK40:AM40,AP40,AR40:AS40,AU40,AW40:BF40) -> 0.23985077
A41: 2031 | B41: =B8/Output!B7*Output!B34*0.0114 -> 0 | C41: =C8/Output!C7*Output!C34*0.0114 -> 0 | D41: =D8/Output!D7*Output!D34*0.0114 -> 0 | E41: =E8/Output!E7*Output!E34*0.0114 -> 0 | F41: =F8/Output!F7*Output!F34*0.0114 -> 0 | G41: =G8/Output!G7*Output!G34*0.0114 -> 0 | H41: =H8/Output!H7*Output!H34*0.0114 -> 0 | I41: =I8/Output!I7*Output!I34*0.0114 -> 0 | ... BF41: =BF8/Output!BF7*Output!BF34*0.0114 -> 0 | BH41: =SUM(B41:AI41,AK41:AM41,AP41,AR41:AS41,AU41,AW41:BF41) -> 0.43097787
A42: 2032 | B42: =B9/Output!B8*Output!B35*0.0114 -> 0 | C42: =C9/Output!C8*Output!C35*0.0114 -> 0 | D42: =D9/Output!D8*Output!D35*0.0114 -> 0 | E42: =E9/Output!E8*Output!E35*0.0114 -> 0 | F42: =F9/Output!F8*Output!F35*0.0114 -> 0 | G42: =G9/Output!G8*Output!G35*0.0114 -> 0 | H42: =H9/Output!H8*Output!H35*0.0114 -> 0 | I42: =I9/Output!I8*Output!I35*0.0114 -> 0 | ... BF42: =BF9/Output!BF8*Output!BF35*0.0114 -> 0 | BH42: =SUM(B42:AI42,AK42:AM42,AP42,AR42:AS42,AU42,AW42:BF42) -> 0.47108674
A43: 2033 | B43: =B10/Output!B9*Output!B36*0.0114 -> 0 | C43: =C10/Output!C9*Output!C36*0.0114 -> 0 | D43: =D10/Output!D9*Output!D36*0.0114 -> 0 | E43: =E10/Output!E9*Output!E36*0.0114 -> 0 | F43: =F10/Output!F9*Output!F36*0.0114 -> 0 | G43: =G10/Output!G9*Output!G36*0.0114 -> 0 | H43: =H10/Output!H9*Output!H36*0.0114 -> 0 | I43: =I10/Output!I9*Output!I36*0.0114 -> 0 | ... BF43: =BF10/Output!BF9*Output!BF36*0.0114 -> 0 | BH43: =SUM(B43:AI43,AK43:AM43,AP43,AR43:AS43,AU43,AW43:BF43) -> 0.50470022
A44: 2034 | B44: =B11/Output!B10*Output!B37*0.0114 -> 0 | C44: =C11/Output!C10*Output!C37*0.0114 -> 0 | D44: =D11/Output!D10*Output!D37*0.0114 -> 0 | E44: =E11/Output!E10*Output!E37*0.0114 -> 0 | F44: =F11/Output!F10*Output!F37*0.0114 -> 0 | G44: =G11/Output!G10*Output!G37*0.0114 -> 0 | H44: =H11/Output!H10*Output!H37*0.0114 -> 0 | I44: =I11/Output!I10*Output!I37*0.0114 -> 0 | ... BF44: =BF11/Output!BF10*Output!BF37*0.0114 -> 0 | BH44: =SUM(B44:AI44,AK44:AM44,AP44,AR44:AS44,AU44,AW44:BF44) -> 0.80473994
A45: 2035 | B45: =B12/Output!B11*Output!B38*0.0114 -> 0 | C45: =C12/Output!C11*Output!C38*0.0114 -> 0 | D45: =D12/Output!D11*Output!D38*0.0114 -> 0 | E45: =E12/Output!E11*Output!E38*0.0114 -> 0 | F45: =F12/Output!F11*Output!F38*0.0114 -> 0 | G45: =G12/Output!G11*Output!G38*0.0114 -> 0 | H45: =H12/Output!H11*Output!H38*0.0114 -> 0 | I45: =I12/Output!I11*Output!I38*0.0114 -> 0 | ... BF45: =BF12/Output!BF11*Output!BF38*0.0114 -> 0 | BH45: =SUM(B45:AI45,AK45:AM45,AP45,AR45:AS45,AU45,AW45:BF45) -> 0.8641595
A47: Battery Storage Capacity (MWh) | BH47: Total Battery Storage Capacity (GWh)
A49: 2028 | B49: =B5/Output!B4*Output!B40 -> 0 | C49: =C5/Output!C4*Output!C40 -> 0 | D49: =D5/Output!D4*Output!D40 -> 0 | E49: =E5/Output!E4*Output!E40 -> 0 | F49: =F5/Output!F4*Output!F40 -> 0 | G49: =G5/Output!G4*Output!G40 -> 0 | H49: =H5/Output!H4*Output!H40 -> 0 | I49: =I5/Output!I4*Output!I40 -> 0 | ... BF49: =BF5/Output!BF4*Output!BF40 -> 0 | BH49: =SUM(B49:AI49,AK49:AM49,AP49,AR49:AS49,AU49,AW49:BF49)/1000 -> 121.13426
A50: 2029 | B50: =B6/Output!B5*Output!B41 -> 0 | C50: =C6/Output!C5*Output!C41 -> 0 | D50: =D6/Output!D5*Output!D41 -> 0 | E50: =E6/Output!E5*Output!E41 -> 0 | F50: =F6/Output!F5*Output!F41 -> 0 | G50: =G6/Output!G5*Output!G41 -> 0 | H50: =H6/Output!H5*Output!H41 -> 0 | I50: =I6/Output!I5*Output!I41 -> 0 | ... BF50: =BF6/Output!BF5*Output!BF41 -> 0 | BH50: =SUM(B50:AI50,AK50:AM50,AP50,AR50:AS50,AU50,AW50:BF50)/1000 -> 211.65244
A51: 2030 | B51: =B7/Output!B6*Output!B42 -> 0 | C51: =C7/Output!C6*Output!C42 -> 0 | D51: =D7/Output!D6*Output!D42 -> 0 | E51: =E7/Output!E6*Output!E42 -> 0 | F51: =F7/Output!F6*Output!F42 -> 0 | G51: =G7/Output!G6*Output!G42 -> 0 | H51: =H7/Output!H6*Output!H42 -> 0 | I51: =I7/Output!I6*Output!I42 -> 0 | ... BF51: =BF7/Output!BF6*Output!BF42 -> 0 | BH51: =SUM(B51:AI51,AK51:AM51,AP51,AR51:AS51,AU51,AW51:BF51)/1000 -> 4.030767
A52: 2031 | B52: =B8/Output!B7*Output!B43 -> 0 | C52: =C8/Output!C7*Output!C43 -> 0 | D52: =D8/Output!D7*Output!D43 -> 0 | E52: =E8/Output!E7*Output!E43 -> 68.19345 | F52: =F8/Output!F7*Output!F43 -> 0 | G52: =G8/Output!G7*Output!G43 -> 0 | H52: =H8/Output!H7*Output!H43 -> 0 | I52: =I8/Output!I7*Output!I43 -> 0 | ... BF52: =BF8/Output!BF7*Output!BF43 -> 0 | BH52: =SUM(B52:AI52,AK52:AM52,AP52,AR52:AS52,AU52,AW52:BF52)/1000 -> 24.879719
A53: 2032 | B53: =B9/Output!B8*Output!B44 -> 0 | C53: =C9/Output!C8*Output!C44 -> 0 | D53: =D9/Output!D8*Output!D44 -> 0 | E53: =E9/Output!E8*Output!E44 -> 218.45584 | F53: =F9/Output!F8*Output!F44 -> 0 | G53: =G9/Output!G8*Output!G44 -> 102.57285 | H53: =H9/Output!H8*Output!H44 -> 0 | I53: =I9/Output!I8*Output!I44 -> 0 | ... BF53: =BF9/Output!BF8*Output!BF44 -> 0 | BH53: =SUM(B53:AI53,AK53:AM53,AP53,AR53:AS53,AU53,AW53:BF53)/1000 -> 66.26249
A54: 2033 | B54: =B10/Output!B9*Output!B45 -> 270.36256 | C54: =C10/Output!C9*Output!C45 -> 0 | D54: =D10/Output!D9*Output!D45 -> 479.11398 | E54: =E10/Output!E9*Output!E45 -> 398.07886 | F54: =F10/Output!F9*Output!F45 -> 0 | G54: =G10/Output!G9*Output!G45 -> 291.02192 | H54: =H10/Output!H9*Output!H45 -> 0 | I54: =I10/Output!I9*Output!I45 -> 0 | ... BF54: =BF10/Output!BF9*Output!BF45 -> 0 | BH54: =SUM(B54:AI54,AK54:AM54,AP54,AR54:AS54,AU54,AW54:BF54)/1000 -> 120.84248
A55: 2034 | B55: =B11/Output!B10*Output!B46 -> 733.56731 | C55: =C11/Output!C10*Output!C46 -> 0 | D55: =D11/Output!D10*Output!D46 -> 2269.9519 | E55: =E11/Output!E10*Output!E46 -> 619.59671 | F55: =F11/Output!F10*Output!F46 -> 0 | G55: =G11/Output!G10*Output!G46 -> 519.62207 | H55: =H11/Output!H10*Output!H46 -> 0 | I55: =I11/Output!I10*Output!I46 -> 224.61952 | ... BF55: =BF11/Output!BF10*Output!BF46 -> 0 | BH55: =SUM(B55:AI55,AK55:AM55,AP55,AR55:AS55,AU55,AW55:BF55)/1000 -> 187.65676
A56: 2035 | B56: =B12/Output!B11*Output!B47 -> 1413.2072 | C56: =C12/Output!C11*Output!C47 -> 263.70399 | D56: =D12/Output!D11*Output!D47 -> 4675.8245 | E56: =E12/Output!E11*Output!E47 -> 889.27835 | F56: =F12/Output!F11*Output!F47 -> 0 | G56: =G12/Output!G11*Output!G47 -> 885.56895 | H56: =H12/Output!H11*Output!H47 -> 0 | I56: =I12/Output!I11*Output!I47 -> 739.99403 | ... BF56: =BF12/Output!BF11*Output!BF47 -> 0 | BH56: =SUM(B56:AI56,AK56:AM56,AP56,AR56:AS56,AU56,AW56:BF56)/1000 -> 329.90576
A58: Total cost of energy ($bn) | BH58: Total cost of energy ($bn)
A60: 2028 | B60: =B5*Output!B49/10^9 -> 0.33309903 | C60: =C5*Output!C49/10^9 -> 0.33846524 | D60: =D5*Output!D49/10^9 -> 2.0979019 | E60: =E5*Output!E49/10^9 -> 0.090586662 | F60: =F5*Output!F49/10^9 -> 0.4070974 | G60: =G5*Output!G49/10^9 -> 0.36756338 | H60: =H5*Output!H49/10^9 -> 0.42936959 | I60: =I5*Output!I49/10^9 -> 0.29729363 | ... BF60: =BF5*Output!BF49/10^9 -> 0.045531127 | BH60: =SUM(B60:AI60,AK60:AM60,AP60,AR60:AS60,AU60,AW60:BF60) -> 77.79854
A61: 2029 | B61: =B6*Output!B50/10^9 -> 0.3915007 | C61: =C6*Output!C50/10^9 -> 0.39590215 | D61: =D6*Output!D50/10^9 -> 2.5385036 | E61: =E6*Output!E50/10^9 -> 0.10933865 | F61: =F6*Output!F50/10^9 -> 0.49488817 | G61: =G6*Output!G50/10^9 -> 0.43146484 | H61: =H6*Output!H50/10^9 -> 0.49848519 | I61: =I6*Output!I50/10^9 -> 0.35689047 | ... BF61: =BF6*Output!BF50/10^9 -> 0.054018564 | BH61: =SUM(B61:AI61,AK61:AM61,AP61,AR61:AS61,AU61,AW61:BF61) -> 100.1182
A62: 2030 | B62: =B7*Output!B51/10^9 -> 0.41856778 | C62: =C7*Output!C51/10^9 -> 0.42042952 | D62: =D7*Output!D51/10^9 -> 2.7919553 | E62: =E7*Output!E51/10^9 -> 0.12147532 | F62: =F7*Output!F51/10^9 -> 0.54806486 | G62: =G7*Output!G51/10^9 -> 0.46111957 | H62: =H7*Output!H51/10^9 -> 0.52414328 | I62: =I7*Output!I51/10^9 -> 0.39075541 | ... BF62: =BF7*Output!BF51/10^9 -> 0.059397199 | BH62: =SUM(B62:AI62,AK62:AM62,AP62,AR62:AS62,AU62,AW62:BF62) -> 95.212703
A63: 2031 | B63: =B8*Output!B52/10^9 -> 0.42177087 | C63: =C8*Output!C52/10^9 -> 0.41712876 | D63: =D8*Output!D52/10^9 -> 2.8730653 | E63: =E8*Output!E52/10^9 -> 0.12904879 | F63: =F8*Output!F52/10^9 -> 0.56954758 | G63: =G8*Output!G52/10^9 -> 0.46167354 | H63: =H8*Output!H52/10^9 -> 0.51469989 | I63: =I8*Output!I52/10^9 -> 0.40494449 | ... BF63: =BF8*Output!BF52/10^9 -> 0.061590923 | BH63: =SUM(B63:AI63,AK63:AM63,AP63,AR63:AS63,AU63,AW63:BF63) -> 101.76829
A64: 2032 | B64: =B9*Output!B53/10^9 -> 0.40556769 | C64: =C9*Output!C53/10^9 -> 0.3903176 | D64: =D9*Output!D53/10^9 -> 2.7889623 | E64: =E9*Output!E53/10^9 -> 0.13107095 | F64: =F9*Output!F53/10^9 -> 0.55992094 | G64: =G9*Output!G53/10^9 -> 0.4375732 | H64: =H9*Output!H53/10^9 -> 0.47463306 | I64: =I9*Output!I53/10^9 -> 0.40201238 | ... BF64: =BF9*Output!BF53/10^9 -> 0.061096948 | BH64: =SUM(B64:AI64,AK64:AM64,AP64,AR64:AS64,AU64,AW64:BF64) -> 103.32909
A65: 2033 | B65: =B10*Output!B54/10^9 -> 0.38437232 | C65: =C10*Output!C54/10^9 -> 0.3543066 | D65: =D10*Output!D54/10^9 -> 2.6255099 | E65: =E10*Output!E54/10^9 -> 0.13075206 | F65: =F10*Output!F54/10^9 -> 0.53585796 | G65: =G10*Output!G54/10^9 -> 0.40236698 | H65: =H10*Output!H54/10^9 -> 0.42205583 | I65: =I10*Output!I54/10^9 -> 0.3969625 | ... BF65: =BF10*Output!BF54/10^9 -> 0.06019791 | BH65: =SUM(B65:AI65,AK65:AM65,AP65,AR65:AS65,AU65,AW65:BF65) -> 102.2469
A66: 2034 | B66: =B11*Output!B55/10^9 -> 0.36139316 | C66: =C11*Output!C55/10^9 -> 0.31404344 | D66: =D11*Output!D55/10^9 -> 2.4009158 | E66: =E11*Output!E55/10^9 -> 0.12924031 | F66: =F11*Output!F55/10^9 -> 0.50421284 | G66: =G11*Output!G55/10^9 -> 0.36045945 | H66: =H11*Output!H55/10^9 -> 0.3622975 | I66: =I11*Output!I55/10^9 -> 0.39704613 | ... BF66: =BF11*Output!BF55/10^9 -> 0.059758992 | BH66: =SUM(B66:AI66,AK66:AM66,AP66,AR66:AS66,AU66,AW66:BF66) -> 99.912757
A67: 2035 | B67: =B12*Output!B56/10^9 -> 0.33704822 | C67: =C12*Output!C56/10^9 -> 0.27138556 | D67: =D12*Output!D56/10^9 -> 2.1218575 | E67: =E12*Output!E56/10^9 -> 0.12737524 | F67: =F12*Output!F56/10^9 -> 0.46982487 | G67: =G12*Output!G56/10^9 -> 0.3144742 | H67: =H12*Output!H56/10^9 -> 0.29733246 | I67: =I12*Output!I56/10^9 -> 0.40531178 | ... BF67: =BF12*Output!BF56/10^9 -> 0.060641665 | BH67: =SUM(B67:AI67,AK67:AM67,AP67,AR67:AS67,AU67,AW67:BF67) -> 96.853947
B68: =SUM(B60:B67) -> 3.0533198 | C68: =SUM(C60:C67) -> 2.9019789 | D68: =SUM(D60:D67) -> 20.238672 | E68: =SUM(E60:E67) -> 0.96888797 | F68: =SUM(F60:F67) -> 4.0894146 | G68: =SUM(G60:G67) -> 3.2366952 | H68: =SUM(H60:H67) -> 3.5230168 | I68: =SUM(I60:I67) -> 3.0512168 | ... BF68: =SUM(BF60:BF67) -> 0.46223333
A69: Battery Interface Capacity (MW) | BH69: Total Battery Interface Capacity (GW)
A71: 2028 | B71: =B5/Output!B4*Output!B58 -> 0 | C71: =C5/Output!C4*Output!C58 -> 0 | D71: =D5/Output!D4*Output!D58 -> 0 | E71: =E5/Output!E4*Output!E58 -> 0 | F71: =F5/Output!F4*Output!F58 -> 0 | G71: =G5/Output!G4*Output!G58 -> 0 | H71: =H5/Output!H4*Output!H58 -> 0 | I71: =I5/Output!I4*Output!I58 -> 0 | ... BF71: =BF5/Output!BF4*Output!BF58 -> 0 | BH71: =SUM(B71:AI71,AK71:AM71,AP71,AR71:AS71,AU71,AW71:BF71)/1000 -> 121.13269
A72: 2029 | B72: =B6/Output!B5*Output!B59 -> 0 | C72: =C6/Output!C5*Output!C59 -> 0 | D72: =D6/Output!D5*Output!D59 -> 0 | E72: =E6/Output!E5*Output!E59 -> 0 | F72: =F6/Output!F5*Output!F59 -> 0 | G72: =G6/Output!G5*Output!G59 -> 0 | H72: =H6/Output!H5*Output!H59 -> 0 | I72: =I6/Output!I5*Output!I59 -> 0 | ... BF72: =BF6/Output!BF5*Output!BF59 -> 0 | BH72: =SUM(B72:AI72,AK72:AM72,AP72,AR72:AS72,AU72,AW72:BF72)/1000 -> 211.64531
A73: 2030 | B73: =B7/Output!B6*Output!B60 -> 0 | C73: =C7/Output!C6*Output!C60 -> 0 | D73: =D7/Output!D6*Output!D60 -> 0 | E73: =E7/Output!E6*Output!E60 -> 0 | F73: =F7/Output!F6*Output!F60 -> 0 | G73: =G7/Output!G6*Output!G60 -> 0 | H73: =H7/Output!H6*Output!H60 -> 0 | I73: =I7/Output!I6*Output!I60 -> 0 | ... BF73: =BF7/Output!BF6*Output!BF60 -> 0 | BH73: =SUM(B73:AI73,AK73:AM73,AP73,AR73:AS73,AU73,AW73:BF73)/1000 -> 1.0099723
A74: 2031 | B74: =B8/Output!B7*Output!B61 -> 0 | C74: =C8/Output!C7*Output!C61 -> 0 | D74: =D8/Output!D7*Output!D61 -> 0 | E74: =E8/Output!E7*Output!E61 -> 18.734019 | F74: =F8/Output!F7*Output!F61 -> 0 | G74: =G8/Output!G7*Output!G61 -> 0 | H74: =H8/Output!H7*Output!H61 -> 0 | I74: =I8/Output!I7*Output!I61 -> 0 | ... BF74: =BF8/Output!BF7*Output!BF61 -> 0 | BH74: =SUM(B74:AI74,AK74:AM74,AP74,AR74:AS74,AU74,AW74:BF74)/1000 -> 6.5653556
A75: 2032 | B75: =B9/Output!B8*Output!B62 -> 0 | C75: =C9/Output!C8*Output!C62 -> 0 | D75: =D9/Output!D8*Output!D62 -> 0 | E75: =E9/Output!E8*Output!E62 -> 50.754575 | F75: =F9/Output!F8*Output!F62 -> 0 | G75: =G9/Output!G8*Output!G62 -> 28.361393 | H75: =H9/Output!H8*Output!H62 -> 0 | I75: =I9/Output!I8*Output!I62 -> 0 | ... BF75: =BF9/Output!BF8*Output!BF62 -> 0 | BH75: =SUM(B75:AI75,AK75:AM75,AP75,AR75:AS75,AU75,AW75:BF75)/1000 -> 15.646019
A76: 2033 | B76: =B10/Output!B9*Output!B63 -> 54.012432 | C76: =C10/Output!C9*Output!C63 -> 0 | D76: =D10/Output!D9*Output!D63 -> 138.68753 | E76: =E10/Output!E9*Output!E63 -> 82.90352 | F76: =F10/Output!F9*Output!F63 -> 0 | G76: =G10/Output!G9*Output!G63 -> 68.132388 | H76: =H10/Output!H9*Output!H63 -> 0 | I76: =I10/Output!I9*Output!I63 -> 0 | ... BF76: =BF10/Output!BF9*Output!BF63 -> 0 | BH76: =SUM(B76:AI76,AK76:AM76,AP76,AR76:AS76,AU76,AW76:BF76)/1000 -> 25.88019
A77: 2034 | B77: =B11/Output!B10*Output!B64 -> 128.26385 | C77: =C11/Output!C10*Output!C64 -> 0 | D77: =D11/Output!D10*Output!D64 -> 534.76001 | E77: =E11/Output!E10*Output!E64 -> 118.64773 | F77: =F11/Output!F10*Output!F64 -> 0 | G77: =G11/Output!G10*Output!G64 -> 107.05961 | H77: =H11/Output!H10*Output!H64 -> 0 | I77: =I11/Output!I10*Output!I64 -> 47.977516 | ... BF77: =BF11/Output!BF10*Output!BF64 -> 0 | BH77: =SUM(B77:AI77,AK77:AM77,AP77,AR77:AS77,AU77,AW77:BF77)/1000 -> 37.827365
A78: 2035 | B78: =B12/Output!B11*Output!B65 -> 239.10969 | C78: =C12/Output!C11*Output!C65 -> 57.093771 | D78: =D12/Output!D11*Output!D65 -> 962.14905 | E78: =E12/Output!E11*Output!E65 -> 157.47373 | F78: =F12/Output!F11*Output!F65 -> 0 | G78: =G12/Output!G11*Output!G65 -> 164.11933 | H78: =H12/Output!H11*Output!H65 -> 0 | I78: =I12/Output!I11*Output!I65 -> 137.82389 | ... BF78: =BF12/Output!BF11*Output!BF65 -> 0 | BH78: =SUM(B78:AI78,AK78:AM78,AP78,AR78:AS78,AU78,AW78:BF78)/1000 -> 67.239816
A80: Heat Pump Capacity (MW) | BH80: Total Heat Pump Capacity (GW)
A82: 2028 | B82: =B5/Output!B4*Output!B67 -> 0 | C82: =C5/Output!C4*Output!C67 -> 0 | D82: =D5/Output!D4*Output!D67 -> 0 | E82: =E5/Output!E4*Output!E67 -> 0 | F82: =F5/Output!F4*Output!F67 -> 0 | G82: =G5/Output!G4*Output!G67 -> 0 | H82: =H5/Output!H4*Output!H67 -> 0 | I82: =I5/Output!I4*Output!I67 -> 0 | ... BF82: =BF5/Output!BF4*Output!BF67 -> 0 | BH82: =SUM(B82:AI82,AK82:AM82,AP82,AR82:AS82,AU82,AW82:BF82)/1000 -> 58.277353
A83: 2029 | B83: =B6/Output!B5*Output!B68 -> 0 | C83: =C6/Output!C5*Output!C68 -> 0 | D83: =D6/Output!D5*Output!D68 -> 0 | E83: =E6/Output!E5*Output!E68 -> 0 | F83: =F6/Output!F5*Output!F68 -> 0 | G83: =G6/Output!G5*Output!G68 -> 0 | H83: =H6/Output!H5*Output!H68 -> 0 | I83: =I6/Output!I5*Output!I68 -> 0 | ... BF83: =BF6/Output!BF5*Output!BF68 -> 0 | BH83: =SUM(B83:AI83,AK83:AM83,AP83,AR83:AS83,AU83,AW83:BF83)/1000 -> 101.97988
A84: 2030 | B84: =B7/Output!B6*Output!B69 -> 0 | C84: =C7/Output!C6*Output!C69 -> 0 | D84: =D7/Output!D6*Output!D69 -> 0 | E84: =E7/Output!E6*Output!E69 -> 0 | F84: =F7/Output!F6*Output!F69 -> 0 | G84: =G7/Output!G6*Output!G69 -> 0 | H84: =H7/Output!H6*Output!H69 -> 0 | I84: =I7/Output!I6*Output!I69 -> 0 | ... BF84: =BF7/Output!BF6*Output!BF69 -> 0 | BH84: =SUM(B84:AI84,AK84:AM84,AP84,AR84:AS84,AU84,AW84:BF84)/1000 -> 0.12081709
A85: 2031 | B85: =B8/Output!B7*Output!B70 -> 0 | C85: =C8/Output!C7*Output!C70 -> 0 | D85: =D8/Output!D7*Output!D70 -> 0 | E85: =E8/Output!E7*Output!E70 -> 0 | F85: =F8/Output!F7*Output!F70 -> 0 | G85: =G8/Output!G7*Output!G70 -> 0 | H85: =H8/Output!H7*Output!H70 -> 0 | I85: =I8/Output!I7*Output!I70 -> 0 | ... BF85: =BF8/Output!BF7*Output!BF70 -> 0 | BH85: =SUM(B85:AI85,AK85:AM85,AP85,AR85:AS85,AU85,AW85:BF85)/1000 -> 0.17309599
A86: 2032 | B86: =B9/Output!B8*Output!B71 -> 0 | C86: =C9/Output!C8*Output!C71 -> 0 | D86: =D9/Output!D8*Output!D71 -> 0 | E86: =E9/Output!E8*Output!E71 -> 0 | F86: =F9/Output!F8*Output!F71 -> 0 | G86: =G9/Output!G8*Output!G71 -> 0 | H86: =H9/Output!H8*Output!H71 -> 0 | I86: =I9/Output!I8*Output!I71 -> 0 | ... BF86: =BF9/Output!BF8*Output!BF71 -> 0 | BH86: =SUM(B86:AI86,AK86:AM86,AP86,AR86:AS86,AU86,AW86:BF86)/1000 -> 0.23055809
A87: 2033 | B87: =B10/Output!B9*Output!B72 -> 0 | C87: =C10/Output!C9*Output!C72 -> 0 | D87: =D10/Output!D9*Output!D72 -> 0 | E87: =E10/Output!E9*Output!E72 -> 0 | F87: =F10/Output!F9*Output!F72 -> 0 | G87: =G10/Output!G9*Output!G72 -> 0 | H87: =H10/Output!H9*Output!H72 -> 0 | I87: =I10/Output!I9*Output!I72 -> 0 | ... BF87: =BF10/Output!BF9*Output!BF72 -> 0 | BH87: =SUM(B87:AI87,AK87:AM87,AP87,AR87:AS87,AU87,AW87:BF87)/1000 -> 0.28733035
A88: 2034 | B88: =B11/Output!B10*Output!B73 -> 0 | C88: =C11/Output!C10*Output!C73 -> 0 | D88: =D11/Output!D10*Output!D73 -> 0 | E88: =E11/Output!E10*Output!E73 -> 0 | F88: =F11/Output!F10*Output!F73 -> 0 | G88: =G11/Output!G10*Output!G73 -> 0 | H88: =H11/Output!H10*Output!H73 -> 0 | I88: =I11/Output!I10*Output!I73 -> 0 | ... BF88: =BF11/Output!BF10*Output!BF73 -> 0 | BH88: =SUM(B88:AI88,AK88:AM88,AP88,AR88:AS88,AU88,AW88:BF88)/1000 -> 0.35797714
A89: 2035 | B89: =B12/Output!B11*Output!B74 -> 0 | C89: =C12/Output!C11*Output!C74 -> 0 | D89: =D12/Output!D11*Output!D74 -> 0 | E89: =E12/Output!E11*Output!E74 -> 0 | F89: =F12/Output!F11*Output!F74 -> 0 | G89: =G12/Output!G11*Output!G74 -> 0 | H89: =H12/Output!H11*Output!H74 -> 0 | I89: =I12/Output!I11*Output!I74 -> 0 | ... BF89: =BF12/Output!BF11*Output!BF74 -> 0 | BH89: =SUM(B89:AI89,AK89:AM89,AP89,AR89:AS89,AU89,AW89:BF89)/1000 -> 0.40876751
A91: Emissions avoided (kgCO2) | BH91: Total avoided emissions (GtCO2)
A93: 2028 | B93: =B5/Output!B4*Output!B76 -> 5228245.7 | C93: =C5/Output!C4*Output!C76 -> 7521284.7 | D93: =D5/Output!D4*Output!D76 -> 4.0181825e+08 | E93: =E5/Output!E4*Output!E76 -> 16663958 | F93: =F5/Output!F4*Output!F76 -> 39544130 | G93: =G5/Output!G4*Output!G76 -> 48506089 | H93: =H5/Output!H4*Output!H76 -> 8997840.6 | I93: =I5/Output!I4*Output!I76 -> 5402219.6 | ... BF93: =BF5/Output!BF4*Output!BF76 -> 14891137 | BH93: =SUM(B93:AI93,AK93:AM93,AP93,AR93:AS93,AU93,AW93:BF93)/10^9 -> 14.726668
A94: 2029 | B94: =B6/Output!B5*Output!B77 -> 12592338 | C94: =C6/Output!C5*Output!C77 -> 18268770 | D94: =D6/Output!D5*Output!D77 -> 1.0504922e+09 | E94: =E6/Output!E5*Output!E77 -> 42518815 | F94: =F6/Output!F5*Output!F77 -> 1.0261404e+08 | G94: =G6/Output!G5*Output!G77 -> 1.2474605e+08 | H94: =H6/Output!H5*Output!H77 -> 22446518 | I94: =I6/Output!I5*Output!I77 -> 11495660 | ... BF94: =BF6/Output!BF5*Output!BF77 -> 36096762 | BH94: =SUM(B94:AI94,AK94:AM94,AP94,AR94:AS94,AU94,AW94:BF94)/10^9 -> 38.639125
A95: 2030 | B95: =B7/Output!B6*Output!B78 -> 21054026 | C95: =C7/Output!C6*Output!C78 -> 30626017 | D95: =D7/Output!D6*Output!D78 -> 1.88907e+09 | E95: =E7/Output!E6*Output!E78 -> 74507336 | F95: =F7/Output!F6*Output!F78 -> 1.8318049e+08 | G95: =G7/Output!G6*Output!G78 -> 2.2050877e+08 | H95: =H7/Output!H6*Output!H78 -> 38593411 | I95: =I7/Output!I6*Output!I78 -> 17269758 | ... BF95: =BF7/Output!BF6*Output!BF78 -> 59642821 | BH95: =SUM(B95:AI95,AK95:AM95,AP95,AR95:AS95,AU95,AW95:BF95)/10^9 -> 69.704533
A96: 2031 | B96: =B8/Output!B7*Output!B79 -> 28168246 | C96: =C8/Output!C7*Output!C79 -> 43841139 | D96: =D8/Output!D7*Output!D79 -> 2.778852e+09 | E96: =E8/Output!E7*Output!E79 -> 1.0506691e+08 | F96: =F8/Output!F7*Output!F79 -> 2.6956254e+08 | G96: =G8/Output!G7*Output!G79 -> 3.1265216e+08 | H96: =H8/Output!H7*Output!H79 -> 52313760 | I96: =I8/Output!I7*Output!I79 -> 13708126 | ... BF96: =BF8/Output!BF7*Output!BF79 -> 76133046 | BH96: =SUM(B96:AI96,AK96:AM96,AP96,AR96:AS96,AU96,AW96:BF96)/10^9 -> 103.7041
A97: 2032 | B97: =B9/Output!B8*Output!B80 -> 37861276 | C97: =C9/Output!C8*Output!C80 -> 58792630 | D97: =D9/Output!D8*Output!D80 -> 3.6509245e+09 | E97: =E9/Output!E8*Output!E80 -> 1.3293031e+08 | F97: =F9/Output!F8*Output!F80 -> 3.5783706e+08 | G97: =G9/Output!G8*Output!G80 -> 3.9873419e+08 | H97: =H9/Output!H8*Output!H80 -> 65510589 | I97: =I9/Output!I8*Output!I80 -> 17384499 | ... BF97: =BF9/Output!BF8*Output!BF80 -> 1.0118321e+08 | BH97: =SUM(B97:AI97,AK97:AM97,AP97,AR97:AS97,AU97,AW97:BF97)/10^9 -> 138.71177
A98: 2033 | B98: =B10/Output!B9*Output!B81 -> 48206471 | C98: =C10/Output!C9*Output!C81 -> 74689483 | D98: =D10/Output!D9*Output!D81 -> 4.5061181e+09 | E98: =E10/Output!E9*Output!E81 -> 1.5930974e+08 | F98: =F10/Output!F9*Output!F81 -> 4.4970799e+08 | G98: =G10/Output!G9*Output!G81 -> 4.8129288e+08 | H98: =H10/Output!H9*Output!H81 -> 77772898 | I98: =I10/Output!I9*Output!I81 -> 20918689 | ... BF98: =BF10/Output!BF9*Output!BF81 -> 1.27422e+08 | BH98: =SUM(B98:AI98,AK98:AM98,AP98,AR98:AS98,AU98,AW98:BF98)/10^9 -> 173.94268
A99: 2034 | B99: =B11/Output!B10*Output!B82 -> 59464622 | C99: =C11/Output!C10*Output!C82 -> 91930806 | D99: =D11/Output!D10*Output!D82 -> 5.3420099e+09 | E99: =E11/Output!E10*Output!E82 -> 1.8498536e+08 | F99: =F11/Output!F10*Output!F82 -> 5.4712689e+08 | G99: =G11/Output!G10*Output!G82 -> 5.6239308e+08 | H99: =H11/Output!H10*Output!H82 -> 89531305 | I99: =I11/Output!I10*Output!I82 -> 24428050 | ... BF99: =BF11/Output!BF10*Output!BF82 -> 1.5546035e+08 | BH99: =SUM(B99:AI99,AK99:AM99,AP99,AR99:AS99,AU99,AW99:BF99)/10^9 -> 209.06038
A100: 2035 | B100: =B12/Output!B11*Output!B83 -> 71879035 | C100: =C12/Output!C11*Output!C83 -> 1.108853e+08 | D100: =D12/Output!D11*Output!D83 -> 6.1558408e+09 | E100: =E12/Output!E11*Output!E83 -> 2.1052458e+08 | F100: =F12/Output!F11*Output!F83 -> 6.5184346e+08 | G100: =G12/Output!G11*Output!G83 -> 6.4350946e+08 | H100: =H12/Output!H11*Output!H83 -> 1.0109663e+08 | I100: =I12/Output!I11*Output!I83 -> 28002324 | ... BF100: =BF12/Output!BF11*Output!BF83 -> 1.8580506e+08 | BH100: =SUM(B100:AI100,AK100:AM100,AP100,AR100:AS100,AU100,AW100:BF100)/10^9 -> 243.74784
A102: Carbon Captured (kgCO2) | BH102: Total carbon captured (GtCO2)
A104: 2028 | B104: =B5/Output!B4*Output!B85 -> 0 | C104: =C5/Output!C4*Output!C85 -> 0 | D104: =D5/Output!D4*Output!D85 -> 0 | E104: =E5/Output!E4*Output!E85 -> 0 | F104: =F5/Output!F4*Output!F85 -> 0 | G104: =G5/Output!G4*Output!G85 -> 0 | H104: =H5/Output!H4*Output!H85 -> 0 | I104: =I5/Output!I4*Output!I85 -> 0 | ... BF104: =BF5/Output!BF4*Output!BF85 -> 0 | BH104: =SUM(B104:AI104,AK104:AM104,AP104,AR104:AS104,AU104,AW104:BF104)/10^9 -> 0.35970974
A105: 2029 | B105: =B6/Output!B5*Output!B86 -> 0 | C105: =C6/Output!C5*Output!C86 -> 0 | D105: =D6/Output!D5*Output!D86 -> 0 | E105: =E6/Output!E5*Output!E86 -> 0 | F105: =F6/Output!F5*Output!F86 -> 0 | G105: =G6/Output!G5*Output!G86 -> 0 | H105: =H6/Output!H5*Output!H86 -> 0 | I105: =I6/Output!I5*Output!I86 -> 0 | ... BF105: =BF6/Output!BF5*Output!BF86 -> 0 | BH105: =SUM(B105:AI105,AK105:AM105,AP105,AR105:AS105,AU105,AW105:BF105)/10^9 -> 0.92156494
A106: 2030 | B106: =B7/Output!B6*Output!B87 -> 0 | C106: =C7/Output!C6*Output!C87 -> 0 | D106: =D7/Output!D6*Output!D87 -> 0 | E106: =E7/Output!E6*Output!E87 -> 0 | F106: =F7/Output!F6*Output!F87 -> 0 | G106: =G7/Output!G6*Output!G87 -> 0 | H106: =H7/Output!H6*Output!H87 -> 0 | I106: =I7/Output!I6*Output!I87 -> 0 | ... BF106: =BF7/Output!BF6*Output!BF87 -> 0 | BH106: =SUM(B106:AI106,AK106:AM106,AP106,AR106:AS106,AU106,AW106:BF106)/10^9 -> 1.4323299
A107: 2031 | B107: =B8/Output!B7*Output!B88 -> 0 | C107: =C8/Output!C7*Output!C88 -> 0 | D107: =D8/Output!D7*Output!D88 -> 0 | E107: =E8/Output!E7*Output!E88 -> 0 | F107: =F8/Output!F7*Output!F88 -> 0 | G107: =G8/Output!G7*Output!G88 -> 0 | H107: =H8/Output!H7*Output!H88 -> 0 | I107: =I8/Output!I7*Output!I88 -> 0 | ... BF107: =BF8/Output!BF7*Output!BF88 -> 0 | BH107: =SUM(B107:AI107,AK107:AM107,AP107,AR107:AS107,AU107,AW107:BF107)/10^9 -> 1.9835959
A108: 2032 | B108: =B9/Output!B8*Output!B89 -> 0 | C108: =C9/Output!C8*Output!C89 -> 0 | D108: =D9/Output!D8*Output!D89 -> 0 | E108: =E9/Output!E8*Output!E89 -> 0 | F108: =F9/Output!F8*Output!F89 -> 0 | G108: =G9/Output!G8*Output!G89 -> 0 | H108: =H9/Output!H8*Output!H89 -> 0 | I108: =I9/Output!I8*Output!I89 -> 0 | ... BF108: =BF9/Output!BF8*Output!BF89 -> 0 | BH108: =SUM(B108:AI108,AK108:AM108,AP108,AR108:AS108,AU108,AW108:BF108)/10^9 -> 2.6396123
A109: 2033 | B109: =B10/Output!B9*Output!B90 -> 0 | C109: =C10/Output!C9*Output!C90 -> 0 | D109: =D10/Output!D9*Output!D90 -> 0 | E109: =E10/Output!E9*Output!E90 -> 0 | F109: =F10/Output!F9*Output!F90 -> 0 | G109: =G10/Output!G9*Output!G90 -> 0 | H109: =H10/Output!H9*Output!H90 -> 0 | I109: =I10/Output!I9*Output!I90 -> 0 | ... BF109: =BF10/Output!BF9*Output!BF90 -> 0 | BH109: =SUM(B109:AI109,AK109:AM109,AP109,AR109:AS109,AU109,AW109:BF109)/10^9 -> 3.3076256
A110: 2034 | B110: =B11/Output!B10*Output!B91 -> 0 | C110: =C11/Output!C10*Output!C91 -> 0 | D110: =D11/Output!D10*Output!D91 -> 0 | E110: =E11/Output!E10*Output!E91 -> 0 | F110: =F11/Output!F10*Output!F91 -> 0 | G110: =G11/Output!G10*Output!G91 -> 0 | H110: =H11/Output!H10*Output!H91 -> 0 | I110: =I11/Output!I10*Output!I91 -> 0 | ... BF110: =BF11/Output!BF10*Output!BF91 -> 0 | BH110: =SUM(B110:AI110,AK110:AM110,AP110,AR110:AS110,AU110,AW110:BF110)/10^9 -> 3.9894014
A111: 2035 | B111: =B12/Output!B11*Output!B92 -> 0 | C111: =C12/Output!C11*Output!C92 -> 0 | D111: =D12/Output!D11*Output!D92 -> 0 | E111: =E12/Output!E11*Output!E92 -> 0 | F111: =F12/Output!F11*Output!F92 -> 0 | G111: =G12/Output!G11*Output!G92 -> 0 | H111: =H12/Output!H11*Output!H92 -> 0 | I111: =I12/Output!I11*Output!I92 -> 0 | ... BF111: =BF12/Output!BF11*Output!BF92 -> 0 | BH111: =SUM(B111:AI111,AK111:AM111,AP111,AR111:AS111,AU111,AW111:BF111)/10^9 -> 4.6851337
A113: Solar Power Supplied (kWh) | BH113: Total solar power supplied (TWh)
A115: 2028 | B115: =B5/Output!B4*Output!B94 -> 0 | C115: =C5/Output!C4*Output!C94 -> 17421309 | D115: =D5/Output!D4*Output!D94 -> 3.982354e+08 | E115: =E5/Output!E4*Output!E94 -> 26270225 | F115: =F5/Output!F4*Output!F94 -> 1.1525748e+08 | G115: =G5/Output!G4*Output!G94 -> 32645670 | H115: =H5/Output!H4*Output!H94 -> 0 | I115: =I5/Output!I4*Output!I94 -> 0 | ... BF115: =BF5/Output!BF4*Output!BF94 -> 10648932 | BH115: =SUM(B115:AI115,AK115:AM115,AP115,AR115:AS115,AU115,AW115:BF115)/10^9 -> 21.78716
A116: 2029 | B116: =B6/Output!B5*Output!B95 -> 0 | C116: =C6/Output!C5*Output!C95 -> 52609676 | D116: =D6/Output!D5*Output!D95 -> 1.0629892e+09 | E116: =E6/Output!E5*Output!E95 -> 74322564 | F116: =F6/Output!F5*Output!F95 -> 3.0600195e+08 | G116: =G6/Output!G5*Output!G95 -> 1.0117187e+08 | H116: =H6/Output!H5*Output!H95 -> 0 | I116: =I6/Output!I5*Output!I95 -> 0 | ... BF116: =BF6/Output!BF5*Output!BF95 -> 0 | BH116: =SUM(B116:AI116,AK116:AM116,AP116,AR116:AS116,AU116,AW116:BF116)/10^9 -> 59.157734
A117: 2030 | B117: =B7/Output!B6*Output!B96 -> 0 | C117: =C7/Output!C6*Output!C96 -> 1.0536181e+08 | D117: =D7/Output!D6*Output!D96 -> 1.9507842e+09 | E117: =E7/Output!E6*Output!E96 -> 1.4210072e+08 | F117: =F7/Output!F6*Output!F96 -> 5.5680801e+08 | G117: =G7/Output!G6*Output!G96 -> 2.0646095e+08 | H117: =H7/Output!H6*Output!H96 -> 0 | I117: =I7/Output!I6*Output!I96 -> 0 | ... BF117: =BF7/Output!BF6*Output!BF96 -> 0 | BH117: =SUM(B117:AI117,AK117:AM117,AP117,AR117:AS117,AU117,AW117:BF117)/10^9 -> 110.64711
A118: 2031 | B118: =B8/Output!B7*Output!B97 -> 0 | C118: =C8/Output!C7*Output!C97 -> 1.5037026e+08 | D118: =D8/Output!D7*Output!D97 -> 2.9086894e+09 | E118: =E8/Output!E7*Output!E97 -> 2.0604636e+08 | F118: =F8/Output!F7*Output!F97 -> 8.2400554e+08 | G118: =G8/Output!G7*Output!G97 -> 2.8963845e+08 | H118: =H8/Output!H7*Output!H97 -> 0 | I118: =I8/Output!I7*Output!I97 -> 0 | ... BF118: =BF8/Output!BF7*Output!BF97 -> 0 | BH118: =SUM(B118:AI118,AK118:AM118,AP118,AR118:AS118,AU118,AW118:BF118)/10^9 -> 169.10791
A119: 2032 | B119: =B9/Output!B8*Output!B98 -> 0 | C119: =C9/Output!C8*Output!C98 -> 1.9587901e+08 | D119: =D9/Output!D8*Output!D98 -> 3.8883658e+09 | E119: =E9/Output!E8*Output!E98 -> 2.6793632e+08 | F119: =F9/Output!F8*Output!F98 -> 1.0952619e+09 | G119: =G9/Output!G8*Output!G98 -> 3.6287761e+08 | H119: =H9/Output!H8*Output!H98 -> 0 | I119: =I9/Output!I8*Output!I98 -> 0 | ... BF119: =BF9/Output!BF8*Output!BF98 -> 0 | BH119: =SUM(B119:AI119,AK119:AM119,AP119,AR119:AS119,AU119,AW119:BF119)/10^9 -> 231.41885
A120: 2033 | B120: =B10/Output!B9*Output!B99 -> 0 | C120: =C10/Output!C9*Output!C99 -> 2.4155278e+08 | D120: =D10/Output!D9*Output!D99 -> 4.8895562e+09 | E120: =E10/Output!E9*Output!E99 -> 3.2988315e+08 | F120: =F10/Output!F9*Output!F99 -> 1.3763558e+09 | G120: =G10/Output!G9*Output!G99 -> 4.2825829e+08 | H120: =H10/Output!H9*Output!H99 -> 0 | I120: =I10/Output!I9*Output!I99 -> 0 | ... BF120: =BF10/Output!BF9*Output!BF99 -> 0 | BH120: =SUM(B120:AI120,AK120:AM120,AP120,AR120:AS120,AU120,AW120:BF120)/10^9 -> 297.32286
A121: 2034 | B121: =B11/Output!B10*Output!B100 -> 38179766 | C121: =C11/Output!C10*Output!C100 -> 2.8839343e+08 | D121: =D11/Output!D10*Output!D100 -> 5.9136482e+09 | E121: =E11/Output!E10*Output!E100 -> 3.9328296e+08 | F121: =F11/Output!F10*Output!F100 -> 1.672132e+09 | G121: =G11/Output!G10*Output!G100 -> 4.8653349e+08 | H121: =H11/Output!H10*Output!H100 -> 0 | I121: =I11/Output!I10*Output!I100 -> 0 | ... BF121: =BF11/Output!BF10*Output!BF100 -> 0 | BH121: =SUM(B121:AI121,AK121:AM121,AP121,AR121:AS121,AU121,AW121:BF121)/10^9 -> 366.67147
...

Sheet Peak 2033-Fast-Medium
A1: Country | B1: Austria | C1: Belgium | D1: Australia | E1: Bulgaria | F1: Canada | G1: Czech Republic | H1: Denmark | I1: Finland | J1: France | K1: Germany | L1: Greece | M1: Hungary | N1: Ireland | O1: Italy | P1: Japan | Q1: Latvia | R1: Lithuania | S1: Netherlands | T1: New Zealand | U1: Norway | V1: Poland | W1: Portugal | X1: Romania | Y1: Slovenia | Z1: Spain | AA1: Sweden | AB1: Switzerland | AC1: Turkey | AD1: United Kingdom | AE1: US | AF1: China | AG1: South Korea | AH1: India | AI1: Indonesia | AJ1: Malaysia | AK1: Pakistan | AL1: Philippines | AM1: Singapore | AN1: Taiwan | AO1: Thailand | AP1: Vietnam | AQ1: Iran | AR1: Israel | AS1: Kenya | AT1: Nigeria | AU1: Oman | AV1: Saudi Arabia | AW1: South Africa | AX1: UAE | AY1: Argentina | AZ1: Brazil | BA1: Chile | BB1: Colombia | BC1: Mexico | BD1: Peru | BE1: Russia | BF1: Ukraine
A3: Year
A5: 2028 | B5: 1.0041388e+09 | C5: 1.0255034e+09 | D5: 8.4236583e+09 | E5: 6.4093964e+08 | F5: 3.3198677e+09 | G5: 1.110962e+09 | H5: 1.23915e+09 | I5: 1.6664431e+09 | J5: 5.8325507e+09 | K5: 9.7636471e+09 | L5: 4.2729309e+08 | M5: 4.0592844e+08 | N5: 2.6278525e+09 | O5: 3.8242732e+09 | P5: 5.984375e+09 | Q5: 5.3411636e+08 | R5: 4.0592844e+08 | S5: 4.1020137e+09 | T5: 1.7888077e+09 | U5: 1.5809844e+09 | V5: 1.8800896e+09 | W5: 8.9731549e+08 | X5: 1.2818793e+09 | Y5: 4.4865775e+08 | Z5: 3.6747206e+09 | AA5: 2.2005594e+09 | AB5: 2.4355706e+09 | AC5: 1.7732663e+09 | AD5: 9.4859066e+09 | AE5: 2.0369138e+11 | AF5: 1.0801266e+11 | AG5: 2.7319973e+09 | AH5: 8.618801e+09 | AI5: 4.6183764e+09 | AJ5: 3.5125679e+09 | AK5: 7.155231e+08 | AL5: 8.1309443e+08 | AM5: 2.4392833e+09 | AN5: 7.155231e+08 | AO5: 1.6261889e+09 | AP5: 9.4318954e+08 | AQ5: 1.1583471e+08 | AR5: 3.2433719e+08 | AS5: 2.325919e+08 | AT5: 2.0810855e+08 | AU5: 86876032 | AV5: 2.4904462e+08 | AW5: 6.8553403e+08 | AX5: 3.2433719e+08 | AY5: 1.403254e+08 | AZ5: 7.6353528e+08 | BA5: 2.6414193e+08 | BB5: 1.6508871e+08 | BC5: 7.0711984e+08 | BD5: 61908266 | BE5: 4.6964069e+09 | BF5: 7.9049222e+08
